image,num_candidate_boxes,guidance_coverage
19_left,12,0.015844227746129036
19_right,12,0.027981504797935486
20_left,12,0.02834024280309677
20_right,12,0.036073021590709686
22_left,12,0.025569994002580643
22_right,12,0.05801578611135483
62_left,12,0.047114159911870956
62_right,12,0.026486767455935478
66_left,12,0.027543049305677414
66_right,12,0.019431600347161293
84_left,12,0.017219386994838715
84_right,12,0.015684789046645164
145_left,12,0.036332111805677414
145_right,12,0.020029496401548386
190_left,12,0.018474968150258064
190_right,12,0.04047751799225807
194_left,12,0.030731823295354843
194_right,12,0.030094068497419357
204_left,12,0.020846620202064514
204_right,12,0.014768016524612904
214_left,12,0.00771285081282258
214_right,12,0.009466676972806454
225_left,12,0.02901785634458065
225_right,12,0.048050861805677414
239_left,12,0.0334821417927742
239_right,12,0.04448341950774193
259_left,12,0.03196747601032257
259_right,12,0.03609295189380646
274_left,12,0.020308513194322586
274_right,12,0.016422193497419357
288_left,12,0.01759805530309677
288_right,12,0.038703761994838715
294_left,12,0.03768733888864517
294_right,12,0.04007892310619354
307_left,12,0.029257014393806458
307_right,12,0.03922193869948387
317_left,12,0.03517618030309677
317_right,12,0.033820949494838715
323_left,12,0.016402263194322586
323_right,12,0.019730549305677414
326_left,12,0.023955676704645157
326_right,12,0.02541055530309677
328_left,12,0.01486766617745161
328_right,12,0.022580517455935478
333_left,12,0.013911033049225807
333_right,12,0.03260523080825806
356_left,12,0.01953125
356_right,12,0.016103316098451614
398_left,12,0.026466837152838707
398_right,12,0.011200574226677418
405_left,12,0.019710619002580643
405_right,12,0.04536033049225807
408_left,12,0.027662627398967743
408_right,12,0.01897321455180645
439_left,12,0.01813616044819355
439_right,12,0.03392060101032257
444_left,12,0.012874681502580643
444_right,12,0.03232621029019356
445_left,12,0.045420121401548386
445_right,12,0.01207748707383871
448_left,12,0.02104591764509678
448_right,12,0.017657844349741936
483_left,12,0.0255301333963871
483_right,12,0.03609295189380646
531_left,12,0.03043287619948387
531_right,12,0.01955118030309677
557_left,12,0.019730549305677414
557_right,12,0.016561701893806458
563_left,12,0.031449299305677414
563_right,12,0.018076371401548386
596_left,12,0.02750318869948387
596_right,12,0.02568957209587097
604_left,12,0.017617985606193542
604_right,12,0.015445630997419357
615_left,12,0.011140784248709679
615_right,12,0.0372488833963871
642_left,12,0.027024872601032257
642_right,12,0.021603954955935478
645_left,12,0.025849010795354843
645_right,12,0.017059948295354843
660_left,12,0.01801658235490322
660_right,12,0.029536033049225807
670_left,12,0.012515943497419357
670_right,12,0.026167888194322586
673_left,12,0.0341796875
673_right,12,0.029097575694322586
686_left,12,0.004942602012306452
686_right,12,0.02875876985490322
703_left,12,0.015146683901548386
703_right,12,0.014628507196903229
723_left,12,0.03011399880051613
723_right,12,0.023915816098451614
731_left,12,0.013073979876935482
731_right,12,0.034658003598451614
732_left,12,0.021663744002580643
732_right,12,0.04203204810619354
766_left,12,0.007234534248709679
766_right,12,0.014827806502580643
773_left,12,0.04278938099741936
773_right,12,0.032286353409290314
800_left,12,0.028519611805677414
800_right,12,0.0470145083963871
803_left,12,0.03067203424870968
803_right,12,0.014469068497419357
812_left,12,0.03497688099741936
812_right,12,0.045679207891225815
820_left,12,0.015983738005161285
820_right,12,0.02861925959587097
842_left,12,0.011778539977967739
842_right,12,0.008191167376935482
844_left,12,0.016840720549225807
844_right,12,0.021165497601032257
862_left,12,0.012874681502580643
862_right,12,0.012794962152838707
878_left,12,0.04215162619948387
878_right,12,0.010602678172290325
886_left,12,0.03708944469690323
886_right,12,0.026128029450774193
909_left,12,0.021384725347161293
909_right,12,0.05317283049225807
921_left,12,0.0263671875
921_right,12,0.029237085953354836
931_left,12,0.020846620202064514
931_right,12,0.02499202825129032
943_left,12,0.024593431502580643
943_right,12,0.025071747601032257
968_left,12,0.028439892455935478
968_right,12,0.009068080224096775
977_left,12,0.04587850719690323
977_right,12,0.017498405650258064
986_left,12,0.019411670044064522
986_right,12,0.01741868630051613
1012_left,12,0.02457350119948387
1012_right,12,0.01759805530309677
1021_left,12,0.00956632662564516
1021_right,12,0.02596859075129032
1035_left,12,0.018036510795354843
1035_right,12,0.03176817670464516
1044_left,12,0.04392538219690323
1044_right,12,0.013811384327709675
1055_left,12,0.018933353945612907
1055_right,12,0.029815051704645157
1057_left,12,0.02578922174870968
1057_right,12,0.02620774880051613
1070_left,12,0.011798469349741936
1070_right,12,0.03866390138864517
1098_left,12,0.030512595549225807
1098_right,12,0.040656886994838715
1140_left,12,0.02108577825129032
1140_right,12,0.01927216164767742
1145_left,12,0.03694993630051613
1145_right,12,0.038723692297935486
1177_left,12,0.012216996401548386
1177_right,12,0.015246332623064518
1179_left,12,0.021982621401548386
1179_right,12,0.0336216501891613
1212_left,12,0.02620774880051613
1212_right,12,0.01526626292616129
1226_left,12,0.011320153251290321
1226_right,12,0.010363520123064518
1242_left,12,0.02499202825129032
1242_right,12,0.04055723920464516
1269_left,12,0.029635682702064514
1269_right,12,0.028140943497419357
1318_left,12,0.027662627398967743
1318_right,12,0.01857461780309677
1350_left,12,0.026327326893806458
1350_right,12,0.012097417376935482
1363_left,12,0.0185546875
1363_right,12,0.01797672174870968
1388_left,12,0.047632332891225815
1388_right,12,0.03192761540412903
1393_left,12,0.016721142455935478
1393_right,12,0.015744579955935478
1432_left,12,0.030054209753870964
1432_right,12,0.036910075694322586
1444_left,12,0.03232621029019356
1444_right,12,0.021603954955935478
1454_left,12,0.017239317297935486
1454_right,12,0.029336735606193542
1487_left,12,0.03360172361135483
1487_right,12,0.017677774652838707
1495_left,12,0.028778698295354843
1495_right,12,0.027702488005161285
1496_left,12,0.024892378598451614
1496_right,12,0.00900829117745161
1499_left,7,0.00817123707383871
1499_right,12,0.009327168576419353
1500_left,12,0.015585140325129032
1500_right,12,0.0386439748108387
1513_left,12,0.04322783648967743
1513_right,12,0.023676658049225807
1516_left,12,0.01422991044819355
1516_right,12,0.013532365672290325
1550_left,12,0.018654337152838707
1550_right,12,0.0301339291036129
1579_left,12,0.026705995202064514
1579_right,12,0.011758609674870968
1586_left,12,0.029635682702064514
1586_right,12,0.03402024880051613
1609_left,12,0.026586415246129036
1609_right,12,0.01130022294819355
1614_left,12,0.01785714365541935
1614_right,12,0.017777424305677414
1634_left,12,0.026327326893806458
1634_right,12,0.027124522253870964
1669_left,12,0.03433912619948387
1669_right,12,0.01925223134458065
1673_left,12,0.027841996401548386
1673_right,12,0.015027104876935482
1689_left,12,0.0193917416036129
1689_right,12,0.013153699226677418
1736_left,12,0.019471460953354836
1736_right,12,0.013671875
1751_left,12,0.021982621401548386
1751_right,12,0.02690529264509678
1765_left,12,0.031748246401548386
1765_right,12,0.018913425505161285
1839_left,12,0.045121174305677414
1839_right,12,0.03740832209587097
1869_left,12,0.021025989204645157
1869_right,12,0.020587531849741936
1889_left,12,0.009267378598451614
1889_right,12,0.010403379797935486
1910_left,12,0.022919323295354843
1910_right,12,0.011340082623064518
1914_left,12,0.03511638939380646
1914_right,12,0.032306283712387085
1916_left,12,0.01715959794819355
1916_right,12,0.026267537847161293
1947_left,12,0.026965083554387093
1947_right,12,0.03513631969690323
1967_left,12,0.04474250599741936
1967_right,12,0.025310905650258064
2078_left,12,0.013751594349741936
2078_right,12,0.054049745202064514
2094_left,12,0.039421238005161285
2094_right,12,0.0320870541036129
2106_left,12,0.012735172174870968
2106_right,12,0.026845503598451614
2133_left,12,0.022520726546645164
2133_right,12,0.021544164046645164
2144_left,12,0.030074138194322586
2144_right,12,0.019571110606193542
2157_left,12,0.038006216287612915
2157_right,12,0.010224011726677418
2163_left,12,0.014947385527193546
2163_right,12,0.012655452825129032
2188_left,12,0.047512754797935486
2188_right,12,0.030393017455935478
2222_left,12,0.016840720549225807
2222_right,12,0.03726881369948387
2243_left,12,0.028539540246129036
2243_right,12,0.018873564898967743
2286_left,12,0.033282846212387085
2286_right,12,0.02216199040412903
2290_left,12,0.024593431502580643
2290_right,12,0.021305005997419357
2296_left,12,0.03643175959587097
2296_right,12,0.024752870202064514
2323_left,12,0.019870057702064514
2323_right,12,0.026686064898967743
2334_left,12,0.025988521054387093
2334_right,12,0.0415736623108387
2337_left,12,0.03232621029019356
2337_right,12,0.0302734375
2339_left,12,0.02275988459587097
2339_right,12,0.015166613273322582
2358_left,12,0.02706473134458065
2358_right,12,0.017757494002580643
2361_left,12,0.008211096748709679
2361_right,12,0.020986128598451614
2363_left,12,0.025908801704645157
2363_right,12,0.03338249400258064
2379_left,12,0.01895328424870968
2379_right,12,0.016820790246129036
2399_left,12,0.026705995202064514
2399_right,12,0.019909916445612907
2436_left,12,0.030871333554387093
2436_right,12,0.014269770123064518
2447_left,12,0.04348692670464516
2447_right,12,0.00837053544819355
2458_left,12,0.035076528787612915
2458_right,12,0.014329560101032257
2503_left,12,0.01895328424870968
2503_right,12,0.018375318497419357
2508_left,12,0.01857461780309677
2508_right,12,0.022799745202064514
2515_left,12,0.03740832209587097
2515_right,12,0.010004783049225807
2529_left,12,0.039959341287612915
2529_right,12,0.07069116830825806
2530_left,12,0.020866550505161285
2530_right,12,0.017239317297935486
2541_left,12,0.05038265138864517
2541_right,12,0.04328762739896774
2544_left,12,0.0157645083963871
2544_right,12,0.019989635795354843
2561_left,12,0.028001435101032257
2561_right,12,0.01389110367745161
2566_left,12,0.009028220549225807
2566_right,12,0.028280451893806458
2599_left,12,0.023337850347161293
2599_right,12,0.019351880997419357
2623_left,12,0.01484773587435484
2623_right,12,0.039700254797935486
2630_left,12,0.04015864059329033
2630_right,12,0.032007332891225815
2633_left,12,0.015943877398967743
2633_right,12,0.01801658235490322
2643_left,12,0.019172511994838715
2643_right,12,0.014827806502580643
2666_left,12,0.019630899652838707
2666_right,12,0.029755260795354843
2670_left,12,0.05052216351032257
2670_right,12,0.01895328424870968
2677_left,12,0.0184151791036129
2677_right,12,0.021843113005161285
2702_left,12,0.01881377585232258
2702_right,12,0.030193718150258064
2729_left,12,0.0470145083963871
2729_right,12,0.0358537957072258
2734_left,12,0.04864875599741936
2734_right,12,0.028499681502580643
2756_left,12,0.03651148080825806
2756_right,12,0.03136957809329033
2814_left,12,0.03276466950774193
2814_right,12,0.034956950694322586
2824_left,12,0.028559470549225807
2824_right,12,0.0325055792927742
2838_left,12,0.020826689898967743
2838_right,12,0.0485491082072258
2844_left,12,0.03804607689380646
2844_right,12,0.018734056502580643
2869_left,12,0.020547673106193542
2869_right,12,0.02262037619948387
2872_left,12,0.01885363459587097
2872_right,12,0.0368303582072258
2877_left,12,0.025749363005161285
2877_right,12,0.035355549305677414
2881_left,12,0.008948501199483871
2881_right,12,0.015963807702064514
2887_left,12,0.031070630997419357
2887_right,12,0.02634725719690323
2888_left,12,0.006238041911274195
2888_right,12,0.018594548106193542
2910_left,12,0.02802136540412903
2910_right,12,0.01981026865541935
2952_left,12,0.0319475457072258
2952_right,12,0.02188297174870968
2962_left,12,0.019750477746129036
2962_right,12,0.026745853945612907
2966_left,12,0.017259247601032257
2966_right,12,0.02861925959587097
2992_left,12,0.042350925505161285
2992_right,12,0.023058833554387093
3022_left,12,0.032963965088129044
3022_right,12,0.016561701893806458
3026_left,12,0.019610969349741936
3026_right,12,0.01951131969690323
3064_left,12,0.02034837380051613
3064_right,12,0.04803093150258064
3070_left,12,0.024493781849741936
3070_right,12,0.03350207209587097
3072_left,12,0.04801100119948387
3072_right,12,0.023198341950774193
3076_left,12,0.010263871401548386
3076_right,12,0.02220184914767742
3082_left,12,0.023537149652838707
3082_right,12,0.0262276791036129
3088_left,12,0.043865591287612915
3088_right,12,0.01799665205180645
3100_left,12,0.01630261540412903
3100_right,12,0.019072864204645157
3121_left,12,0.0471540167927742
3121_right,12,0.030791614204645157
3139_left,12,0.01704001985490322
3139_right,12,0.02345743030309677
3148_left,12,0.01704001985490322
3148_right,12,0.024075254797935486
3149_left,12,0.023935746401548386
3149_right,12,0.03950095549225807
3167_left,12,0.015465561300516129
3167_right,12,0.021584024652838707
3189_left,12,0.0185546875
3189_right,12,0.0359933041036129
3224_left,12,0.03944116830825806
3224_right,12,0.023317920044064522
3280_left,12,0.018773915246129036
3280_right,12,0.038823340088129044
3296_left,12,0.01881377585232258
3296_right,12,0.03109056130051613
3319_left,12,0.01442920882254839
3319_right,12,0.017637914046645164
3358_left,12,0.013034120202064514
3358_right,12,0.024075254797935486
3393_left,12,0.016242824494838715
3393_right,12,0.015385841950774193
3413_left,9,0.03722895309329033
3413_right,12,0.018335459753870964
3496_left,12,0.025569994002580643
3496_right,12,0.04127471148967743
3520_left,12,0.010722257196903229
3520_right,12,0.04364636540412903
3562_left,12,0.025310905650258064
3562_right,12,0.044682715088129044
3575_left,12,0.03531568869948387
3575_right,12,0.015864158049225807
3600_left,12,0.01981026865541935
3600_right,12,0.019650829955935478
3639_left,12,0.02383609674870968
3639_right,12,0.01983019709587097
3650_left,12,0.022082271054387093
3650_right,12,0.011898119002580643
3651_left,12,0.024653220549225807
3651_right,12,0.011399872601032257
3671_left,12,0.032306283712387085
3671_right,12,0.008928571827709675
3682_left,12,0.02471300959587097
3682_right,12,0.0322265625
3697_left,12,0.032007332891225815
3697_right,12,0.02788185514509678
3740_left,12,0.027124522253870964
3740_right,12,0.024374201893806458
3752_left,12,0.015744579955935478
3752_right,12,0.0386439748108387
3754_left,12,0.03071189485490322
3754_right,12,0.052535075694322586
3758_left,12,0.022640306502580643
3758_right,12,0.017897002398967743
3767_left,12,0.01969068869948387
3767_right,12,0.04382573440670967
3769_left,12,0.03392060101032257
3769_right,12,0.014130261726677418
3812_left,12,0.009905134327709675
3812_right,12,0.030731823295354843
3866_left,12,0.03011399880051613
3866_right,12,0.030094068497419357
3873_left,12,0.020308513194322586
3873_right,12,0.013532365672290325
3889_left,12,0.025011958554387093
3889_right,12,0.03210698440670967
3895_left,12,0.019909916445612907
3895_right,12,0.035375479608774185
3896_left,12,0.026327326893806458
3896_right,12,0.018195949494838715
3908_left,12,0.044144611805677414
3908_right,12,0.018355388194322586
3932_left,12,0.023198341950774193
3932_right,12,0.010243941098451614
3960_left,12,0.02345743030309677
3960_right,12,0.02178332209587097
3993_left,12,0.009187659248709679
3993_right,12,0.020727040246129036
4003_left,12,0.0213448666036129
4003_right,12,0.009845344349741936
4005_left,12,0.036750636994838715
4005_right,12,0.014568718150258064
4049_left,12,0.02859933115541935
4049_right,12,0.026686064898967743
4058_left,12,0.030911192297935486
4058_right,12,0.03728874400258064
4060_left,12,0.016501912847161293
4060_right,12,0.011379942297935486
4069_left,12,0.016701212152838707
4069_right,12,0.01207748707383871
4077_left,12,0.04049744829535484
4077_right,12,0.038325097411870956
4086_left,12,0.03415975719690323
4086_right,12,0.01729910634458065
4095_left,12,0.010642537847161293
4095_right,12,0.04147401079535484
4123_left,12,0.037607621401548386
4123_right,12,0.046137597411870956
4129_left,12,0.03123006969690323
4129_right,12,0.01937181130051613
4140_left,12,0.037328604608774185
4140_right,12,0.039540816098451614
4158_left,12,0.022979114204645157
4158_right,12,0.03386081010103226
4181_left,12,0.010084502398967743
4181_right,12,0.012715242803096771
4184_left,12,0.0505022332072258
4184_right,12,0.07788584381341934
4244_left,12,0.021843113005161285
4244_right,12,0.014469068497419357
4249_left,12,0.02132493630051613
4249_right,12,0.028977997601032257
4257_left,12,0.06407445669174194
4257_right,12,0.018913425505161285
4289_left,12,0.03302375599741936
4289_right,12,0.02578922174870968
4364_left,12,0.03888313099741936
4364_right,12,0.029057716950774193
4366_left,12,0.0319475457072258
4366_right,12,0.03364158049225807
4367_left,12,0.03268494829535484
4367_right,12,0.01616310514509678
4375_left,12,0.007892219349741936
4375_right,12,0.008490114472806454
4380_left,12,0.03125
4380_right,12,0.015345982275903225
4381_left,12,0.028918208554387093
4381_right,12,0.01883370615541935
4391_left,12,0.01658163219690323
4391_right,12,0.01996970735490322
4400_left,12,0.021305005997419357
4400_right,12,0.023477360606193542
4484_left,12,0.029655613005161285
4484_right,12,0.04454320669174194
4508_left,12,0.053651146590709686
4508_right,12,0.03212691470980644
4526_left,12,0.020627392455935478
4526_right,12,0.01690050959587097
4567_left,12,0.012655452825129032
4567_right,12,0.05207668989896774
4568_left,12,0.01227678544819355
4568_right,12,0.014010682702064514
4571_left,12,0.014748087152838707
4571_right,12,0.009327168576419353
4581_left,12,0.013193558901548386
4581_right,12,0.023656727746129036
4599_left,12,0.029755260795354843
4599_right,12,0.029934629797935486
4604_left,12,0.04384566470980644
4604_right,12,0.035495057702064514
4624_left,12,0.023238200694322586
4624_right,12,0.033003825694322586
4657_left,12,0.0330636166036129
4657_right,12,0.03854432329535484
4658_left,12,0.02885841764509678
4658_right,12,0.03419961780309677
4659_left,12,0.035654496401548386
4659_right,12,0.02859933115541935
4695_left,12,0.008290816098451614
4695_right,12,0.019192442297935486
4740_left,12,0.032724808901548386
4740_right,12,0.025729432702064514
4755_left,12,0.009446747601032257
4755_right,12,0.012037627398967743
4757_left,12,0.03567442670464516
4757_right,12,0.03447863459587097
4769_left,12,0.019909916445612907
4769_right,12,0.023796238005161285
4780_left,12,0.05135921388864517
4780_right,12,0.0397600457072258
4804_left,12,0.0325055792927742
4804_right,12,0.021145567297935486
4856_left,12,0.012994260527193546
4856_right,12,0.027004942297935486
4869_left,12,0.013731664977967739
4869_right,12,0.024493781849741936
4884_left,12,0.008490114472806454
4884_right,12,0.030213648453354836
4903_left,12,0.03310347720980644
4903_right,12,0.014927455224096775
4931_left,12,0.020129146054387093
4931_right,12,0.03069196455180645
4951_left,12,0.021145567297935486
4951_right,12,0.037348534911870956
4967_left,12,0.026327326893806458
4967_right,12,0.010861766524612904
4972_left,12,0.01913265325129032
4972_right,12,0.022082271054387093
4987_left,12,0.02736368030309677
4987_right,12,0.035096459090709686
4998_left,12,0.024453923106193542
4998_right,12,0.033681441098451614
5009_left,12,0.03840481489896774
5009_right,12,0.027463329955935478
5018_left,12,0.027662627398967743
5018_right,12,0.008350606076419353
5039_left,12,0.027841996401548386
5039_right,12,0.016222896054387093
5047_left,12,0.027383610606193542
5047_right,12,0.01937181130051613
5063_left,12,0.017578125
5063_right,12,0.04713408648967743
5096_left,12,0.036750636994838715
5096_right,12,0.018056441098451614
5112_left,12,0.0205078125
5112_right,12,0.025350764393806458
5140_left,12,0.015146683901548386
5140_right,12,0.015326051972806454
5149_left,12,0.022779814898967743
5149_right,12,0.01526626292616129
5153_left,12,0.028360173106193542
5153_right,12,0.022002551704645157
5156_left,12,0.025350764393806458
5156_right,12,0.02788185514509678
5185_left,12,0.01955118030309677
5185_right,12,0.014608577825129032
5200_left,12,0.014309629797935486
5200_right,12,0.03226642310619354
5205_left,12,0.017259247601032257
5205_right,12,0.02174346335232258
5250_left,12,0.013333067297935486
5250_right,12,0.04852917790412903
5255_left,12,0.04057716950774193
5255_right,12,0.02092633955180645
5257_left,12,0.013333067297935486
5257_right,12,0.01741868630051613
5274_left,12,0.03485730290412903
5274_right,12,0.019870057702064514
5275_left,12,0.019212372601032257
5275_right,12,0.014010682702064514
5284_left,12,0.018474968150258064
5284_right,12,0.041772957891225815
5305_left,12,0.011459661647677422
5305_right,12,0.022221779450774193
5315_left,12,0.022241709753870964
5315_right,12,0.014369419775903225
5346_left,12,0.04181281849741936
5346_right,12,0.041214924305677414
5368_left,12,0.032963965088129044
5368_right,12,0.02052774280309677
5383_left,12,0.01422991044819355
5383_right,12,0.030153857544064522
5387_left,12,0.02052774280309677
5387_right,12,0.03714923560619354
5391_left,12,0.04336734861135483
5391_right,12,0.0336216501891613
5410_left,12,0.015365911647677422
5410_right,12,0.017897002398967743
5421_left,12,0.018933353945612907
5421_right,12,0.02471300959587097
5430_left,12,0.020288584753870964
5430_right,12,0.012934470549225807
5441_left,12,0.027104591950774193
5441_right,12,0.018494898453354836
5454_left,12,0.030891261994838715
5454_right,12,0.012037627398967743
5465_left,12,0.019013073295354843
5465_right,12,0.02204241044819355
5471_left,12,0.018893495202064514
5471_right,12,0.0471540167927742
5488_left,12,0.023756377398967743
5488_right,12,0.02218191884458065
5496_left,12,0.01717952825129032
5496_right,12,0.025171397253870964
5500_left,12,0.01422991044819355
5500_right,12,0.019889988005161285
5514_left,12,0.021843113005161285
5514_right,12,0.030452806502580643
5515_left,12,0.02076690085232258
5515_right,12,0.03386081010103226
5521_left,12,0.04619738459587097
5521_right,12,0.012416294775903225
5537_left,12,0.02122528664767742
5537_right,12,0.032007332891225815
5540_left,12,0.049027424305677414
5540_right,12,0.019730549305677414
5542_left,12,0.025171397253870964
5542_right,12,0.014588647522032261
5558_left,12,0.026048310101032257
5558_right,12,0.01951131969690323
5579_left,12,0.029257014393806458
5579_right,12,0.01620296575129032
5581_left,12,0.023377710953354836
5581_right,12,0.017817283049225807
5606_left,12,0.024772800505161285
5606_right,12,0.0177176333963871
5610_left,12,0.013731664977967739
5610_right,12,0.0392020083963871
5623_left,12,0.008769132196903229
5623_right,12,0.009426817297935486
5626_left,12,0.024314412847161293
5626_right,12,0.02022879384458065
5632_left,12,0.028200732544064522
5632_right,12,0.01644212380051613
5650_left,12,0.00996492337435484
5650_right,12,0.027124522253870964
5659_left,12,0.014130261726677418
5659_right,12,0.024513712152838707
5685_left,12,0.009426817297935486
5685_right,12,0.0535714291036129
5692_left,12,0.01616310514509678
5692_right,12,0.015166613273322582
5695_left,12,0.020607462152838707
5695_right,12,0.02592873014509678
5708_left,12,0.02955596335232258
5708_right,12,0.030213648453354836
5720_left,12,0.01937181130051613
5720_right,12,0.032585300505161285
5728_left,12,0.011539380997419357
5728_right,12,0.0736607164144516
5758_left,12,0.027303889393806458
5758_right,12,0.012974330224096775
5759_left,12,0.024473851546645164
5759_right,12,0.01618303544819355
5769_left,12,0.03449856489896774
5769_right,12,0.03358179330825806
5778_left,12,0.0443638376891613
5778_right,12,0.050302933901548386
5789_left,12,0.0193917416036129
5789_right,12,0.032007332891225815
5790_left,12,0.050701528787612915
5790_right,12,0.015684789046645164
5793_left,12,0.023258130997419357
5793_right,12,0.04518096148967743
5803_left,12,0.023078761994838715
5803_right,12,0.0319475457072258
5817_left,12,0.028101084753870964
5817_right,12,0.026546556502580643
5842_left,12,0.01759805530309677
5842_right,12,0.022520726546645164
5853_left,12,0.027523119002580643
5853_right,12,0.037727199494838715
5869_left,12,0.040397800505161285
5869_right,12,0.029815051704645157
5891_left,12,0.014887595549225807
5891_right,12,0.024473851546645164
5902_left,12,0.03338249400258064
5902_right,12,0.018435107544064522
5924_left,12,0.014488998800516129
5924_right,12,0.019989635795354843
5944_left,12,0.0368303582072258
5944_right,12,0.02287946455180645
5947_left,12,0.016661351546645164
5947_right,12,0.023058833554387093
5949_left,12,0.06293845921754837
5949_right,12,0.03304368630051613
5962_left,12,0.020707111805677414
5962_right,12,0.02638711780309677
5992_left,12,0.01249601412564516
5992_right,12,0.025390625
5995_left,12,0.021703602746129036
5995_right,12,0.017478475347161293
6005_left,12,0.017099808901548386
6005_right,12,0.03168845549225807
6010_left,12,0.032565370202064514
6010_right,12,0.03029336780309677
6024_left,12,0.04005899280309677
6024_right,12,0.021663744002580643
6065_left,12,0.05185746029019356
6065_right,12,0.025290975347161293
6067_left,12,0.02680564485490322
6067_right,12,0.029496174305677414
6079_left,12,0.04490194469690323
6079_right,12,0.03645168989896774
6080_left,12,0.016143176704645157
6080_right,12,0.021125636994838715
6088_left,12,0.020308513194322586
6088_right,12,0.024294482544064522
6095_left,12,0.04683513939380646
6095_right,12,0.035495057702064514
6096_left,12,0.022660236805677414
6096_right,12,0.021663744002580643
6127_left,12,0.024055324494838715
6127_right,12,0.029615752398967743
6139_left,12,0.031608738005161285
6139_right,12,0.027981504797935486
6207_left,12,0.05610251799225807
6207_right,12,0.046396683901548386
6234_left,12,0.01409040205180645
6234_right,12,0.02592873014509678
6261_left,12,0.01690050959587097
6261_right,12,0.03154894709587097
6272_left,12,0.02401546575129032
6272_right,12,0.022401148453354836
6273_left,12,0.03561463579535484
6273_right,12,0.02080675959587097
6311_left,12,0.023357780650258064
6311_right,12,0.03083147294819355
6360_left,12,0.022241709753870964
6360_right,12,0.01700015924870968
6364_left,12,0.04508131369948387
6364_right,12,0.010762117803096771
6367_left,12,0.012037627398967743
6367_right,12,0.010363520123064518
6374_left,12,0.03639189898967743
6374_right,12,0.022221779450774193
6378_left,12,0.021823182702064514
6378_right,12,0.014768016524612904
6389_left,12,0.0369698666036129
6389_right,12,0.027283960953354836
6407_left,12,0.03874362260103226
6407_right,12,0.05062181130051613
6417_left,12,0.026686064898967743
6417_right,12,0.023517219349741936
6429_left,12,0.050003986805677414
6429_right,12,0.038006216287612915
6490_left,12,0.053950097411870956
6490_right,12,0.01713966764509678
6498_left,12,0.02132493630051613
6498_right,12,0.05090082809329033
6519_left,12,0.018076371401548386
6519_right,12,0.01783721335232258
6544_left,12,0.03726881369948387
6544_right,12,0.023676658049225807
6567_left,12,0.016940370202064514
6567_right,12,0.030592314898967743
6569_left,12,0.01923230290412903
6569_right,12,0.014668367803096771
6596_left,12,0.016701212152838707
6596_right,12,0.03364158049225807
6624_left,12,0.012655452825129032
6624_right,12,0.014309629797935486
6653_left,12,0.030193718150258064
6653_right,12,0.02857940085232258
6671_left,12,0.026486767455935478
6671_right,12,0.028499681502580643
6684_left,12,0.006955516524612904
6684_right,12,0.014329560101032257
6701_left,12,0.02662627585232258
6701_right,12,0.026705995202064514
6705_left,12,0.025310905650258064
6705_right,12,0.02485251985490322
6729_left,12,0.015126753598451614
6729_right,12,0.02483258955180645
6730_left,12,0.011658960022032261
6730_right,12,0.018195949494838715
6734_left,12,0.0551060251891613
6734_right,12,0.020268654450774193
6736_left,12,0.02704480290412903
6736_right,12,0.04007892310619354
6740_left,12,0.037747129797935486
6740_right,12,0.015963807702064514
6744_left,12,0.027822066098451614
6744_right,12,0.011898119002580643
6795_left,12,0.018235810101032257
6795_right,12,0.03475765138864517
6822_left,12,0.014528858475387096
6822_right,12,0.03449856489896774
6827_left,12,0.014728156849741936
6827_right,12,0.012595662847161293
6837_left,12,0.019192442297935486
6837_right,12,0.02164381369948387
6839_left,12,0.04992426559329033
6839_right,12,0.021524235606193542
6849_left,12,0.020547673106193542
6849_right,12,0.03352200239896774
6854_left,12,0.024792728945612907
6854_right,12,0.01994977705180645
6857_left,12,0.028081154450774193
6857_right,12,0.027802135795354843
6875_left,12,0.01305404957383871
6875_right,12,0.041254784911870956
6888_left,12,0.025629783049225807
6888_right,12,0.007553412113338709
6901_left,12,0.020866550505161285
6901_right,12,0.013193558901548386
6920_left,12,0.03679049760103226
6920_right,12,0.04446348920464516
6947_left,12,0.031469229608774185
6947_right,12,0.027722416445612907
6958_left,12,0.03469786420464516
6958_right,12,0.028698978945612907
6986_left,12,0.036611128598451614
6986_right,12,0.022700095549225807
7009_left,12,0.016123246401548386
7009_right,12,0.019909916445612907
7022_left,12,0.015146683901548386
7022_right,12,0.012376435101032257
7024_left,12,0.022381218150258064
7024_right,12,0.017956791445612907
7032_left,12,0.022520726546645164
7032_right,12,0.03240593150258064
7035_left,12,0.03330277279019356
7035_right,12,0.0291573666036129
7092_left,12,0.005002391524612904
7092_right,12,0.02108577825129032
7107_left,12,0.03629225119948387
7107_right,12,0.024374201893806458
7137_left,12,0.023517219349741936
7137_right,12,0.019052933901548386
7139_left,12,0.02983498014509678
7139_right,12,0.028798628598451614
7142_left,12,0.01409040205180645
7142_right,12,0.030652103945612907
7144_left,12,0.02483258955180645
7144_right,12,0.010064573027193546
7151_left,12,0.030512595549225807
7151_right,12,0.010044642724096775
7162_left,12,0.017099808901548386
7162_right,12,0.01909279264509678
7167_left,12,0.014668367803096771
7167_right,12,0.03162866830825806
7169_left,12,0.017657844349741936
7169_right,12,0.014728156849741936
7173_left,12,0.023218272253870964
7173_right,12,0.028938136994838715
7182_left,12,0.028639189898967743
7182_right,12,0.03764748200774193
7198_left,12,0.034119896590709686
7198_right,12,0.029795121401548386
7200_left,12,0.02315848134458065
7200_right,12,0.031070630997419357
7201_left,12,0.014469068497419357
7201_right,12,0.015086893923580647
7205_left,12,0.030054209753870964
7205_right,12,0.03210698440670967
7214_left,12,0.014748087152838707
7214_right,12,0.02090640924870968
7238_left,12,0.012954400852322578
7238_right,12,0.04962531849741936
7263_left,12,0.015286192297935486
7263_right,12,0.021145567297935486
7280_left,12,0.014209981076419353
7280_right,12,0.01325334794819355
7311_left,12,0.012635522522032261
7311_right,12,0.03762755170464516
7314_left,12,0.0411551333963871
7314_right,12,0.026247607544064522
7326_left,12,0.027124522253870964
7326_right,12,0.01996970735490322
7335_left,12,0.032146841287612915
7335_right,12,0.027841996401548386
7363_left,12,0.02999441884458065
7363_right,12,0.01702008955180645
7397_left,12,0.024892378598451614
7397_right,12,0.018435107544064522
7403_left,12,0.023118622601032257
7403_right,12,0.01191804837435484
7410_left,12,0.017797352746129036
7410_right,12,0.022002551704645157
7415_left,12,0.01686065085232258
7415_right,12,0.02680564485490322
7461_left,12,0.04113520309329033
7461_right,12,0.025510204955935478
7505_left,12,0.034518495202064514
7505_right,12,0.022401148453354836
7515_left,12,0.038843270391225815
7515_right,12,0.0320870541036129
7555_left,12,0.03081154264509678
7555_right,12,0.025271045044064522
7558_left,12,0.026307398453354836
7558_right,12,0.02413504384458065
7563_left,12,0.04043766111135483
7563_right,12,0.01825574040412903
7568_left,12,0.02568957209587097
7568_right,12,0.01387117337435484
7586_left,12,0.011977838352322578
7586_right,12,0.005799585487693548
7650_left,12,0.045161034911870956
7650_right,12,0.026606345549225807
7665_left,12,0.018873564898967743
7665_right,12,0.029815051704645157
7667_left,12,0.029675541445612907
7667_right,12,0.03266501799225807
7668_left,12,0.020408162847161293
7668_right,12,0.01853475719690323
7676_left,12,0.029536033049225807
7676_right,12,0.01207748707383871
7677_left,12,0.018494898453354836
7677_right,7,0.009646045975387096
7701_left,12,0.02202248014509678
7701_right,12,0.023198341950774193
7736_left,12,0.012316645123064518
7736_right,12,0.015106824226677418
7757_left,12,0.040816325694322586
7757_right,12,0.03597337380051613
7776_left,12,0.03643175959587097
7776_right,12,0.01913265325129032
7797_left,12,0.03555484861135483
7797_right,12,0.025510204955935478
7800_left,12,0.03609295189380646
7800_right,12,0.02317841164767742
7807_left,12,0.0304129458963871
7807_right,12,0.03461814299225807
7828_left,12,0.014070471748709679
7828_right,12,0.03694993630051613
7829_left,12,0.02762276865541935
7829_right,12,0.029097575694322586
7842_left,12,0.038006216287612915
7842_right,12,0.015824299305677414
7853_left,12,0.026048310101032257
7853_right,12,0.018594548106193542
7859_left,12,0.035654496401548386
7859_right,12,0.051139988005161285
7875_left,12,0.011957908049225807
7875_right,12,0.013970823027193546
7922_left,12,0.0524553582072258
7922_right,12,0.03134964779019356
7929_left,12,0.014349489472806454
7929_right,12,0.01717952825129032
7947_left,12,0.030472736805677414
7947_right,12,0.03413982689380646
7982_left,12,0.03109056130051613
7982_right,12,0.0291573666036129
7985_left,12,0.01981026865541935
7985_right,12,0.03252550959587097
8007_left,12,0.048748403787612915
8007_right,12,0.008828922174870968
8014_left,12,0.013073979876935482
8014_right,12,0.02317841164767742
8028_left,12,0.025908801704645157
8028_right,12,0.029635682702064514
8043_left,12,0.016123246401548386
8043_right,12,0.010303731076419353
8067_left,12,0.022082271054387093
8067_right,12,0.01658163219690323
8074_left,12,0.03820551559329033
8074_right,12,0.03770726919174194
8121_left,12,0.01853475719690323
8121_right,12,0.012177136726677418
8129_left,12,0.013651944696903229
8129_right,12,0.01773756369948387
8132_left,12,0.038444675505161285
8132_right,12,0.01981026865541935
8134_left,12,0.019710619002580643
8134_right,12,0.020188935101032257
8153_left,12,0.039401307702064514
8153_right,12,0.04217155650258064
8160_left,12,0.017916932702064514
8160_right,12,0.02634725719690323
8162_left,12,0.05257493630051613
8162_right,12,0.027303889393806458
8187_left,12,0.018096301704645157
8187_right,12,0.017936863005161285
8190_left,12,0.018215879797935486
8190_right,12,0.011997767724096775
8223_left,12,0.025151466950774193
8223_right,12,0.02750318869948387
8238_left,12,0.01853475719690323
8238_right,12,0.016521843150258064
8245_left,12,0.007792570162564516
8245_right,12,0.020547673106193542
8247_left,12,0.024613361805677414
8247_right,12,0.017637914046645164
8248_left,12,0.030871333554387093
8248_right,12,0.029217155650258064
8263_left,12,0.03069196455180645
8263_right,12,0.016501912847161293
8320_left,12,0.017897002398967743
8320_right,12,0.032565370202064514
8386_left,12,0.02887834794819355
8386_right,12,0.01387117337435484
8395_left,12,0.03099091164767742
8395_right,12,0.042330995202064514
8408_left,12,0.038424745202064514
8408_right,12,0.034259408712387085
8418_left,12,0.013372926972806454
8418_right,12,0.04278938099741936
8453_left,12,0.04767219349741936
8453_right,12,0.01590401865541935
8456_left,12,0.025191325694322586
8456_right,12,0.032963965088129044
8466_left,12,0.043307557702064514
8466_right,12,0.021584024652838707
8469_left,12,0.0186941958963871
8469_right,12,0.04173310101032257
8487_left,12,0.022560587152838707
8487_right,12,0.03561463579535484
8492_left,12,0.03499681130051613
8492_right,12,0.016242824494838715
8499_left,12,0.03950095549225807
8499_right,12,0.01604352705180645
8500_left,12,0.036890145391225815
8500_right,12,0.022580517455935478
8513_left,12,0.016641423106193542
8513_right,12,0.04075653851032257
8522_left,12,0.034658003598451614
8522_right,12,0.01644212380051613
8554_left,12,0.016940370202064514
8554_right,12,0.02736368030309677
8578_left,12,0.020029496401548386
8578_right,12,0.03950095549225807
8585_left,12,0.011658960022032261
8585_right,12,0.01632254384458065
8638_left,12,0.027224170044064522
8638_right,12,0.035634566098451614
8677_left,12,0.013014189898967743
8677_right,12,0.02317841164767742
8681_left,12,0.02315848134458065
8681_right,12,0.0245535708963871
8744_left,12,0.01801658235490322
8744_right,12,0.023258130997419357
8754_left,12,0.013333067297935486
8754_right,12,0.029476244002580643
8782_left,12,0.025350764393806458
8782_right,12,0.03443877398967743
8788_left,12,0.027443399652838707
8788_right,12,0.015166613273322582
8827_left,12,0.023218272253870964
8827_right,12,0.021245216950774193
8843_left,12,0.020009566098451614
8843_right,12,0.00898836087435484
8864_left,12,0.01578443869948387
8864_right,12,0.014130261726677418
8885_left,12,0.019770408049225807
8885_right,12,0.023078761994838715
8895_left,12,0.012595662847161293
8895_right,12,0.014548787847161293
8907_left,12,0.051957111805677414
8907_right,12,0.024892378598451614
8915_left,12,0.029655613005161285
8915_right,12,0.01387117337435484
8935_left,12,0.02537069469690323
8935_right,12,0.0177176333963871
8936_left,12,0.01038345042616129
8936_right,12,0.011798469349741936
8951_left,12,0.020169004797935486
8951_right,12,0.010004783049225807
8968_left,12,0.013930963352322578
8968_right,12,0.016721142455935478
8981_left,12,0.028220662847161293
8981_right,12,0.020846620202064514
8988_left,12,0.01592394709587097
8988_right,12,0.016701212152838707
8999_left,12,0.014688297174870968
8999_right,12,0.0232979916036129
9001_left,12,0.03338249400258064
9001_right,12,0.024912308901548386
9068_left,12,0.011320153251290321
9068_right,12,0.023118622601032257
9074_left,12,0.031887754797935486
9074_right,12,0.014170121401548386
9133_left,12,0.03224649280309677
9133_right,12,0.02889827825129032
9144_left,12,0.03408003970980644
9144_right,12,0.014568718150258064
9159_left,12,0.043726082891225815
9159_right,12,0.006357621401548386
9163_left,12,0.04376594349741936
9163_right,12,0.029237085953354836
9167_left,12,0.023796238005161285
9167_right,12,0.028798628598451614
9177_left,12,0.01992984674870968
9177_right,12,0.008290816098451614
9183_left,12,0.017518335953354836
9183_right,12,0.01853475719690323
9218_left,12,0.01759805530309677
9218_right,12,0.035216040909290314
9233_left,12,0.0226004458963871
9233_right,12,0.021364795044064522
9244_left,12,0.02692522294819355
9244_right,12,0.022580517455935478
9339_left,12,0.013811384327709675
9339_right,12,0.032306283712387085
9348_left,12,0.055026307702064514
9348_right,12,0.02285953424870968
9376_left,12,0.022102199494838715
9376_right,12,0.019152583554387093
9448_left,12,0.007513552438467741
9448_right,12,0.038444675505161285
9464_left,12,0.021863041445612907
9464_right,12,0.03587372601032257
9487_left,12,0.01403061207383871
9487_right,12,0.026885364204645157
9505_left,12,0.020727040246129036
9505_right,12,0.026985011994838715
9521_left,12,0.0186941958963871
9521_right,12,0.03388074040412903
9528_left,12,0.017916932702064514
9528_right,12,0.018375318497419357
9540_left,12,0.017657844349741936
9540_right,12,0.00956632662564516
9586_left,10,0.011419801972806454
9586_right,12,0.03888313099741936
9590_left,12,0.006816007662564516
9590_right,12,0.008729272522032261
9592_left,12,0.04538026079535484
9592_right,12,0.026725925505161285
9601_left,12,0.039002709090709686
9601_right,12,0.023537149652838707
9622_left,12,0.007254464086145163
9622_right,12,0.026985011994838715
9633_left,12,0.02792171575129032
9633_right,12,0.039281729608774185
9640_left,12,0.04420439898967743
9640_right,12,0.049884408712387085
9643_left,12,0.013711734674870968
9643_right,12,0.024194834753870964
9651_left,12,0.02467315085232258
9651_right,12,0.05534518510103226
9658_left,12,0.041234854608774185
9658_right,12,0.018076371401548386
9667_left,12,0.029097575694322586
9667_right,12,0.032704878598451614
9673_left,12,0.057955995202064514
9673_right,12,0.029675541445612907
9683_left,12,0.020866550505161285
9683_right,12,0.041912466287612915
9713_left,12,0.028958067297935486
9713_right,12,0.05486686900258064
9794_left,12,0.013073979876935482
9794_right,12,0.018315529450774193
9813_left,12,0.031309790909290314
9813_right,12,0.01979033835232258
9826_left,12,0.04842952638864517
9826_right,12,0.026566486805677414
9828_left,12,0.01827566884458065
9828_right,12,0.02959582209587097
9848_left,12,0.015545280650258064
9848_right,12,0.015146683901548386
9868_left,12,0.023218272253870964
9868_right,12,0.01955118030309677
9893_left,12,0.006138392724096775
9893_right,12,0.008450254797935486
9907_left,12,0.020428093150258064
9907_right,12,0.016143176704645157
9919_left,12,0.011220503598451614
9919_right,12,0.014070471748709679
9925_left,12,0.023238200694322586
9925_right,12,0.02485251985490322
9939_left,12,0.016820790246129036
9939_right,12,0.017219386994838715
9945_left,12,0.01715959794819355
9945_right,12,0.03206712380051613
9959_left,12,0.038823340088129044
9959_right,12,0.012017698027193546
9967_left,12,0.044164542108774185
9967_right,12,0.02750318869948387
9977_left,12,0.013970823027193546
9977_right,12,0.025709502398967743
9998_left,12,0.023377710953354836
9998_right,12,0.019909916445612907
10014_left,12,0.037029653787612915
10014_right,12,0.020308513194322586
10017_left,12,0.032585300505161285
10017_right,12,0.030771683901548386
10029_left,12,0.03435905650258064
10029_right,12,0.02285953424870968
10046_left,12,0.021683674305677414
10046_right,12,0.0516183041036129
10050_left,12,0.016641423106193542
10050_right,12,0.018195949494838715
10065_left,12,0.035514988005161285
10065_right,12,0.024752870202064514
10085_left,12,0.01731903664767742
10085_right,12,0.016780931502580643
10095_left,12,0.030612245202064514
10095_right,12,0.012715242803096771
10104_left,12,0.020428093150258064
10104_right,12,0.016960300505161285
10116_left,12,0.031728316098451614
10116_right,12,0.025350764393806458
10126_left,12,0.02230149880051613
10126_right,12,0.04571906849741936
10141_left,12,0.025868941098451614
10141_right,12,0.02024872414767742
10144_left,12,0.026845503598451614
10144_right,12,0.01428970042616129
10155_left,12,0.01702008955180645
10155_right,12,0.01983019709587097
10156_left,12,0.02303890325129032
10156_right,12,0.019989635795354843
10182_left,12,0.025011958554387093
10182_right,12,0.05381058529019356
10190_left,12,0.02218191884458065
10190_right,12,0.022002551704645157
10199_left,12,0.009626115672290325
10199_right,12,0.01632254384458065
10210_left,12,0.031210139393806458
10210_right,12,0.01799665205180645
10230_left,12,0.029615752398967743
10230_right,12,0.02662627585232258
10233_left,12,0.019710619002580643
10233_right,12,0.04410475119948387
10242_left,12,0.04019850119948387
10242_right,12,0.01032366044819355
10276_left,12,0.03471779450774193
10276_right,12,0.023895885795354843
10295_left,12,0.016521843150258064
10295_right,12,0.02760283835232258
10321_left,12,0.01690050959587097
10321_right,12,0.020129146054387093
10328_left,12,0.01632254384458065
10328_right,12,0.022580517455935478
10334_left,12,0.02467315085232258
10334_right,12,0.038026146590709686
10353_left,12,0.02313855290412903
10353_right,12,0.0213448666036129
10359_left,12,0.026965083554387093
10359_right,12,0.019312022253870964
10367_left,12,0.01909279264509678
10367_right,12,0.018514826893806458
10368_left,12,0.057856347411870956
10368_right,12,0.021364795044064522
10386_left,12,0.003946109674870968
10386_right,12,0.021145567297935486
10397_left,12,0.026167888194322586
10397_right,12,0.03388074040412903
10419_left,12,0.04984454810619354
10419_right,12,0.022241709753870964
10444_left,12,0.013372926972806454
10444_right,12,0.01096141617745161
10452_left,12,0.022680165246129036
10452_right,12,0.041374363005161285
10457_left,12,0.020846620202064514
10457_right,12,0.031588807702064514
10510_left,12,0.027463329955935478
10510_right,12,0.032704878598451614
10550_left,12,0.01951131969690323
10550_right,12,0.0301339291036129
10551_left,12,0.009845344349741936
10551_right,12,0.02216199040412903
10569_left,12,0.033203125
10569_right,12,0.015246332623064518
10610_left,12,0.035634566098451614
10610_right,12,0.018335459753870964
10612_left,12,0.01801658235490322
10612_right,12,0.023317920044064522
10614_left,12,0.020408162847161293
10614_right,12,0.04155373200774193
10624_left,12,0.02718431130051613
10624_right,12,0.03503667190670967
10644_left,12,0.022401148453354836
10644_right,12,0.03700972720980644
10672_left,12,0.03238600119948387
10672_right,12,0.029197225347161293
10684_left,12,0.0484095998108387
10684_right,12,0.034658003598451614
10695_left,12,0.046934790909290314
10695_right,12,0.01773756369948387
10726_left,12,0.01700015924870968
10726_right,12,0.02481265924870968
10729_left,12,0.025709502398967743
10729_right,12,0.005480708088725805
10748_left,12,0.060766104608774185
10748_right,12,0.027941646054387093
10782_left,12,0.006855867337435484
10782_right,12,0.02889827825129032
10791_left,12,0.015226403251290321
10791_right,12,0.02275988459587097
10808_left,12,0.01578443869948387
10808_right,12,0.028419962152838707
10814_left,12,0.01444913912564516
10814_right,12,0.031489159911870956
10831_left,12,0.0177176333963871
10831_right,12,0.0418526791036129
10883_left,12,0.03991948440670967
10883_right,12,0.03274473920464516
10886_left,12,0.02220184914767742
10886_right,12,0.01895328424870968
10903_left,12,0.02901785634458065
10903_right,12,0.029097575694322586
10916_left,12,0.03818558529019356
10916_right,12,0.015505420975387096
10920_left,12,0.02987484075129032
10920_right,12,0.022640306502580643
10925_left,12,0.03489716351032257
10925_right,12,0.014728156849741936
10931_left,12,0.006656568963080645
10931_right,12,0.020268654450774193
10934_left,12,0.009506536647677422
10934_right,12,0.014150191098451614
10943_left,12,0.03876355290412903
10943_right,12,0.022341357544064522
10977_left,12,0.04426418989896774
10977_right,12,0.018793845549225807
10983_left,12,0.02931680530309677
10983_right,12,0.014987245202064514
11013_left,12,0.023776307702064514
11013_right,12,0.02094626985490322
11040_left,12,0.018594548106193542
11040_right,12,0.02666613459587097
11041_left,12,0.04964524880051613
11041_right,12,0.01620296575129032
11058_left,12,0.023557079955935478
11058_right,12,0.016362404450774193
11069_left,12,0.013751594349741936
11069_right,12,0.029775191098451614
11080_left,12,0.03999920189380646
11080_right,12,0.01853475719690323
11101_left,12,0.01247608382254839
11101_right,12,0.011539380997419357
11114_left,12,0.04438376799225807
11114_right,12,0.03657126799225807
11119_left,12,0.00998485367745161
11119_right,12,0.012834821827709675
11122_left,12,0.019870057702064514
11122_right,12,0.02220184914767742
11127_left,12,0.011798469349741936
11127_right,12,0.015326051972806454
11132_left,12,0.02969547174870968
11132_right,12,0.027841996401548386
11138_left,12,0.04201211780309677
11138_right,12,0.03212691470980644
11158_left,12,0.01289461087435484
11158_right,12,0.02273995615541935
11204_left,12,0.01207748707383871
11204_right,12,0.03972018510103226
11219_left,12,0.01171875
11219_right,12,0.0226004458963871
11270_left,12,0.032585300505161285
11270_right,12,0.02997449040412903
11294_left,12,0.010762117803096771
11294_right,12,0.020567601546645164
11298_left,12,0.022580517455935478
11298_right,12,0.015505420975387096
11407_left,12,0.03818558529019356
11407_right,12,0.01955118030309677
11408_left,12,0.029336735606193542
11408_right,12,0.02957589365541935
11425_left,12,0.010841837152838707
11425_right,12,0.01409040205180645
11435_left,12,0.03541533648967743
11435_right,12,0.04270966351032257
11437_left,12,0.013731664977967739
11437_right,12,0.008868781849741936
11443_left,12,0.03778699040412903
11443_right,12,0.031987402588129044
11485_left,12,0.015027104876935482
11485_right,12,0.020049426704645157
11487_left,12,0.04585857689380646
11487_right,12,0.06453284621238708
11503_left,12,0.0157645083963871
11503_right,12,0.032565370202064514
11505_left,12,0.037049584090709686
11505_right,12,0.02606824040412903
11516_left,12,0.0329241082072258
11516_right,12,0.027961574494838715
11526_left,12,0.0272042416036129
11526_right,12,0.019491389393806458
11541_left,12,0.019650829955935478
11541_right,12,0.01325334794819355
11601_left,12,0.029257014393806458
11601_right,12,0.0216238833963871
11605_left,12,0.029476244002580643
11605_right,12,0.008051658049225807
11607_left,12,0.025729432702064514
11607_right,12,0.030193718150258064
11610_left,12,0.024772800505161285
11610_right,12,0.05269451439380646
11624_left,12,0.015246332623064518
11624_right,12,0.02174346335232258
11630_left,12,0.02889827825129032
11630_right,12,0.02164381369948387
11679_left,12,0.009048150852322578
11679_right,12,0.005102040711790323
11707_left,12,0.026327326893806458
11707_right,12,0.013711734674870968
11727_left,12,0.0606863833963871
11727_right,12,0.021683674305677414
11741_left,12,0.026466837152838707
11741_right,12,0.021843113005161285
11808_left,12,0.032724808901548386
11808_right,12,0.0174386166036129
11815_left,12,0.02206234075129032
11815_right,12,0.019630899652838707
11823_left,12,0.02230149880051613
11823_right,12,0.03918207809329033
11829_left,12,0.01713966764509678
11829_right,12,0.01996970735490322
11845_left,12,0.016402263194322586
11845_right,12,0.01801658235490322
11870_left,12,0.023756377398967743
11870_right,12,0.0272042416036129
11874_left,12,0.011658960022032261
11874_right,12,0.0301339291036129
11913_left,12,0.038982778787612915
11913_right,12,0.02048788219690323
11946_left,12,0.018235810101032257
11946_right,12,0.016820790246129036
11953_left,12,0.02272002585232258
11953_right,12,0.029217155650258064
11962_left,12,0.01520647294819355
11962_right,12,0.029635682702064514
11975_left,12,0.03740832209587097
11975_right,12,0.029217155650258064
11989_left,12,0.00858976412564516
11989_right,12,0.01913265325129032
11996_left,12,0.01787707209587097
11996_right,12,0.010782047174870968
12014_left,12,0.010204081423580647
12014_right,12,0.0323660708963871
12063_left,12,0.0320870541036129
12063_right,12,0.028559470549225807
12067_left,12,0.03332270309329033
12067_right,12,0.02606824040412903
12070_left,12,0.025011958554387093
12070_right,12,0.021803252398967743
12072_left,12,0.025908801704645157
12072_right,12,0.01955118030309677
12079_left,12,0.020009566098451614
12079_right,12,0.027802135795354843
12111_left,12,0.01345264632254839
12111_right,12,0.01911272294819355
12119_left,12,0.02315848134458065
12119_right,12,0.027582908049225807
12126_left,12,0.010821906849741936
12126_right,12,0.012595662847161293
12127_left,12,0.03388074040412903
12127_right,12,0.021364795044064522
12128_left,12,0.019212372601032257
12128_right,12,0.027423469349741936
12194_left,12,0.03123006969690323
12194_right,12,0.01688058115541935
12211_left,12,0.04585857689380646
12211_right,12,0.02467315085232258
12214_left,12,0.03469786420464516
12214_right,12,0.018494898453354836
12216_left,12,0.017398755997419357
12216_right,12,0.028798628598451614
12246_left,12,0.016123246401548386
12246_right,12,0.03671077638864517
12247_left,12,0.02413504384458065
12247_right,12,0.021364795044064522
12258_left,12,0.01885363459587097
12258_right,12,0.014907525852322578
12268_left,12,0.017478475347161293
12268_right,12,0.019312022253870964
12287_left,12,0.033003825694322586
12287_right,12,0.01937181130051613
12294_left,12,0.022680165246129036
12294_right,12,0.0340401791036129
12295_left,12,0.021285075694322586
12295_right,12,0.037328604608774185
12303_left,12,0.03880341351032257
12303_right,12,0.03053252585232258
12327_left,12,0.026466837152838707
12327_right,12,0.019411670044064522
12404_left,12,0.0496651791036129
12404_right,12,0.022939253598451614
12413_left,12,0.010622608475387096
12413_right,12,0.019770408049225807
12444_left,12,0.008529974147677422
12444_right,12,0.0157645083963871
12451_left,12,0.03944116830825806
12451_right,12,0.02945631369948387
12461_left,12,0.030612245202064514
12461_right,12,0.01801658235490322
12472_left,12,0.019312022253870964
12472_right,12,0.017338966950774193
12474_left,12,0.017777424305677414
12474_right,12,0.02206234075129032
12476_left,12,0.024653220549225807
12476_right,12,0.0396205373108387
12492_left,12,0.02802136540412903
12492_right,12,0.03657126799225807
12511_left,12,0.029396524652838707
12511_right,12,0.009905134327709675
12515_left,12,0.024294482544064522
12515_right,12,0.027861926704645157
12523_left,12,0.011021205224096775
12523_right,12,0.022221779450774193
12525_left,12,0.031050700694322586
12525_right,12,0.016541773453354836
12560_left,12,0.02273995615541935
12560_right,12,0.014269770123064518
12590_left,12,0.01564493030309677
12590_right,12,0.035774074494838715
12604_left,12,0.012097417376935482
12604_right,12,0.010762117803096771
12616_left,12,0.0418526791036129
12616_right,12,0.03896285220980644
12618_left,12,0.015465561300516129
12618_right,12,0.016222896054387093
12639_left,12,0.03762755170464516
12639_right,12,0.01853475719690323
12645_left,12,0.02899792790412903
12645_right,12,0.0245535708963871
12707_left,12,0.01604352705180645
12707_right,12,0.021444514393806458
12709_left,12,0.016541773453354836
12709_right,12,0.01881377585232258
12712_left,12,0.030731823295354843
12712_right,12,0.04354671388864517
12724_left,12,0.03463807329535484
12724_right,12,0.0174386166036129
12729_left,12,0.031748246401548386
12729_right,12,0.015585140325129032
12751_left,12,0.031130420044064522
12751_right,12,0.021145567297935486
12838_left,12,0.011240433901548386
12838_right,12,0.023357780650258064
12851_left,12,0.017897002398967743
12851_right,12,0.03497688099741936
12872_left,12,0.023915816098451614
12872_right,12,0.040258292108774185
12895_left,12,0.04029814898967743
12895_right,12,0.02104591764509678
12910_left,12,0.03603316470980644
12910_right,12,0.028400031849741936
12922_left,12,0.018753986805677414
12922_right,12,0.0174386166036129
12923_left,12,0.016820790246129036
12923_right,12,0.039799902588129044
12924_left,12,0.02301897294819355
12924_right,12,0.0330636166036129
12931_left,12,0.042908959090709686
12931_right,12,0.028260523453354836
12937_left,12,0.010602678172290325
12937_right,12,0.01741868630051613
12954_left,12,0.024633290246129036
12954_right,12,0.030452806502580643
12968_left,12,0.030492665246129036
12968_right,12,0.021863041445612907
13012_left,12,0.01662149280309677
13012_right,12,0.04502152279019356
13025_left,12,0.016780931502580643
13025_right,12,0.03916214779019356
13038_left,12,0.024533642455935478
13038_right,12,0.016382334753870964
13066_left,12,0.02443399280309677
13066_right,12,0.024354273453354836
13085_left,12,0.04446348920464516
13085_right,12,0.022500798106193542
13122_left,12,0.03386081010103226
13122_right,12,0.027164380997419357
13125_left,12,0.03419961780309677
13125_right,12,0.014827806502580643
13128_left,12,0.013691805303096771
13128_right,12,0.03561463579535484
13176_left,12,0.008848852477967739
13176_right,12,0.02248086780309677
13188_left,12,0.013412786647677422
13188_right,12,0.014787946827709675
13211_left,12,0.021384725347161293
13211_right,12,0.030652103945612907
13212_left,12,0.0281808041036129
13212_right,12,0.03477758169174194
13214_left,12,0.04635682329535484
13214_right,12,0.03764748200774193
13260_left,12,0.02662627585232258
13260_right,12,0.023796238005161285
13290_left,12,0.020009566098451614
13290_right,12,0.015485490672290325
13296_left,12,0.030333226546645164
13296_right,12,0.01289461087435484
13309_left,12,0.024095185101032257
13309_right,12,0.033442284911870956
13310_left,12,0.047632332891225815
13310_right,12,0.016103316098451614
13344_left,12,0.009426817297935486
13344_right,12,0.013193558901548386
13408_left,12,0.031030772253870964
13408_right,12,0.03985969349741936
13427_left,12,0.034518495202064514
13427_right,12,0.041912466287612915
13438_left,12,0.027104591950774193
13438_right,12,0.051000479608774185
13453_left,12,0.02903778664767742
13453_right,12,0.012675382196903229
13454_left,12,0.0263671875
13454_right,12,0.018913425505161285
13482_left,12,0.023935746401548386
13482_right,12,0.031130420044064522
13545_left,12,0.046516261994838715
13545_right,12,0.011957908049225807
13554_left,12,0.02176339365541935
13554_right,12,0.028499681502580643
13561_left,12,0.01540577132254839
13561_right,12,0.022261638194322586
13566_left,12,0.014787946827709675
13566_right,12,0.03987962380051613
13585_left,12,0.024912308901548386
13585_right,12,0.0364118292927742
13597_left,12,0.038843270391225815
13597_right,12,0.015724649652838707
13602_left,12,0.026586415246129036
13602_right,12,0.012715242803096771
13643_left,12,0.022979114204645157
13643_right,12,0.025769291445612907
13645_left,12,0.014469068497419357
13645_right,12,0.060766104608774185
13658_left,12,0.030074138194322586
13658_right,12,0.0284598208963871
13659_left,12,0.02692522294819355
13659_right,12,0.038305167108774185
13664_left,12,0.017099808901548386
13664_right,12,0.016382334753870964
13667_left,12,0.009327168576419353
13667_right,12,0.01881377585232258
13697_left,12,0.027682557702064514
13697_right,12,0.03503667190670967
13705_left,12,0.017239317297935486
13705_right,12,0.023776307702064514
13708_left,12,0.029177295044064522
13708_right,12,0.020188935101032257
13714_left,12,0.025868941098451614
13714_right,12,0.02262037619948387
13757_left,12,0.009048150852322578
13757_right,12,0.04334741830825806
13776_left,12,0.0304129458963871
13776_right,12,0.02774234674870968
13821_left,12,0.026586415246129036
13821_right,12,0.011200574226677418
13865_left,12,0.025589924305677414
13865_right,12,0.04599808529019356
13892_left,12,0.028121013194322586
13892_right,12,0.042629942297935486
13898_left,12,0.01759805530309677
13898_right,12,0.031070630997419357
13909_left,12,0.031050700694322586
13909_right,12,0.018335459753870964
13912_left,12,0.03874362260103226
13912_right,12,0.02132493630051613
13933_left,12,0.035395409911870956
13933_right,12,0.03374123200774193
13945_left,12,0.01913265325129032
13945_right,12,0.012515943497419357
13967_left,12,0.009386957623064518
13967_right,12,0.03629225119948387
13976_left,12,0.021703602746129036
13976_right,12,0.033840879797935486
13984_left,12,0.019451530650258064
13984_right,12,0.0447823666036129
13991_left,12,0.018335459753870964
13991_right,12,0.016362404450774193
14028_left,12,0.023517219349741936
14028_right,12,0.02230149880051613
14045_left,12,0.022540656849741936
14045_right,12,0.025290975347161293
14046_left,12,0.029077647253870964
14046_right,12,0.037169165909290314
14056_left,12,0.013791454024612904
14056_right,12,0.02066725119948387
14078_left,12,0.023317920044064522
14078_right,12,0.023557079955935478
14081_left,12,0.04326769709587097
14081_right,12,0.020607462152838707
14098_left,12,0.026845503598451614
14098_right,12,0.02694515325129032
14115_left,12,0.03740832209587097
14115_right,12,0.01540577132254839
14153_left,12,0.024314412847161293
14153_right,12,0.023656727746129036
14158_left,12,0.03308354690670967
14158_right,12,0.016920439898967743
14181_left,12,0.0453404001891613
14181_right,12,0.024772800505161285
14198_left,12,0.04245057329535484
14198_right,12,0.02327806130051613
14237_left,12,0.012236925773322582
14237_right,12,0.02132493630051613
14270_left,12,0.029077647253870964
14270_right,12,0.03958067670464516
14283_left,12,0.05345185101032257
14283_right,12,0.05500637739896774
14292_left,12,0.0167410708963871
14292_right,12,0.01500717457383871
14293_left,12,0.04089604690670967
14293_right,12,0.010064573027193546
14297_left,12,0.017478475347161293
14297_right,12,0.012177136726677418
14305_left,12,0.01811623014509678
14305_right,12,0.02564971335232258
14325_left,12,0.020886478945612907
14325_right,12,0.014110331423580647
14340_left,12,0.018873564898967743
14340_right,12,0.023218272253870964
14387_left,12,0.023058833554387093
14387_right,12,0.022221779450774193
14403_left,12,0.012097417376935482
14403_right,12,0.01857461780309677
14410_left,12,0.017757494002580643
14410_right,12,0.01759805530309677
14436_left,12,0.03499681130051613
14436_right,12,0.0232979916036129
14450_left,12,0.03471779450774193
14450_right,12,0.017817283049225807
14457_left,12,0.03210698440670967
14457_right,12,0.031449299305677414
14460_left,12,0.013034120202064514
14460_right,12,0.03531568869948387
14522_left,12,0.011240433901548386
14522_right,12,0.01909279264509678
14537_left,12,0.009865274652838707
14537_right,12,0.031150350347161293
14608_left,12,0.014568718150258064
14608_right,12,0.017199458554387093
14614_left,12,0.038026146590709686
14614_right,12,0.015126753598451614
14621_left,12,0.042749520391225815
14621_right,12,0.028121013194322586
14627_left,12,0.05564413219690323
14627_right,12,0.026466837152838707
14628_left,12,0.016561701893806458
14628_right,12,0.012236925773322582
14656_left,12,0.02327806130051613
14656_right,12,0.014608577825129032
14681_left,12,0.04019850119948387
14681_right,12,0.057676978409290314
14701_left,12,0.009885204024612904
14701_right,12,0.0394810251891613
14716_left,12,0.013073979876935482
14716_right,12,0.01979033835232258
14718_left,12,0.01606345735490322
14718_right,12,0.012416294775903225
14767_left,12,0.02204241044819355
14767_right,12,0.013552295975387096
14788_left,12,0.011399872601032257
14788_right,12,0.022779814898967743
14793_left,12,0.030313298106193542
14793_right,12,0.019591039046645164
14805_left,12,0.014209981076419353
14805_right,12,0.010722257196903229
14824_left,12,0.0366908498108387
14824_right,12,0.01759805530309677
14887_left,12,0.025709502398967743
14887_right,12,0.04007892310619354
14899_left,12,0.039122290909290314
14899_right,12,0.01839524880051613
14902_left,12,0.030871333554387093
14902_right,12,0.020567601546645164
14923_left,12,0.033960457891225815
14923_right,12,0.05193718150258064
14935_left,12,0.031588807702064514
14935_right,12,0.02090640924870968
14939_left,12,0.019451530650258064
14939_right,12,0.028280451893806458
14955_left,12,0.020428093150258064
14955_right,12,0.02303890325129032
14967_left,12,0.020129146054387093
14967_right,12,0.013233418576419353
14995_left,12,0.026885364204645157
14995_right,12,0.043466996401548386
15027_left,12,0.0401785708963871
15027_right,12,0.02275988459587097
15034_left,12,0.0281808041036129
15034_right,12,0.02903778664767742
15038_left,12,0.014967314898967743
15038_right,12,0.010762117803096771
15056_left,12,0.031489159911870956
15056_right,12,0.010702327825129032
15095_left,12,0.016003666445612907
15095_right,12,0.029336735606193542
15136_left,12,0.03280452638864517
15136_right,12,0.033123403787612915
15154_left,12,0.05442841351032257
15154_right,12,0.03573421388864517
15190_left,12,0.015983738005161285
15190_right,12,0.027264030650258064
15205_left,12,0.039540816098451614
15205_right,12,0.036750636994838715
15211_left,12,0.016840720549225807
15211_right,12,0.034817442297935486
15225_left,12,0.008250956423580647
15225_right,12,0.022819675505161285
15235_left,12,0.015664860606193542
15235_right,12,0.020149074494838715
15242_left,12,0.019192442297935486
15242_right,12,0.028519611805677414
15270_left,12,0.042191486805677414
15270_right,12,0.019710619002580643
15276_left,12,0.043606504797935486
15276_right,12,0.02566964365541935
15282_left,12,0.014688297174870968
15282_right,12,0.03846460580825806
15293_left,12,0.04187260940670967
15293_right,12,0.03260523080825806
15347_left,12,0.041792888194322586
15347_right,12,0.016561701893806458
15353_left,12,0.022341357544064522
15353_right,12,0.020986128598451614
15419_left,12,0.016422193497419357
15419_right,12,0.021105708554387093
15424_left,12,0.023477360606193542
15424_right,12,0.014688297174870968
15471_left,12,0.016103316098451614
15471_right,12,0.026167888194322586
15490_left,12,0.0619419626891613
15490_right,12,0.026187818497419357
15515_left,12,0.019770408049225807
15515_right,12,0.0408761166036129
15520_left,12,0.018056441098451614
15520_right,12,0.021863041445612907
15547_left,12,0.007952009327709675
15547_right,12,0.00843032542616129
15582_left,12,0.03029336780309677
15582_right,12,0.02164381369948387
15593_left,12,0.02704480290412903
15593_right,12,0.02010921575129032
15630_left,12,0.031748246401548386
15630_right,12,0.014967314898967743
15638_left,12,0.0265066958963871
15638_right,12,0.014170121401548386
15643_left,12,0.0185546875
15643_right,12,0.019172511994838715
15644_left,12,0.017697704955935478
15644_right,12,0.03168845549225807
15646_left,12,0.024593431502580643
15646_right,12,0.021384725347161293
15653_left,12,0.024294482544064522
15653_right,12,0.019052933901548386
15658_left,12,0.029197225347161293
15658_right,12,0.035096459090709686
15661_left,12,0.01815609075129032
15661_right,12,0.014488998800516129
15666_left,12,0.05060188099741936
15666_right,12,0.029117505997419357
15667_left,12,0.04075653851032257
15667_right,12,0.0216238833963871
15692_left,12,0.049067284911870956
15692_right,12,0.022839603945612907
15747_left,12,0.027802135795354843
15747_right,12,0.04705436900258064
15756_left,12,0.013153699226677418
15756_right,12,0.0283203125
15781_left,12,0.03427933529019356
15781_right,12,0.018494898453354836
15794_left,12,0.020707111805677414
15794_right,12,0.025988521054387093
15795_left,12,0.03433912619948387
15795_right,12,0.017498405650258064
15801_left,12,0.01759805530309677
15801_right,12,0.025908801704645157
15817_left,12,0.022341357544064522
15817_right,12,0.019312022253870964
15835_left,12,0.011639030650258064
15835_right,12,0.023258130997419357
15873_left,12,0.019710619002580643
15873_right,12,0.05187739059329033
15885_left,12,0.015684789046645164
15885_right,12,0.01899314485490322
15928_left,12,0.01171875
15928_right,12,0.004862882662564516
15937_left,12,0.028439892455935478
15937_right,12,0.025310905650258064
15944_left,12,0.014010682702064514
15944_right,12,0.028778698295354843
15973_left,12,0.023756377398967743
15973_right,12,0.017478475347161293
15979_left,12,0.038285236805677414
15979_right,12,0.012356504797935486
15989_left,12,0.012735172174870968
15989_right,12,0.02596859075129032
16027_left,12,0.010702327825129032
16027_right,12,0.011639030650258064
16028_left,12,0.026725925505161285
16028_right,12,0.018355388194322586
16035_left,12,0.0322265625
16035_right,12,0.024095185101032257
16038_left,12,0.022560587152838707
16038_right,12,0.011798469349741936
16043_left,12,0.05568399280309677
16043_right,12,0.028559470549225807
16061_left,12,0.036910075694322586
16061_right,12,0.029057716950774193
16129_left,12,0.025868941098451614
16129_right,12,0.02006935514509678
16132_left,12,0.012994260527193546
16132_right,12,0.02732381969690323
16134_left,12,0.027682557702064514
16134_right,12,0.025430485606193542
16138_left,12,0.036471620202064514
16138_right,12,0.032724808901548386
16179_left,12,0.02244100719690323
16179_right,12,0.03352200239896774
16219_left,12,0.026606345549225807
16219_right,12,0.019850127398967743
16233_left,12,0.020268654450774193
16233_right,12,0.03358179330825806
16279_left,12,0.01325334794819355
16279_right,12,0.017059948295354843
16288_left,12,0.02875876985490322
16288_right,12,0.019730549305677414
16290_left,12,0.045659277588129044
16290_right,12,0.01713966764509678
16294_left,12,0.03212691470980644
16294_right,12,0.024075254797935486
16307_left,12,0.028200732544064522
16307_right,12,0.026327326893806458
16341_left,12,0.025151466950774193
16341_right,12,0.014150191098451614
16350_left,12,0.008310746401548386
16350_right,12,0.012974330224096775
16360_left,12,0.024314412847161293
16360_right,12,0.025071747601032257
16379_left,12,0.024234693497419357
16379_right,12,0.010064573027193546
16401_left,12,0.023796238005161285
16401_right,12,0.03123006969690323
16418_left,12,0.01618303544819355
16418_right,12,0.007134885061532259
16460_left,12,0.01052295882254839
16460_right,12,0.017617985606193542
16474_left,12,0.016721142455935478
16474_right,12,0.0166015625
16486_left,12,0.021942760795354843
16486_right,12,0.03336256369948387
16524_left,12,0.027024872601032257
16524_right,12,0.021444514393806458
16525_left,12,0.012655452825129032
16525_right,12,0.028918208554387093
16528_left,12,0.024892378598451614
16528_right,12,0.032585300505161285
16530_left,12,0.045001596212387085
16530_right,12,0.016003666445612907
16532_left,12,0.025490274652838707
16532_right,12,0.020746970549225807
16547_left,12,0.019889988005161285
16547_right,12,0.06411431729793549
16569_left,12,0.044423628598451614
16569_right,12,0.019471460953354836
16593_left,12,0.01688058115541935
16593_right,12,0.02901785634458065
16595_left,12,0.049605388194322586
16595_right,12,0.02204241044819355
16602_left,12,0.0078125
16602_right,12,0.029934629797935486
16622_left,12,0.016003666445612907
16622_right,12,0.02606824040412903
16631_left,12,0.013014189898967743
16631_right,12,0.022082271054387093
16639_left,12,0.017358897253870964
16639_right,12,0.030193718150258064
16651_left,12,0.02457350119948387
16651_right,12,0.020587531849741936
16672_left,12,0.028838489204645157
16672_right,12,0.02301897294819355
16679_left,12,0.020388232544064522
16679_right,12,0.05046237260103226
16683_left,12,0.0301339291036129
16683_right,12,0.014608577825129032
16707_left,12,0.024493781849741936
16707_right,12,0.032306283712387085
16718_left,12,0.013532365672290325
16718_right,12,0.03276466950774193
16748_left,12,0.01018415205180645
16748_right,12,0.03824537619948387
16754_left,12,0.02287946455180645
16754_right,12,0.023377710953354836
16764_left,12,0.029655613005161285
16764_right,12,0.01588408835232258
16802_left,12,0.02638711780309677
16802_right,12,0.01713966764509678
16864_left,12,0.01604352705180645
16864_right,12,0.011599170975387096
16886_left,12,0.03206712380051613
16886_right,12,0.03714923560619354
16894_left,12,0.024932239204645157
16894_right,12,0.015804369002580643
16897_left,12,0.029655613005161285
16897_right,12,0.017617985606193542
16918_left,12,0.01992984674870968
16918_right,12,0.0368303582072258
16941_left,12,0.037049584090709686
16941_right,12,0.01564493030309677
16993_left,12,0.010801977477967739
16993_right,12,0.01773756369948387
17009_left,12,0.026606345549225807
17009_right,12,0.0174386166036129
17011_left,12,0.04587850719690323
17011_right,12,0.010303731076419353
17018_left,12,0.021245216950774193
17018_right,12,0.04601801559329033
17092_left,12,0.01979033835232258
17092_right,12,0.020567601546645164
17114_left,12,0.007055165711790323
17114_right,12,0.011798469349741936
17134_left,12,0.030313298106193542
17134_right,12,0.02301897294819355
17163_left,12,0.03400031849741936
17163_right,12,0.02373644709587097
17182_left,12,0.03226642310619354
17182_right,12,0.018913425505161285
17183_left,12,0.007254464086145163
17183_right,12,0.029894771054387093
17198_left,12,0.012595662847161293
17198_right,12,0.023796238005161285
17209_left,12,0.01347257662564516
17209_right,12,0.0392020083963871
17218_left,12,0.0206473208963871
17218_right,12,0.026546556502580643
17232_left,12,0.036910075694322586
17232_right,12,0.0379464291036129
17252_left,12,0.044184472411870956
17252_right,12,0.015505420975387096
17266_left,12,0.015445630997419357
17266_right,12,0.013851244002580643
17287_left,12,0.03910236060619354
17287_right,12,0.026985011994838715
17290_left,12,0.02662627585232258
17290_right,12,0.028280451893806458
17298_left,12,0.021245216950774193
17298_right,12,0.014568718150258064
17312_left,12,0.0348772332072258
17312_right,12,0.016521843150258064
17322_left,12,0.029536033049225807
17322_right,12,0.011599170975387096
17330_left,12,0.039680324494838715
17330_right,12,0.030213648453354836
17350_left,12,0.01731903664767742
17350_right,12,0.03874362260103226
17373_left,12,0.014947385527193546
17373_right,12,0.031050700694322586
17387_left,12,0.031150350347161293
17387_right,12,0.02578922174870968
17396_left,12,0.015704719349741936
17396_right,12,0.026825573295354843
17399_left,12,0.014628507196903229
17399_right,12,0.013014189898967743
17401_left,12,0.03232621029019356
17401_right,12,0.04043766111135483
17422_left,12,0.03338249400258064
17422_right,12,0.0551060251891613
17463_left,12,0.0344587042927742
17463_right,12,0.017099808901548386
17475_left,12,0.016282685101032257
17475_right,12,0.03561463579535484
17494_left,12,0.014548787847161293
17494_right,12,0.01110092457383871
17504_left,12,0.020428093150258064
17504_right,12,0.02092633955180645
17517_left,12,0.01951131969690323
17517_right,12,0.028240593150258064
17526_left,12,0.011061064898967743
17526_right,12,0.03728874400258064
17540_left,12,0.01759805530309677
17540_right,12,0.031010841950774193
17567_left,12,0.01797672174870968
17567_right,12,0.02778220735490322
17571_left,12,0.013731664977967739
17571_right,12,0.03722895309329033
17581_left,12,0.01979033835232258
17581_right,12,0.012954400852322578
17627_left,12,0.054069675505161285
17627_right,12,0.03083147294819355
17629_left,12,0.04245057329535484
17629_right,12,0.04739317670464516
17630_left,12,0.0311104916036129
17630_right,12,0.030153857544064522
17636_left,12,0.02345743030309677
17636_right,12,0.029197225347161293
17645_left,12,0.021843113005161285
17645_right,12,0.012735172174870968
17684_left,12,0.027224170044064522
17684_right,12,0.019989635795354843
17688_left,12,0.01731903664767742
17688_right,12,0.03531568869948387
17723_left,12,0.0186941958963871
17723_right,12,0.01191804837435484
17725_left,12,0.016800861805677414
17725_right,12,0.0304129458963871
17746_left,12,0.01715959794819355
17746_right,12,0.03415975719690323
17759_left,12,0.046875
17759_right,12,0.038145728409290314
17760_left,12,0.04145408049225807
17760_right,12,0.05163823440670967
17792_left,12,0.03812579810619354
17792_right,12,0.03252550959587097
17800_left,12,0.017358897253870964
17800_right,12,0.02537069469690323
17811_left,12,0.02010921575129032
17811_right,12,0.031987402588129044
17833_left,12,0.01213727705180645
17833_right,12,0.02969547174870968
17843_left,12,0.016800861805677414
17843_right,12,0.01727917790412903
17846_left,12,0.014927455224096775
17846_right,12,0.03176817670464516
17853_left,12,0.017458545044064522
17853_right,12,0.024533642455935478
17861_left,12,0.014488998800516129
17861_right,12,0.01311383955180645
17864_left,12,0.013233418576419353
17864_right,12,0.013731664977967739
17912_left,12,0.018096301704645157
17912_right,12,0.03196747601032257
17972_left,12,0.025211255997419357
17972_right,12,0.027124522253870964
17979_left,12,0.032286353409290314
17979_right,12,0.021145567297935486
17989_left,12,0.012735172174870968
17989_right,12,0.010503029450774193
18005_left,12,0.0461774542927742
18005_right,12,0.01787707209587097
18030_left,12,0.030512595549225807
18030_right,12,0.03408003970980644
18054_left,12,0.0516183041036129
18054_right,12,0.034797511994838715
18059_left,12,0.023397639393806458
18059_right,12,0.017239317297935486
18070_left,12,0.0047433036379516125
18070_right,12,0.02594866044819355
18071_left,12,0.025191325694322586
18071_right,12,0.0340401791036129
18099_left,12,0.03408003970980644
18099_right,12,0.03798628970980644
18103_left,12,0.015744579955935478
18103_right,12,0.0265066958963871
18105_left,12,0.037109375
18105_right,12,0.018435107544064522
18113_left,12,0.010901626199483871
18113_right,12,0.03651148080825806
18119_left,12,0.015565210022032261
18119_right,12,0.01588408835232258
18147_left,12,0.0272042416036129
18147_right,12,0.026307398453354836
18151_left,12,0.033003825694322586
18151_right,12,0.019312022253870964
18163_left,12,0.016940370202064514
18163_right,12,0.03726881369948387
18178_left,12,0.03748804330825806
18178_right,12,0.022241709753870964
18259_left,12,0.032425861805677414
18259_right,12,0.018335459753870964
18279_left,12,0.02469308115541935
18279_right,12,0.020268654450774193
18307_left,12,0.04920679330825806
18307_right,12,0.011858259327709675
18310_left,12,0.011658960022032261
18310_right,12,0.01428970042616129
18319_left,12,0.02859933115541935
18319_right,12,0.03218670189380646
18329_left,12,0.057975925505161285
18329_right,12,0.011439732275903225
18346_left,12,0.029815051704645157
18346_right,12,0.01897321455180645
18362_left,12,0.021524235606193542
18362_right,12,0.025988521054387093
18368_left,12,0.025211255997419357
18368_right,12,0.029376594349741936
18395_left,12,0.04334741830825806
18395_right,12,0.030094068497419357
18402_left,12,0.01927216164767742
18402_right,12,0.01151945162564516
18420_left,12,0.006816007662564516
18420_right,12,0.011379942297935486
18429_left,12,0.012954400852322578
18429_right,12,0.022959183901548386
18433_left,12,0.015983738005161285
18433_right,12,0.022839603945612907
18437_left,12,0.0281808041036129
18437_right,12,0.015625
18438_left,12,0.03806600719690323
18438_right,12,0.027861926704645157
18443_left,12,0.03095105290412903
18443_right,12,0.02190290205180645
18502_left,12,0.007792570162564516
18502_right,12,0.047213807702064514
18509_left,12,0.013213488273322582
18509_right,12,0.030333226546645164
18523_left,12,0.02190290205180645
18523_right,12,0.02132493630051613
18534_left,12,0.015505420975387096
18534_right,12,0.016701212152838707
18536_left,12,0.02262037619948387
18536_right,12,0.026745853945612907
18541_left,12,0.028280451893806458
18541_right,12,0.02415497414767742
18560_left,12,0.040517378598451614
18560_right,12,0.015864158049225807
18566_left,12,0.028280451893806458
18566_right,12,0.03352200239896774
18567_left,12,0.008709343150258064
18567_right,12,0.020746970549225807
18597_left,12,0.027244100347161293
18597_right,12,0.01883370615541935
18608_left,12,0.02997449040412903
18608_right,12,0.03336256369948387
18619_left,12,0.0343191958963871
18619_right,12,0.0322265625
18644_left,12,0.021843113005161285
18644_right,12,0.013911033049225807
18663_left,12,0.016940370202064514
18663_right,12,0.02076690085232258
18666_left,12,0.007433833088725805
18666_right,12,0.03665098920464516
18673_left,12,0.045539699494838715
18673_right,12,0.019351880997419357
18678_left,12,0.028360173106193542
18678_right,12,0.037866707891225815
18686_left,12,0.05117984861135483
18686_right,12,0.013811384327709675
18728_left,12,0.02555006369948387
18728_right,12,0.019411670044064522
18738_left,12,0.02662627585232258
18738_right,12,0.01422991044819355
18744_left,12,0.033422354608774185
18744_right,12,0.027283960953354836
18745_left,12,0.024473851546645164
18745_right,12,0.024234693497419357
18760_left,12,0.031469229608774185
18760_right,12,0.02345743030309677
18817_left,12,0.032963965088129044
18817_right,12,0.01592394709587097
18829_left,12,0.017578125
18829_right,12,0.010821906849741936
18836_left,12,0.020826689898967743
18836_right,12,0.041653379797935486
18837_left,12,0.02804129384458065
18837_right,12,0.019471460953354836
18862_left,12,0.014389349147677422
18862_right,12,0.020149074494838715
18876_left,12,0.039700254797935486
18876_right,12,0.010224011726677418
18886_left,12,0.022281568497419357
18886_right,12,0.02762276865541935
18907_left,12,0.0489676333963871
18907_right,12,0.025849010795354843
18939_left,12,0.026865433901548386
18939_right,12,0.020308513194322586
18948_left,12,0.041633449494838715
18948_right,12,0.025609852746129036
18970_left,12,0.040397800505161285
18970_right,12,0.014787946827709675
18982_left,12,0.02052774280309677
18982_right,12,0.021723533049225807
19014_left,12,0.047771841287612915
19014_right,12,0.028519611805677414
19046_left,12,0.018195949494838715
19046_right,12,0.01729910634458065
19059_left,12,0.013970823027193546
19059_right,12,0.013751594349741936
19067_left,12,0.03894292190670967
19067_right,12,0.0167410708963871
19124_left,12,0.009745694696903229
19124_right,12,0.03952088579535484
19161_left,12,0.008450254797935486
19161_right,12,0.031449299305677414
19163_left,12,0.01955118030309677
19163_right,12,0.01700015924870968
19200_left,12,0.02594866044819355
19200_right,12,0.02034837380051613
19202_left,12,0.02317841164767742
19202_right,12,0.017518335953354836
19219_left,12,0.028539540246129036
19219_right,12,0.022341357544064522
19221_left,12,0.019172511994838715
19221_right,12,0.019630899652838707
19257_left,12,0.044304050505161285
19257_right,12,0.03164859861135483
19278_left,12,0.027423469349741936
19278_right,12,0.023118622601032257
19301_left,12,0.029296875
19301_right,12,0.019889988005161285
19302_left,12,0.014130261726677418
19302_right,12,0.027722416445612907
19326_left,12,0.0433872751891613
19326_right,12,0.018614476546645164
19399_left,12,0.017578125
19399_right,12,0.026287468150258064
19400_left,12,0.014170121401548386
19400_right,12,0.017797352746129036
19447_left,12,0.028439892455935478
19447_right,12,0.022919323295354843
19458_left,12,0.026167888194322586
19458_right,12,0.023198341950774193
19460_left,12,0.04914700239896774
19460_right,12,0.01983019709587097
19467_left,12,0.02206234075129032
19467_right,12,0.026147959753870964
19472_left,12,0.04237085580825806
19472_right,12,0.037029653787612915
19473_left,12,0.018933353945612907
19473_right,12,0.03071189485490322
19477_left,12,0.02006935514509678
19477_right,12,0.014130261726677418
19489_left,12,0.0323660708963871
19489_right,12,0.01937181130051613
19493_left,12,0.0206473208963871
19493_right,12,0.02272002585232258
19494_left,12,0.014967314898967743
19494_right,12,0.02066725119948387
19500_left,12,0.02732381969690323
19500_right,12,0.020169004797935486
19536_left,12,0.02020886540412903
19536_right,12,0.01311383955180645
19542_left,12,0.012376435101032257
19542_right,12,0.018096301704645157
19564_left,12,0.023218272253870964
19564_right,12,0.048210300505161285
19575_left,12,0.01634247414767742
19575_right,12,0.01857461780309677
19576_left,12,0.02174346335232258
19576_right,12,0.023218272253870964
19580_left,12,0.02317841164767742
19580_right,12,0.019889988005161285
19581_left,12,0.0184151791036129
19581_right,12,0.010821906849741936
19588_left,12,0.016780931502580643
19588_right,12,0.0378069207072258
19609_left,12,0.04747289419174194
19609_right,12,0.03427933529019356
19617_left,12,0.0185546875
19617_right,12,0.0107421875
19628_left,12,0.02415497414767742
19628_right,12,0.04105548560619354
19638_left,12,0.040776465088129044
19638_right,12,0.0272042416036129
19649_left,12,0.02272002585232258
19649_right,12,0.02076690085232258
19662_left,12,0.012974330224096775
19662_right,12,0.03128986060619354
19694_left,12,0.02008928544819355
19694_right,12,0.06234056130051613
19711_left,12,0.025151466950774193
19711_right,12,0.008051658049225807
19717_left,12,0.019013073295354843
19717_right,12,0.031130420044064522
19722_left,12,0.017119739204645157
19722_right,12,0.04452327638864517
19793_left,12,0.025011958554387093
19793_right,12,0.026008449494838715
19802_left,12,0.029077647253870964
19802_right,12,0.027303889393806458
19811_left,8,0.007593271788209677
19811_right,9,0.006277901586145163
19839_left,12,0.03085140325129032
19839_right,12,0.03150908648967743
19859_left,12,0.0472935251891613
19859_right,12,0.021285075694322586
19865_left,12,0.03308354690670967
19865_right,12,0.016701212152838707
19867_left,12,0.018474968150258064
19867_right,12,0.017518335953354836
19888_left,12,0.05131935700774193
19888_right,12,0.011619100347161293
19915_left,12,0.023676658049225807
19915_right,12,0.03938137739896774
19935_left,12,0.013632015325129032
19935_right,12,0.019710619002580643
19950_left,12,0.029476244002580643
19950_right,12,0.03310347720980644
20009_left,12,0.013193558901548386
20009_right,12,0.010562818497419357
20026_left,12,0.02315848134458065
20026_right,12,0.030871333554387093
20034_left,12,0.04545998200774193
20034_right,12,0.0359933041036129
20061_left,12,0.01799665205180645
20061_right,12,0.029536033049225807
20063_left,12,0.030931122601032257
20063_right,12,0.03360172361135483
20077_left,12,0.043865591287612915
20077_right,12,0.021823182702064514
20080_left,12,0.02499202825129032
20080_right,12,0.026267537847161293
20089_left,12,0.020467951893806458
20089_right,12,0.042191486805677414
20092_left,12,0.026606345549225807
20092_right,12,0.017518335953354836
20093_left,12,0.02248086780309677
20093_right,12,0.01193797867745161
20098_left,12,0.012416294775903225
20098_right,12,0.009944994002580643
20111_left,12,0.03069196455180645
20111_right,12,0.041653379797935486
20130_left,12,0.034119896590709686
20130_right,12,0.03126993030309677
20165_left,12,0.03276466950774193
20165_right,12,0.04440369829535484
20176_left,12,0.02317841164767742
20176_right,12,0.034937020391225815
20184_left,12,0.022221779450774193
20184_right,12,0.0339006707072258
20226_left,12,0.031050700694322586
20226_right,12,0.02066725119948387
20242_left,12,0.0164620541036129
20242_right,12,0.018893495202064514
20243_left,12,0.015864158049225807
20243_right,12,0.01422991044819355
20271_left,12,0.02132493630051613
20271_right,12,0.027961574494838715
20289_left,12,0.04551976919174194
20289_right,12,0.014329560101032257
20299_left,12,0.04587850719690323
20299_right,12,0.01899314485490322
20306_left,12,0.01616310514509678
20306_right,12,0.01909279264509678
20309_left,12,0.02610809914767742
20309_right,12,0.013293207623064518
20322_left,12,0.031728316098451614
20322_right,12,0.051120057702064514
20323_left,12,0.02927694469690323
20323_right,12,0.010722257196903229
20344_left,12,0.024792728945612907
20344_right,12,0.04928651079535484
20346_left,12,0.007493622601032257
20346_right,12,0.033701371401548386
20359_left,12,0.029117505997419357
20359_right,12,0.025749363005161285
20360_left,12,0.02652662619948387
20360_right,12,0.02104591764509678
20439_left,12,0.03419961780309677
20439_right,12,0.03001434914767742
20455_left,12,0.021703602746129036
20455_right,12,0.029476244002580643
20461_left,12,0.038703761994838715
20461_right,12,0.014010682702064514
20478_left,12,0.032445792108774185
20478_right,12,0.019571110606193542
20482_left,12,0.01827566884458065
20482_right,12,0.014827806502580643
20490_left,12,0.022839603945612907
20490_right,12,0.020149074494838715
20513_left,12,0.01526626292616129
20513_right,12,0.033282846212387085
20529_left,12,0.01969068869948387
20529_right,12,0.02662627585232258
20547_left,12,0.01799665205180645
20547_right,12,0.029097575694322586
20568_left,12,0.051419004797935486
20568_right,12,0.05163823440670967
20574_left,12,0.020149074494838715
20574_right,12,0.027403539046645164
20592_left,12,0.026745853945612907
20592_right,12,0.015525350347161293
20603_left,12,0.019889988005161285
20603_right,12,0.021404655650258064
20608_left,12,0.04159358888864517
20608_right,12,0.027423469349741936
20613_left,12,0.010821906849741936
20613_right,12,0.017797352746129036
20624_left,12,0.016661351546645164
20624_right,12,0.029675541445612907
20648_left,12,0.022082271054387093
20648_right,12,0.03212691470980644
20670_left,12,0.038723692297935486
20670_right,12,0.007433833088725805
20679_left,12,0.027861926704645157
20679_right,12,0.01618303544819355
20705_left,12,0.029257014393806458
20705_right,12,0.02861925959587097
20738_left,12,0.03350207209587097
20738_right,12,0.018335459753870964
20747_left,12,0.018873564898967743
20747_right,12,0.016422193497419357
20774_left,12,0.01409040205180645
20774_right,12,0.03372130170464516
20780_left,12,0.031867824494838715
20780_right,12,0.015724649652838707
20822_left,12,0.06397480517625809
20822_right,12,0.032007332891225815
20851_left,12,0.024513712152838707
20851_right,12,0.038285236805677414
20855_left,12,0.017657844349741936
20855_right,12,0.01409040205180645
20903_left,12,0.013691805303096771
20903_right,12,0.0339006707072258
20910_left,12,0.02690529264509678
20910_right,12,0.012575733475387096
20933_left,12,0.014150191098451614
20933_right,12,0.009327168576419353
20942_left,12,0.01799665205180645
20942_right,12,0.026985011994838715
20945_left,12,0.0186941958963871
20945_right,12,0.045818716287612915
20985_left,12,0.031010841950774193
20985_right,12,0.018873564898967743
20986_left,12,0.02262037619948387
20986_right,12,0.026546556502580643
20999_left,12,0.012157206423580647
20999_right,12,0.011439732275903225
21018_left,12,0.050163425505161285
21018_right,12,0.025211255997419357
21031_left,12,0.021982621401548386
21031_right,12,0.011001275852322578
21045_left,12,0.041254784911870956
21045_right,12,0.03126993030309677
21054_left,12,0.008131377398967743
21054_right,12,0.019052933901548386
21079_left,12,0.027383610606193542
21079_right,12,0.008709343150258064
21088_left,12,0.0244140625
21088_right,12,0.03485730290412903
21111_left,12,0.027264030650258064
21111_right,12,0.016980228945612907
21149_left,12,0.0262276791036129
21149_right,12,0.04350685700774193
21167_left,12,0.05235570669174194
21167_right,12,0.043746013194322586
21188_left,12,0.04866868630051613
21188_right,12,0.01953125
21190_left,12,0.025290975347161293
21190_right,12,0.035216040909290314
21192_left,12,0.03583386540412903
21192_right,12,0.03475765138864517
21195_left,12,0.019033003598451614
21195_right,12,0.02076690085232258
21206_left,12,0.02006935514509678
21206_right,12,0.017199458554387093
21225_left,12,0.027124522253870964
21225_right,12,0.01389110367745161
21251_left,12,0.04085618630051613
21251_right,12,0.02024872414767742
21257_left,12,0.0213448666036129
21257_right,12,0.025589924305677414
21262_left,12,0.009446747601032257
21262_right,12,0.0387834832072258
21270_left,12,0.03400031849741936
21270_right,12,0.04203204810619354
21273_left,12,0.021982621401548386
21273_right,12,0.028519611805677414
21278_left,12,0.023676658049225807
21278_right,12,0.014668367803096771
21281_left,12,0.022640306502580643
21281_right,12,0.02285953424870968
21296_left,12,0.04251036420464516
21296_right,12,0.020428093150258064
21298_left,12,0.038564253598451614
21298_right,12,0.017498405650258064
21303_left,12,0.019870057702064514
21303_right,12,0.012735172174870968
21320_left,12,0.007453762926161289
21320_right,12,0.026267537847161293
21345_left,12,0.013133768923580647
21345_right,12,0.014190050773322582
21389_left,12,0.018315529450774193
21389_right,12,0.01688058115541935
21411_left,12,0.01857461780309677
21411_right,12,0.02666613459587097
21427_left,12,0.01955118030309677
21427_right,12,0.020727040246129036
21444_left,7,0.01564493030309677
21444_right,12,0.012256856076419353
21458_left,12,0.020268654450774193
21458_right,12,0.020448023453354836
21469_left,12,0.01602359674870968
21469_right,12,0.017518335953354836
21485_left,12,0.019650829955935478
21485_right,12,0.0146484375
21487_left,12,0.022560587152838707
21487_right,12,0.0193917416036129
21491_left,12,0.01347257662564516
21491_right,12,0.03740832209587097
21500_left,12,0.031070630997419357
21500_right,12,0.016402263194322586
21501_left,12,0.014608577825129032
21501_right,12,0.04482222720980644
21510_left,12,0.012296715751290321
21510_right,12,0.04783163219690323
21512_left,12,0.016003666445612907
21512_right,12,0.01500717457383871
21534_left,12,0.03782685101032257
21534_right,12,0.0398995541036129
21541_left,12,0.01428970042616129
21541_right,12,0.019471460953354836
21549_left,12,0.025908801704645157
21549_right,12,0.02511160634458065
21556_left,12,0.02383609674870968
21556_right,12,0.0404575876891613
21561_left,12,0.027941646054387093
21561_right,12,0.022241709753870964
21578_left,12,0.011200574226677418
21578_right,12,0.02485251985490322
21645_left,12,0.023118622601032257
21645_right,12,0.031210139393806458
21652_left,12,0.02132493630051613
21652_right,12,0.020866550505161285
21655_left,12,0.03625239059329033
21655_right,12,0.02497209794819355
21658_left,12,0.03154894709587097
21658_right,12,0.023377710953354836
21661_left,12,0.02901785634458065
21661_right,12,0.023776307702064514
21741_left,12,0.02244100719690323
21741_right,12,0.023776307702064514
21760_left,12,0.027423469349741936
21760_right,12,0.009765625
21792_left,12,0.026885364204645157
21792_right,12,0.01923230290412903
21796_left,12,0.0186941958963871
21796_right,12,0.016661351546645164
21864_left,12,0.0486886166036129
21864_right,12,0.02230149880051613
21929_left,12,0.025271045044064522
21929_right,12,0.05193718150258064
21935_left,12,0.024653220549225807
21935_right,12,0.0389229916036129
21994_left,12,0.017079878598451614
21994_right,12,0.048349808901548386
22008_left,12,0.012814891524612904
22008_right,12,0.026426976546645164
22016_left,12,0.027582908049225807
22016_right,12,0.017637914046645164
22026_left,12,0.009526466950774193
22026_right,12,0.014887595549225807
22028_left,12,0.010682397522032261
22028_right,12,0.01913265325129032
22043_left,12,0.025849010795354843
22043_right,12,0.028260523453354836
22051_left,12,0.028439892455935478
22051_right,12,0.016521843150258064
22144_left,12,0.021564094349741936
22144_right,12,0.04601801559329033
22189_left,12,0.0203683041036129
22189_right,12,0.04061702638864517
22191_left,12,0.011878188699483871
22191_right,12,0.02204241044819355
22228_left,12,0.010343590751290321
22228_right,12,0.029257014393806458
22268_left,12,0.018435107544064522
22268_right,12,0.013372926972806454
22283_left,12,0.039979271590709686
22283_right,12,0.01969068869948387
22298_left,12,0.030612245202064514
22298_right,12,0.015545280650258064
22299_left,12,0.016262754797935486
22299_right,12,0.01857461780309677
22314_left,12,0.015664860606193542
22314_right,12,0.02303890325129032
22327_left,12,0.035076528787612915
22327_right,12,0.048907846212387085
22334_left,12,0.0164620541036129
22334_right,12,0.021125636994838715
22349_left,12,0.011080995202064514
22349_right,12,0.03812579810619354
22397_left,12,0.021384725347161293
22397_right,12,0.011539380997419357
22410_left,12,0.029296875
22410_right,12,0.028778698295354843
22416_left,12,0.015664860606193542
22416_right,12,0.036053091287612915
22422_left,12,0.04719387739896774
22422_right,12,0.02859933115541935
22425_left,12,0.018315529450774193
22425_right,12,0.0196707583963871
22430_left,12,0.014349489472806454
22430_right,12,0.01526626292616129
22433_left,12,0.035514988005161285
22433_right,12,0.020129146054387093
22473_left,12,0.027164380997419357
22473_right,12,0.023397639393806458
22480_left,12,0.02275988459587097
22480_right,12,0.013671875
22488_left,12,0.014130261726677418
22488_right,12,0.010263871401548386
22527_left,12,0.02802136540412903
22527_right,12,0.010622608475387096
22540_left,12,0.01955118030309677
22540_right,12,0.02080675959587097
22542_left,12,0.03742825239896774
22542_right,12,0.022401148453354836
22543_left,12,0.0069754463620483875
22543_right,12,0.007234534248709679
22557_left,12,0.04406489059329033
22557_right,12,0.035355549305677414
22599_left,12,0.03541533648967743
22599_right,12,0.056002870202064514
22605_left,12,0.020966198295354843
22605_right,12,0.0167410708963871
22607_left,12,0.030074138194322586
22607_right,12,0.019351880997419357
22616_left,12,0.025350764393806458
22616_right,12,0.01983019709587097
22617_left,12,0.017518335953354836
22617_right,12,0.01620296575129032
22632_left,12,0.025888871401548386
22632_right,12,0.03134964779019356
22647_left,12,0.016521843150258064
22647_right,12,0.009785555303096771
22652_left,12,0.016382334753870964
22652_right,12,0.022281568497419357
22654_left,12,0.022580517455935478
22654_right,12,0.011639030650258064
22665_left,12,0.015345982275903225
22665_right,12,0.04376594349741936
22670_left,12,0.04424425959587097
22670_right,12,0.014130261726677418
22677_left,12,0.023816166445612907
22677_right,12,0.0263671875
22678_left,12,0.021564094349741936
22678_right,12,0.026028379797935486
22684_left,12,0.012436224147677422
22684_right,12,0.01325334794819355
22713_left,12,0.029117505997419357
22713_right,12,0.042490433901548386
22729_left,12,0.029635682702064514
22729_right,12,0.01729910634458065
22744_left,12,0.029675541445612907
22744_right,12,0.015983738005161285
22769_left,12,0.019730549305677414
22769_right,12,0.023935746401548386
22803_left,12,0.017797352746129036
22803_right,12,0.04532047361135483
22810_left,12,0.021165497601032257
22810_right,12,0.020049426704645157
22811_left,12,0.005819515325129032
22811_right,12,0.0057198661379516125
22816_left,12,0.046635840088129044
22816_right,12,0.024354273453354836
22863_left,12,0.040258292108774185
22863_right,12,0.03413982689380646
22900_left,12,0.022500798106193542
22900_right,12,0.029775191098451614
22905_left,12,0.03419961780309677
22905_right,12,0.017637914046645164
22916_left,12,0.0313895083963871
22916_right,12,0.02092633955180645
22942_left,12,0.016920439898967743
22942_right,12,0.01909279264509678
22975_left,12,0.010403379797935486
22975_right,12,0.020029496401548386
22992_left,12,0.024194834753870964
22992_right,12,0.007593271788209677
22994_left,12,0.037348534911870956
22994_right,12,0.02174346335232258
23009_left,12,0.014488998800516129
23009_right,12,0.01897321455180645
23069_left,12,0.041912466287612915
23069_right,12,0.040796395391225815
23073_left,12,0.044702645391225815
23073_right,12,0.049186863005161285
23102_left,12,0.0438058041036129
23102_right,12,0.015605069696903229
23148_left,12,0.03294403851032257
23148_right,12,0.02467315085232258
23165_left,12,0.02218191884458065
23165_right,12,0.014987245202064514
23170_left,12,0.0412946417927742
23170_right,12,0.024493781849741936
23210_left,12,0.01442920882254839
23210_right,12,0.015864158049225807
23213_left,12,0.015585140325129032
23213_right,12,0.009287308901548386
23244_left,12,0.013632015325129032
23244_right,12,0.03958067670464516
23248_left,12,0.02564971335232258
23248_right,12,0.017458545044064522
23249_left,12,0.012097417376935482
23249_right,12,0.031150350347161293
23271_left,12,0.04599808529019356
23271_right,12,0.044184472411870956
23295_left,12,0.02973533235490322
23295_right,12,0.026825573295354843
23300_left,12,0.013034120202064514
23300_right,12,0.014568718150258064
23325_left,12,0.009287308901548386
23325_right,12,0.010782047174870968
23335_left,12,0.016262754797935486
23335_right,11,0.005480708088725805
23356_left,12,0.03190768510103226
23356_right,12,0.017199458554387093
23476_left,12,0.023317920044064522
23476_right,12,0.02118542790412903
23519_left,12,0.0375279001891613
23519_right,12,0.017956791445612907
23528_left,12,0.01686065085232258
23528_right,12,0.018096301704645157
23529_left,12,0.024035396054387093
23529_right,12,0.02317841164767742
23560_left,12,0.03248564898967743
23560_right,12,0.04376594349741936
23572_left,12,0.05157844349741936
23572_right,12,0.014508928172290325
23581_left,12,0.02080675959587097
23581_right,12,0.06897719949483871
23596_left,12,0.03192761540412903
23596_right,12,0.02776227705180645
23614_left,12,0.029815051704645157
23614_right,12,0.017219386994838715
23647_left,12,0.028121013194322586
23647_right,12,0.02220184914767742
23655_left,12,0.019331950694322586
23655_right,12,0.014070471748709679
23657_left,12,0.012197066098451614
23657_right,12,0.019033003598451614
23683_left,12,0.02774234674870968
23683_right,12,0.0340401791036129
23696_left,12,0.03880341351032257
23696_right,12,0.019630899652838707
23709_left,12,0.05875318869948387
23709_right,12,0.037607621401548386
23725_left,12,0.019312022253870964
23725_right,12,0.01500717457383871
23731_left,12,0.01578443869948387
23731_right,12,0.020448023453354836
23746_left,12,0.012974330224096775
23746_right,12,0.01927216164767742
23748_left,12,0.0344587042927742
23748_right,12,0.011439732275903225
23782_left,12,0.018335459753870964
23782_right,12,0.028639189898967743
23783_left,12,0.013153699226677418
23783_right,12,0.013153699226677418
23796_left,12,0.02985491044819355
23796_right,12,0.017637914046645164
23805_left,12,0.027283960953354836
23805_right,12,0.023517219349741936
23810_left,12,0.017478475347161293
23810_right,12,0.011758609674870968
23829_left,12,0.009426817297935486
23829_right,12,0.0164620541036129
23847_left,12,0.015286192297935486
23847_right,12,0.014309629797935486
23897_left,12,0.038006216287612915
23897_right,12,0.04571906849741936
23905_left,12,0.027264030650258064
23905_right,12,0.026845503598451614
23930_left,12,0.015126753598451614
23930_right,12,0.011001275852322578
23941_left,12,0.031608738005161285
23941_right,12,0.01702008955180645
23942_left,12,0.025988521054387093
23942_right,12,0.01829559914767742
23945_left,12,0.012037627398967743
23945_right,12,0.013432716950774193
23954_left,12,0.015565210022032261
23954_right,12,0.0330636166036129
23961_left,12,0.028101084753870964
23961_right,12,0.00803172867745161
23974_left,12,0.02471300959587097
23974_right,12,0.014209981076419353
23993_left,12,0.00920758955180645
23993_right,12,0.014548787847161293
24018_left,12,0.023477360606193542
24018_right,12,0.01630261540412903
24025_left,12,0.021145567297935486
24025_right,12,0.023258130997419357
24033_left,12,0.0320870541036129
24033_right,12,0.01484773587435484
24102_left,12,0.04378587380051613
24102_right,12,0.03559470549225807
24157_left,12,0.01442920882254839
24157_right,12,0.028439892455935478
24233_left,12,0.020388232544064522
24233_right,12,0.033701371401548386
24241_left,12,0.01741868630051613
24241_right,12,0.02192283235490322
24243_left,12,0.037846777588129044
24243_right,12,0.027981504797935486
24266_left,12,0.049047354608774185
24266_right,12,0.04209183529019356
24298_left,12,0.020268654450774193
24298_right,12,0.04239078611135483
24334_left,12,0.024314412847161293
24334_right,12,0.040258292108774185
24336_left,12,0.03748804330825806
24336_right,12,0.03170838579535484
24381_left,12,0.02204241044819355
24381_right,12,0.01618303544819355
24387_left,12,0.025450414046645164
24387_right,12,0.01094148587435484
24461_left,12,0.025011958554387093
24461_right,12,0.047074299305677414
24468_left,12,0.03140943869948387
24468_right,12,0.024095185101032257
24469_left,12,0.01715959794819355
24469_right,12,0.021025989204645157
24542_left,12,0.019013073295354843
24542_right,12,0.030492665246129036
24549_left,12,0.06614716351032257
24549_right,12,0.0329241082072258
24558_left,12,0.017239317297935486
24558_right,12,0.008749202825129032
24588_left,12,0.027264030650258064
24588_right,12,0.022381218150258064
24592_left,12,0.01325334794819355
24592_right,12,0.02299904264509678
24625_left,12,0.02690529264509678
24625_right,12,0.04035793989896774
24641_left,12,0.04448341950774193
24641_right,12,0.03083147294819355
24651_left,12,0.019889988005161285
24651_right,12,0.022500798106193542
24662_left,12,0.008310746401548386
24662_right,12,0.025450414046645164
24703_left,12,0.02513153664767742
24703_right,12,0.023058833554387093
24706_left,12,0.017936863005161285
24706_right,12,0.026885364204645157
24708_left,12,0.019610969349741936
24708_right,12,0.026407048106193542
24712_left,12,0.039261799305677414
24712_right,12,0.038145728409290314
24737_left,12,0.037029653787612915
24737_right,12,0.03685028851032257
24745_left,12,0.02090640924870968
24745_right,12,0.04312818869948387
24757_left,12,0.022540656849741936
24757_right,12,0.020467951893806458
24780_left,12,0.013671875
24780_right,12,0.022959183901548386
24783_left,12,0.01634247414767742
24783_right,12,0.01130022294819355
24785_left,12,0.02662627585232258
24785_right,12,0.032983895391225815
24813_left,12,0.022421076893806458
24813_right,12,0.02024872414767742
24823_left,12,0.050143495202064514
24823_right,12,0.0392020083963871
24831_left,12,0.0281808041036129
24831_right,12,0.0281808041036129
24836_left,12,0.027523119002580643
24836_right,12,0.021384725347161293
24853_left,12,0.01994977705180645
24853_right,12,0.025171397253870964
24863_left,12,0.01644212380051613
24863_right,12,0.033402424305677414
24864_left,12,0.03629225119948387
24864_right,12,0.03043287619948387
24877_left,12,0.02680564485490322
24877_right,12,0.02299904264509678
24888_left,12,0.034518495202064514
24888_right,12,0.023895885795354843
24891_left,12,0.04880819469690323
24891_right,12,0.03736846148967743
24897_left,12,0.0445033498108387
24897_right,12,0.0234375
24903_left,12,0.01387117337435484
24903_right,12,0.023656727746129036
24941_left,12,0.020428093150258064
24941_right,12,0.024214763194322586
24953_left,12,0.01911272294819355
24953_right,12,0.013034120202064514
24981_left,12,0.03226642310619354
24981_right,12,0.05674027279019356
25002_left,12,0.014349489472806454
25002_right,12,0.041792888194322586
25008_left,12,0.02034837380051613
25008_right,12,0.019870057702064514
25064_left,12,0.012834821827709675
25064_right,12,0.01953125
25088_left,12,0.022580517455935478
25088_right,12,0.016681281849741936
25094_left,12,0.020408162847161293
25094_right,12,0.019889988005161285
25119_left,12,0.020966198295354843
25119_right,12,0.028140943497419357
25134_left,12,0.025569994002580643
25134_right,12,0.03567442670464516
25139_left,12,0.020029496401548386
25139_right,12,0.030771683901548386
25153_left,12,0.031030772253870964
25153_right,12,0.026307398453354836
25159_left,12,0.048190370202064514
25159_right,11,0.014987245202064514
25169_left,12,0.02676578424870968
25169_right,12,0.012376435101032257
25188_left,12,0.01500717457383871
25188_right,12,0.026287468150258064
25210_left,12,0.025051817297935486
25210_right,12,0.01815609075129032
25217_left,12,0.011639030650258064
25217_right,12,0.02178332209587097
25222_left,12,0.0069754463620483875
25222_right,12,0.005062181036919355
25238_left,12,0.016561701893806458
25238_right,12,0.01506696455180645
25258_left,12,0.032704878598451614
25258_right,12,0.051000479608774185
25273_left,12,0.014987245202064514
25273_right,12,0.019172511994838715
25274_left,12,0.01325334794819355
25274_right,12,0.0337611623108387
25308_left,12,0.013791454024612904
25308_right,12,0.02411511540412903
25310_left,12,0.04649633169174194
25310_right,12,0.03290417790412903
25316_left,12,0.016960300505161285
25316_right,12,0.011738680303096771
25335_left,12,0.023676658049225807
25335_right,12,0.053930167108774185
25338_left,12,0.023337850347161293
25338_right,12,0.013990752398967743
25364_left,12,0.030791614204645157
25364_right,12,0.015724649652838707
25389_left,12,0.03238600119948387
25389_right,12,0.022142060101032257
25399_left,12,0.011898119002580643
25399_right,12,0.01909279264509678
25404_left,12,0.026606345549225807
25404_right,12,0.02345743030309677
25407_left,12,0.04797114059329033
25407_right,12,0.03164859861135483
25412_left,12,0.02218191884458065
25412_right,12,0.029057716950774193
25425_left,12,0.04266980290412903
25425_right,12,0.024772800505161285
25428_left,12,0.022520726546645164
25428_right,12,0.014987245202064514
25444_left,12,0.025271045044064522
25444_right,12,0.020727040246129036
25457_left,12,0.016661351546645164
25457_right,12,0.021524235606193542
25467_left,12,0.028798628598451614
25467_right,12,0.04900749400258064
25471_left,12,0.01604352705180645
25471_right,12,0.01797672174870968
25477_left,12,0.023935746401548386
25477_right,12,0.039122290909290314
25482_left,12,0.0404575876891613
25482_right,12,0.01713966764509678
25514_left,12,0.01289461087435484
25514_right,12,0.021942760795354843
25518_left,12,0.012854751199483871
25518_right,12,0.012197066098451614
25547_left,12,0.04013871029019356
25547_right,12,0.016481982544064522
25568_left,12,0.02610809914767742
25568_right,12,0.014688297174870968
25658_left,12,0.041772957891225815
25658_right,12,0.020388232544064522
25672_left,12,0.013532365672290325
25672_right,12,0.026128029450774193
25739_left,12,0.037109375
25739_right,12,0.043466996401548386
25743_left,12,0.02931680530309677
25743_right,12,0.007692920975387096
25745_left,12,0.033980388194322586
25745_right,12,0.04452327638864517
25756_left,12,0.011340082623064518
25756_right,12,0.011120854876935482
25758_left,12,0.03475765138864517
25758_right,12,0.01783721335232258
25763_left,12,0.015086893923580647
25763_right,12,0.01827566884458065
25783_left,12,0.0334821417927742
25783_right,12,0.043726082891225815
25807_left,12,0.02176339365541935
25807_right,12,0.012814891524612904
25815_left,12,0.03402024880051613
25815_right,12,0.01590401865541935
25832_left,12,0.011140784248709679
25832_right,12,0.01799665205180645
25852_left,12,0.021723533049225807
25852_right,12,0.026407048106193542
25865_left,12,0.037866707891225815
25865_right,12,0.02971540205180645
25867_left,12,0.02178332209587097
25867_right,12,0.02802136540412903
25890_left,12,0.005301339086145163
25890_right,12,0.017358897253870964
25904_left,12,0.014768016524612904
25904_right,12,0.01785714365541935
25921_left,12,0.018235810101032257
25921_right,12,0.014150191098451614
25929_left,12,0.025191325694322586
25929_right,12,0.0472935251891613
25941_left,12,0.02959582209587097
25941_right,12,0.016820790246129036
25946_left,12,0.017897002398967743
25946_right,12,0.0126953125
25958_left,12,0.022979114204645157
25958_right,12,0.012974330224096775
25983_left,12,0.024035396054387093
25983_right,12,0.02439413219690323
25990_left,12,0.023098692297935486
25990_right,12,0.01885363459587097
26024_left,12,0.02387595735490322
26024_right,12,0.011399872601032257
26070_left,12,0.021265147253870964
26070_right,12,0.013492505997419357
26092_left,12,0.024653220549225807
26092_right,12,0.017936863005161285
26111_left,12,0.027244100347161293
26111_right,12,0.02303890325129032
26118_left,12,0.011738680303096771
26118_right,12,0.03156887739896774
26129_left,12,0.0283203125
26129_right,12,0.013093909248709679
26131_left,12,0.014110331423580647
26131_right,12,0.040118783712387085
26146_left,12,0.028200732544064522
26146_right,12,0.00996492337435484
26148_left,2,0.000996492337435484
26148_right,5,0.003388073993846774
26155_left,12,0.02875876985490322
26155_right,12,0.027244100347161293
26192_left,12,0.01387117337435484
26192_right,12,0.03435905650258064
26205_left,12,0.005301339086145163
26205_right,12,0.05012356489896774
26216_left,12,0.045699138194322586
26216_right,12,0.0284598208963871
26218_left,12,0.007772640325129032
26218_right,12,0.015585140325129032
26255_left,12,0.013014189898967743
26255_right,12,0.010801977477967739
26272_left,12,0.016721142455935478
26272_right,12,0.023497289046645164
26293_left,12,0.039560746401548386
26293_right,12,0.027702488005161285
26299_left,12,0.02146444469690323
26299_right,12,0.03150908648967743
26314_left,12,0.0405970998108387
26314_right,12,0.014987245202064514
26328_left,12,0.015326051972806454
26328_right,12,0.034538425505161285
26334_left,12,0.026327326893806458
26334_right,12,0.00914779957383871
26336_left,12,0.028280451893806458
26336_right,12,0.021025989204645157
26342_left,12,0.009606186300516129
26342_right,12,0.0329241082072258
26349_left,12,0.02048788219690323
26349_right,12,0.0262276791036129
26357_left,12,0.017458545044064522
26357_right,12,0.03449856489896774
26365_left,12,0.016541773453354836
26365_right,12,0.02150430530309677
26413_left,12,0.036073021590709686
26413_right,12,0.01630261540412903
26452_left,12,0.026586415246129036
26452_right,12,0.01213727705180645
26462_left,12,0.026327326893806458
26462_right,12,0.025988521054387093
26465_left,12,0.02092633955180645
26465_right,12,0.033980388194322586
26466_left,12,0.041932396590709686
26466_right,12,0.02301897294819355
26502_left,12,0.021524235606193542
26502_right,12,0.040098853409290314
26514_left,12,0.02471300959587097
26514_right,12,0.014807876199483871
26520_left,12,0.03924186900258064
26520_right,12,0.02369658835232258
26528_left,12,0.012515943497419357
26528_right,12,0.027244100347161293
26536_left,12,0.03972018510103226
26536_right,12,0.021424585953354836
26570_left,12,0.02371651865541935
26570_right,12,0.03358179330825806
26616_left,12,0.037189096212387085
26616_right,12,0.0226004458963871
26618_left,12,0.03776706010103226
26618_right,12,0.015724649652838707
26637_left,12,0.01801658235490322
26637_right,12,0.027802135795354843
26677_left,12,0.010283800773322582
26677_right,12,0.012974330224096775
26693_left,12,0.0066764988005161285
26693_right,12,0.010861766524612904
26703_left,12,0.03294403851032257
26703_right,12,0.04783163219690323
26708_left,12,0.04775191470980644
26708_right,12,0.05899234861135483
26737_left,12,0.01813616044819355
26737_right,12,0.021444514393806458
26766_left,12,0.021962691098451614
26766_right,12,0.03525589779019356
26777_left,12,0.014150191098451614
26777_right,12,0.006536989938467741
26796_left,12,0.024493781849741936
26796_right,12,0.03924186900258064
26798_left,12,0.03154894709587097
26798_right,12,0.023497289046645164
26806_left,12,0.02734375
26806_right,12,0.033123403787612915
26807_left,12,0.03360172361135483
26807_right,12,0.023915816098451614
26827_left,12,0.039301659911870956
26827_right,12,0.020587531849741936
26840_left,12,0.036471620202064514
26840_right,12,0.016661351546645164
26870_left,12,0.01923230290412903
26870_right,12,0.03681042790412903
26873_left,12,0.017617985606193542
26873_right,12,0.015505420975387096
26898_left,12,0.05115991830825806
26898_right,12,0.04836973920464516
26930_left,12,0.046137597411870956
26930_right,12,0.01881377585232258
26942_left,12,0.014170121401548386
26942_right,12,0.017458545044064522
26952_left,12,0.014050542376935482
26952_right,12,0.0383649542927742
26955_left,12,0.021703602746129036
26955_right,12,0.038723692297935486
26961_left,12,0.02578922174870968
26961_right,12,0.03625239059329033
26996_left,12,0.025908801704645157
26996_right,12,0.04035793989896774
27003_left,12,0.01996970735490322
27003_right,12,0.029775191098451614
27006_left,12,0.019033003598451614
27006_right,12,0.021165497601032257
27015_left,12,0.01387117337435484
27015_right,12,0.03513631969690323
27057_left,12,0.01713966764509678
27057_right,12,0.012057557702064514
27100_left,12,0.03415975719690323
27100_right,12,0.014628507196903229
27109_left,12,0.007095025386661291
27109_right,12,0.003985969349741936
27112_left,12,0.0157645083963871
27112_right,12,0.012256856076419353
27144_left,12,0.019351880997419357
27144_right,12,0.01811623014509678
27165_left,12,0.027682557702064514
27165_right,12,0.014827806502580643
27168_left,12,0.0216238833963871
27168_right,12,0.01249601412564516
27194_left,12,0.02945631369948387
27194_right,12,0.020607462152838707
27213_left,12,0.03140943869948387
27213_right,12,0.016422193497419357
27240_left,12,0.03740832209587097
27240_right,12,0.019750477746129036
27244_left,12,0.034259408712387085
27244_right,12,0.0387834832072258
27266_left,12,0.03651148080825806
27266_right,12,0.01620296575129032
27271_left,12,0.007752710487693548
27271_right,12,0.011619100347161293
27277_left,12,0.019411670044064522
27277_right,12,0.036870215088129044
27286_left,12,0.0672433003783226
27286_right,12,0.04591836780309677
27288_left,12,0.026705995202064514
27288_right,12,0.022680165246129036
27304_left,12,0.017478475347161293
27304_right,12,0.02106584794819355
27338_left,12,0.02443399280309677
27338_right,12,0.026606345549225807
27339_left,12,0.027961574494838715
27339_right,12,0.02676578424870968
27360_left,12,0.0452008917927742
27360_right,12,0.020687181502580643
27363_left,12,0.011738680303096771
27363_right,12,0.022979114204645157
27370_left,12,0.04243064299225807
27370_right,12,0.031309790909290314
27404_left,12,0.019072864204645157
27404_right,12,0.016422193497419357
27443_left,12,0.024912308901548386
27443_right,12,0.054747290909290314
27457_left,12,0.057118941098451614
27457_right,12,0.0213448666036129
27481_left,12,0.01054288912564516
27481_right,12,0.0066964286379516125
27500_left,12,0.018096301704645157
27500_right,12,0.019192442297935486
27506_left,12,0.008808992803096771
27506_right,12,0.012097417376935482
27525_left,12,0.04021843150258064
27525_right,12,0.021823182702064514
27539_left,12,0.021683674305677414
27539_right,12,0.03057238459587097
27541_left,12,0.029755260795354843
27541_right,12,0.02467315085232258
27549_left,12,0.009725765325129032
27549_right,12,0.02118542790412903
27560_left,12,0.02313855290412903
27560_right,12,0.02582908235490322
27587_left,12,0.025430485606193542
27587_right,12,0.026745853945612907
27595_left,12,0.03210698440670967
27595_right,12,0.027104591950774193
27597_left,2,0.0010363520123064518
27597_right,8,0.003926179837435484
27611_left,12,0.024294482544064522
27611_right,12,0.017458545044064522
27623_left,12,0.03380101919174194
27623_right,12,0.02383609674870968
27635_left,12,0.0263671875
27635_right,12,0.01811623014509678
27647_left,12,0.03330277279019356
27647_right,12,0.033820949494838715
27654_left,12,0.02108577825129032
27654_right,12,0.014409279450774193
27698_left,12,0.018494898453354836
27698_right,12,0.025310905650258064
27708_left,12,0.013273278251290321
27708_right,12,0.03629225119948387
27710_left,12,0.04314811900258064
27710_right,12,0.025569994002580643
27712_left,12,0.023198341950774193
27712_right,12,0.015605069696903229
27732_left,12,0.020966198295354843
27732_right,12,0.014907525852322578
27734_left,12,0.036471620202064514
27734_right,12,0.02020886540412903
27746_left,12,0.0073740435764193535
27746_right,12,0.007991869002580643
27763_left,12,0.01783721335232258
27763_right,12,0.01249601412564516
27781_left,12,0.022401148453354836
27781_right,12,0.016681281849741936
27810_left,12,0.027303889393806458
27810_right,12,0.0513392873108387
27816_left,12,0.01634247414767742
27816_right,12,0.015605069696903229
27820_left,12,0.02620774880051613
27820_right,12,0.025151466950774193
27842_left,12,0.02373644709587097
27842_right,12,0.04141422361135483
27898_left,12,0.033262915909290314
27898_right,12,0.01955118030309677
27906_left,12,0.030094068497419357
27906_right,12,0.032983895391225815
27917_left,12,0.016422193497419357
27917_right,12,0.013691805303096771
27931_left,12,0.019351880997419357
27931_right,12,0.05464763939380646
27964_left,12,0.013014189898967743
27964_right,12,0.014728156849741936
27968_left,12,0.020129146054387093
27968_right,12,0.018076371401548386
27971_left,12,0.031489159911870956
27971_right,12,0.013153699226677418
28033_left,12,0.022381218150258064
28033_right,12,0.01506696455180645
28045_left,12,0.020408162847161293
28045_right,12,0.035933513194322586
28052_left,12,0.041912466287612915
28052_right,12,0.02094626985490322
28053_left,12,0.011280293576419353
28053_right,12,0.02708466164767742
28089_left,12,0.02006935514509678
28089_right,12,0.03415975719690323
28098_left,12,0.018734056502580643
28098_right,12,0.0319475457072258
28155_left,12,0.032007332891225815
28155_right,12,0.010702327825129032
28172_left,12,0.021603954955935478
28172_right,12,0.024533642455935478
28181_left,12,0.049724966287612915
28181_right,12,0.011419801972806454
28202_left,12,0.03109056130051613
28202_right,12,0.06196189299225807
28214_left,12,0.038026146590709686
28214_right,12,0.0315290167927742
28247_left,12,0.009765625
28247_right,12,0.033143334090709686
28254_left,12,0.012834821827709675
28254_right,12,0.028539540246129036
28258_left,12,0.02497209794819355
28258_right,12,0.008091517724096775
28272_left,12,0.014608577825129032
28272_right,12,0.02899792790412903
28318_left,12,0.022500798106193542
28318_right,12,0.020388232544064522
28340_left,12,0.009925063699483871
28340_right,12,0.005660076625645161
28368_left,12,0.016800861805677414
28368_right,12,0.010503029450774193
28409_left,12,0.036073021590709686
28409_right,12,0.021105708554387093
28457_left,12,0.010881696827709675
28457_right,12,0.011579240672290325
28479_left,12,0.023796238005161285
28479_right,12,0.022361287847161293
28509_left,12,0.04251036420464516
28509_right,12,0.01992984674870968
28540_left,12,0.02303890325129032
28540_right,12,0.040656886994838715
28548_left,12,0.023537149652838707
28548_right,12,0.026546556502580643
28559_left,12,0.04133450239896774
28559_right,12,0.01717952825129032
28572_left,12,0.009785555303096771
28572_right,12,0.0184151791036129
28573_left,12,0.02885841764509678
28573_right,12,0.05610251799225807
28586_left,12,0.0407366082072258
28586_right,12,0.02273995615541935
28603_left,12,0.03615274280309677
28603_right,12,0.03429926559329033
28604_left,12,0.027682557702064514
28604_right,12,0.04577885940670967
28612_left,12,0.006895727012306452
28612_right,12,0.02497209794819355
28618_left,12,0.04259008169174194
28618_right,12,0.031329721212387085
28654_left,12,0.030452806502580643
28654_right,12,0.023238200694322586
28660_left,12,0.01422991044819355
28660_right,12,0.012954400852322578
28701_left,12,0.0184151791036129
28701_right,12,0.03071189485490322
28711_left,12,0.007872289977967739
28711_right,12,0.02541055530309677
28754_left,12,0.014748087152838707
28754_right,12,0.02774234674870968
28807_left,12,0.05939094349741936
28807_right,12,0.01773756369948387
28817_left,12,0.02006935514509678
28817_right,12,0.019292091950774193
28840_left,12,0.011479591950774193
28840_right,12,0.025470344349741936
28883_left,12,0.022819675505161285
28883_right,12,0.032864317297935486
28895_left,12,0.02230149880051613
28895_right,12,0.03770726919174194
28905_left,12,0.016262754797935486
28905_right,12,0.01526626292616129
28913_left,12,0.045420121401548386
28913_right,12,0.013911033049225807
28923_left,12,0.039700254797935486
28923_right,12,0.02108577825129032
28993_left,12,0.0265066958963871
28993_right,12,0.021823182702064514
29002_left,12,0.03999920189380646
29002_right,12,0.026566486805677414
29019_left,12,0.04725366830825806
29019_right,12,0.029257014393806458
29030_left,12,0.035913582891225815
29030_right,12,0.016840720549225807
29042_left,12,0.029795121401548386
29042_right,12,0.03238600119948387
29075_left,12,0.020288584753870964
29075_right,12,0.020727040246129036
29096_left,12,0.04203204810619354
29096_right,12,0.030173787847161293
29102_left,12,0.02662627585232258
29102_right,12,0.036192603409290314
29104_left,12,0.01602359674870968
29104_right,12,0.012535873800516129
29107_left,12,0.035096459090709686
29107_right,12,0.01713966764509678
29117_left,12,0.015146683901548386
29117_right,12,0.02094626985490322
29139_left,12,0.01207748707383871
29139_right,12,0.022381218150258064
29169_left,12,0.038823340088129044
29169_right,12,0.026885364204645157
29182_left,12,0.02373644709587097
29182_right,12,0.014748087152838707
29194_left,12,0.015166613273322582
29194_right,12,0.022122129797935486
29218_left,12,0.025868941098451614
29218_right,12,0.027582908049225807
29239_left,12,0.0373883917927742
29239_right,12,0.01506696455180645
29267_left,12,0.01992984674870968
29267_right,12,0.021285075694322586
29277_left,12,0.017617985606193542
29277_right,12,0.030652103945612907
29297_left,12,0.013612085022032261
29297_right,12,0.02289939485490322
29303_left,12,0.0393415167927742
29303_right,12,0.00837053544819355
29362_left,12,0.033681441098451614
29362_right,12,0.01658163219690323
29385_left,12,0.027861926704645157
29385_right,12,0.04127471148967743
29398_left,12,0.017518335953354836
29398_right,12,0.0403180792927742
29430_left,12,0.015086893923580647
29430_right,12,0.021524235606193542
29445_left,12,0.021444514393806458
29445_right,12,0.01913265325129032
29451_left,12,0.02857940085232258
29451_right,12,0.013771524652838707
29462_left,12,0.018056441098451614
29462_right,12,0.04978475719690323
29472_left,12,0.01305404957383871
29472_right,12,0.02190290205180645
29484_left,12,0.009486607275903225
29484_right,12,0.04057716950774193
29518_left,12,0.02206234075129032
29518_right,12,0.023258130997419357
29574_left,12,0.017478475347161293
29574_right,12,0.023796238005161285
29577_left,12,0.02425462380051613
29577_right,12,0.0398995541036129
29604_left,12,0.035634566098451614
29604_right,12,0.016143176704645157
29621_left,12,0.018793845549225807
29621_right,12,0.02913743630051613
29661_left,12,0.02485251985490322
29661_right,12,0.02760283835232258
29673_left,12,0.013751594349741936
29673_right,12,0.007553412113338709
29679_left,12,0.01630261540412903
29679_right,12,0.02387595735490322
29682_left,12,0.02006935514509678
29682_right,12,0.04173310101032257
29702_left,12,0.023935746401548386
29702_right,12,0.045818716287612915
29711_left,12,0.014708227477967739
29711_right,12,0.015664860606193542
29723_left,12,0.023517219349741936
29723_right,12,0.020188935101032257
29726_left,12,0.022142060101032257
29726_right,12,0.01227678544819355
29732_left,12,0.022959183901548386
29732_right,12,0.040816325694322586
29737_left,12,0.02164381369948387
29737_right,12,0.0224609375
29790_left,12,0.024314412847161293
29790_right,12,0.016940370202064514
29796_left,12,0.04629703611135483
29796_right,12,0.022261638194322586
29810_left,12,0.02806122414767742
29810_right,12,0.0485491082072258
29846_left,12,0.022361287847161293
29846_right,12,0.019431600347161293
29865_left,12,0.015565210022032261
29865_right,12,0.019013073295354843
29898_left,12,0.032585300505161285
29898_right,12,0.02750318869948387
29910_left,12,0.022580517455935478
29910_right,12,0.03126993030309677
29911_left,12,0.015724649652838707
29911_right,12,0.01690050959587097
29962_left,12,0.016382334753870964
29962_right,12,0.015864158049225807
30026_left,12,0.00803172867745161
30026_right,12,0.011061064898967743
30030_left,12,0.040397800505161285
30030_right,12,0.028001435101032257
30061_left,12,0.020388232544064522
30061_right,12,0.016561701893806458
30069_left,12,0.01799665205180645
30069_right,12,0.02692522294819355
30073_left,12,0.03069196455180645
30073_right,12,0.012456154450774193
30097_left,12,0.016960300505161285
30097_right,12,0.020986128598451614
30102_left,12,0.0262276791036129
30102_right,12,0.0366908498108387
30116_left,12,0.043586574494838715
30116_right,12,0.01969068869948387
30122_left,12,0.03720902279019356
30122_right,12,0.02804129384458065
30125_left,12,0.026446906849741936
30125_right,12,0.008689412847161293
30140_left,12,0.032166771590709686
30140_right,12,0.018235810101032257
30141_left,12,0.028977997601032257
30141_right,12,0.01325334794819355
30169_left,12,0.023078761994838715
30169_right,12,0.01979033835232258
30170_left,12,0.044722575694322586
30170_right,12,0.01799665205180645
30175_left,12,0.026267537847161293
30175_right,12,0.02889827825129032
30181_left,12,0.017657844349741936
30181_right,12,0.02230149880051613
30194_left,12,0.05219626799225807
30194_right,12,0.022520726546645164
30201_left,12,0.01829559914767742
30201_right,12,0.030751753598451614
30213_left,12,0.02425462380051613
30213_right,12,0.02345743030309677
30246_left,12,0.00817123707383871
30246_right,12,0.02275988459587097
30266_left,12,0.04795121029019356
30266_right,12,0.021982621401548386
30274_left,12,0.05299346148967743
30274_right,12,0.025510204955935478
30287_left,12,0.01249601412564516
30287_right,12,0.022919323295354843
30290_left,12,0.037886638194322586
30290_right,12,0.021444514393806458
30349_left,12,0.041015625
30349_right,12,0.033541932702064514
30352_left,12,0.02566964365541935
30352_right,12,0.034119896590709686
30362_left,12,0.026028379797935486
30362_right,12,0.040258292108774185
30365_left,12,0.0235770083963871
30365_right,12,0.03290417790412903
30368_left,12,0.02997449040412903
30368_right,12,0.027523119002580643
30391_left,12,0.01713966764509678
30391_right,12,0.011758609674870968
30402_left,12,0.029097575694322586
30402_right,12,0.037348534911870956
30405_left,12,0.023337850347161293
30405_right,12,0.026865433901548386
30408_left,12,0.02006935514509678
30408_right,12,0.01785714365541935
30419_left,12,0.02415497414767742
30419_right,12,0.030233576893806458
30432_left,12,0.0244140625
30432_right,12,0.032704878598451614
30444_left,12,0.025071747601032257
30444_right,12,0.039540816098451614
30465_left,12,0.02080675959587097
30465_right,12,0.009705835022032261
30468_left,12,0.027523119002580643
30468_right,12,0.021025989204645157
30489_left,12,0.035375479608774185
30489_right,12,0.0283203125
30541_left,12,0.017936863005161285
30541_right,12,0.02188297174870968
30587_left,12,0.017059948295354843
30587_right,12,0.02847975119948387
30588_left,12,0.029635682702064514
30588_right,12,0.011340082623064518
30595_left,12,0.011678890325129032
30595_right,12,0.02303890325129032
30602_left,12,0.011240433901548386
30602_right,12,0.027124522253870964
30628_left,12,0.01690050959587097
30628_right,12,0.02415497414767742
30667_left,12,0.02885841764509678
30667_right,12,0.008649553172290325
30703_left,12,0.03868383169174194
30703_right,12,0.019331950694322586
30725_left,12,0.028778698295354843
30725_right,12,0.0242745541036129
30778_left,12,0.027662627398967743
30778_right,12,0.056979432702064514
30787_left,12,0.041653379797935486
30787_right,12,0.014608577825129032
30788_left,12,0.04838966950774193
30788_right,12,0.026048310101032257
30798_left,12,0.021404655650258064
30798_right,12,0.014548787847161293
30803_left,12,0.02594866044819355
30803_right,12,0.025031886994838715
30833_left,12,0.025350764393806458
30833_right,12,0.027164380997419357
30862_left,12,0.027124522253870964
30862_right,12,0.024772800505161285
30869_left,12,0.02262037619948387
30869_right,12,0.008191167376935482
30893_left,12,0.027822066098451614
30893_right,12,0.030313298106193542
30897_left,12,0.014190050773322582
30897_right,12,0.013014189898967743
30903_left,12,0.029097575694322586
30903_right,12,0.06136399880051613
30912_left,12,0.021703602746129036
30912_right,12,0.018514826893806458
30919_left,12,0.034538425505161285
30919_right,12,0.01590401865541935
30928_left,12,0.016800861805677414
30928_right,12,0.022421076893806458
30935_left,12,0.013034120202064514
30935_right,12,0.017219386994838715
30944_left,12,0.033402424305677414
30944_right,12,0.027961574494838715
30948_left,12,0.021584024652838707
30948_right,12,0.03095105290412903
30959_left,12,0.021823182702064514
30959_right,12,0.026705995202064514
30977_left,12,0.02216199040412903
30977_right,12,0.0235770083963871
31037_left,12,0.015345982275903225
31037_right,12,0.017219386994838715
31044_left,12,0.016960300505161285
31044_right,12,0.024075254797935486
31048_left,12,0.004583864938467741
31048_right,12,0.026845503598451614
31099_left,12,0.020049426704645157
31099_right,12,0.023756377398967743
31115_left,12,0.026307398453354836
31115_right,12,0.023915816098451614
31131_left,12,0.011818399652838707
31131_right,12,0.019351880997419357
31158_left,12,0.02497209794819355
31158_right,12,0.019730549305677414
31178_left,3,0.002431441331282258
31178_right,12,0.02104591764509678
31193_left,12,0.019292091950774193
31193_right,12,0.0206473208963871
31219_left,12,0.04229113459587097
31219_right,12,0.021603954955935478
31245_left,12,0.04739317670464516
31245_right,12,0.04396524280309677
31255_left,12,0.044722575694322586
31255_right,12,0.02006935514509678
31274_left,12,0.01983019709587097
31274_right,12,0.013432716950774193
31281_left,12,0.02620774880051613
31281_right,12,0.03852439299225807
31284_left,12,0.011479591950774193
31284_right,12,0.009845344349741936
31289_left,12,0.014329560101032257
31289_right,12,0.01797672174870968
31294_left,12,0.020567601546645164
31294_right,12,0.02275988459587097
31295_left,12,0.011738680303096771
31295_right,12,0.023477360606193542
31309_left,12,0.04195232689380646
31309_right,12,0.02399553544819355
31311_left,12,0.013133768923580647
31311_right,12,0.015226403251290321
31326_left,12,0.011698819696903229
31326_right,12,0.016083385795354843
31338_left,12,0.018873564898967743
31338_right,12,0.0302734375
31343_left,12,0.013990752398967743
31343_right,12,0.04251036420464516
31393_left,12,0.02401546575129032
31393_right,12,0.034937020391225815
31411_left,12,0.022839603945612907
31411_right,12,0.019650829955935478
31418_left,12,0.012655452825129032
31418_right,12,0.021444514393806458
31537_left,12,0.04717394709587097
31537_right,12,0.025868941098451614
31549_left,12,0.01825574040412903
31549_right,12,0.0320870541036129
31586_left,12,0.025470344349741936
31586_right,12,0.028380101546645164
31594_left,12,0.03125
31594_right,12,0.02216199040412903
31598_left,12,0.012575733475387096
31598_right,12,0.028499681502580643
31615_left,12,0.033282846212387085
31615_right,12,0.027861926704645157
31645_left,12,0.008868781849741936
31645_right,12,0.012037627398967743
31669_left,12,0.013771524652838707
31669_right,12,0.026247607544064522
31675_left,12,0.01713966764509678
31675_right,12,0.029914699494838715
31676_left,12,0.031588807702064514
31676_right,12,0.04328762739896774
31687_left,12,0.0164620541036129
31687_right,12,0.036073021590709686
31688_left,12,0.037169165909290314
31688_right,12,0.01783721335232258
31710_left,12,0.03999920189380646
31710_right,12,0.03330277279019356
31735_left,12,0.021145567297935486
31735_right,12,0.006457270588725805
31759_left,12,0.014469068497419357
31759_right,12,0.06788105517625809
31816_left,12,0.00940688792616129
31816_right,12,0.008828922174870968
31869_left,12,0.04769212380051613
31869_right,12,0.016980228945612907
31876_left,12,0.014070471748709679
31876_right,12,0.0263671875
31886_left,12,0.03240593150258064
31886_right,12,0.02174346335232258
31888_left,12,0.029197225347161293
31888_right,12,0.023238200694322586
31924_left,12,0.0375279001891613
31924_right,12,0.01715959794819355
31929_left,12,0.02495216764509678
31929_right,12,0.02150430530309677
31931_left,12,0.016143176704645157
31931_right,12,0.02483258955180645
31938_left,12,0.042749520391225815
31938_right,12,0.04099569469690323
31942_left,12,0.029496174305677414
31942_right,12,0.024732939898967743
31952_left,12,0.01829559914767742
31952_right,12,0.020308513194322586
31961_left,12,0.020846620202064514
31961_right,12,0.02164381369948387
31965_left,12,0.013930963352322578
31965_right,12,0.01644212380051613
31987_left,12,0.019710619002580643
31987_right,12,0.005819515325129032
31995_left,12,0.03553491830825806
31995_right,12,0.0329241082072258
32001_left,12,0.022580517455935478
32001_right,12,0.013133768923580647
32031_left,12,0.02299904264509678
32031_right,12,0.01094148587435484
32070_left,12,0.01094148587435484
32070_right,12,0.031887754797935486
32078_left,12,0.02816087380051613
32078_right,12,0.018753986805677414
32082_left,12,0.02008928544819355
32082_right,12,0.044284120202064514
32086_left,12,0.027841996401548386
32086_right,12,0.038424745202064514
32098_left,12,0.025191325694322586
32098_right,12,0.030891261994838715
32101_left,12,0.034119896590709686
32101_right,12,0.032983895391225815
32118_left,12,0.0337611623108387
32118_right,12,0.018793845549225807
32159_left,12,0.02802136540412903
32159_right,12,0.014070471748709679
32168_left,12,0.01899314485490322
32168_right,12,0.029356664046645164
32200_left,12,0.015385841950774193
32200_right,12,0.02957589365541935
32206_left,12,0.037348534911870956
32206_right,12,0.03862404450774193
32220_left,12,0.03224649280309677
32220_right,12,0.02369658835232258
32225_left,12,0.022640306502580643
32225_right,12,0.0397600457072258
32230_left,12,0.022421076893806458
32230_right,12,0.014967314898967743
32232_left,12,0.013711734674870968
32232_right,12,0.01136001292616129
32245_left,12,0.034937020391225815
32245_right,12,0.02080675959587097
32246_left,12,0.019870057702064514
32246_right,12,0.021564094349741936
32256_left,12,0.0379464291036129
32256_right,12,0.03890306130051613
32265_left,12,0.019471460953354836
32265_right,12,0.028360173106193542
32282_left,12,0.018674267455935478
32282_right,12,0.028958067297935486
32348_left,4,0.0053411987610161304
32348_right,12,0.020986128598451614
32356_left,12,0.023935746401548386
32356_right,12,0.0355747751891613
32373_left,12,0.036491550505161285
32373_right,12,0.0378069207072258
32380_left,12,0.019172511994838715
32380_right,12,0.018634406849741936
32405_left,12,0.020169004797935486
32405_right,12,0.036611128598451614
32411_left,12,0.030891261994838715
32411_right,12,0.025191325694322586
32412_left,12,0.035893652588129044
32412_right,12,0.023098692297935486
32451_left,12,0.027802135795354843
32451_right,12,0.023377710953354836
32452_left,12,0.050163425505161285
32452_right,12,0.01110092457383871
32491_left,12,0.026267537847161293
32491_right,12,0.034956950694322586
32589_left,12,0.017059948295354843
32589_right,12,0.011061064898967743
32604_left,12,0.014688297174870968
32604_right,12,0.01331313792616129
32620_left,12,0.027463329955935478
32620_right,12,0.0581752248108387
32628_left,12,0.017398755997419357
32628_right,12,0.027682557702064514
32633_left,12,0.040397800505161285
32633_right,12,0.025390625
32634_left,12,0.03477758169174194
32634_right,12,0.022221779450774193
32642_left,12,0.030472736805677414
32642_right,12,0.021006058901548386
32689_left,12,0.02875876985490322
32689_right,12,0.028400031849741936
32696_left,12,0.042749520391225815
32696_right,12,0.012954400852322578
32702_left,12,0.02718431130051613
32702_right,12,0.038285236805677414
32711_left,12,0.0205078125
32711_right,12,0.024613361805677414
32721_left,12,0.018614476546645164
32721_right,12,0.036750636994838715
32725_left,12,0.014768016524612904
32725_right,12,0.020826689898967743
32727_left,12,0.017099808901548386
32727_right,12,0.022560587152838707
32769_left,12,0.03818558529019356
32769_right,12,0.0361328125
32822_left,12,0.015983738005161285
32822_right,12,0.018773915246129036
32856_left,12,0.03463807329535484
32856_right,12,0.02303890325129032
32874_left,12,0.03700972720980644
32874_right,12,0.020607462152838707
32893_left,12,0.027144450694322586
32893_right,12,0.011639030650258064
32896_left,12,0.021982621401548386
32896_right,12,0.014110331423580647
32905_left,12,0.013552295975387096
32905_right,12,0.016222896054387093
32912_left,12,0.025310905650258064
32912_right,12,0.021305005997419357
32924_left,12,0.017498405650258064
32924_right,12,0.023198341950774193
32932_left,12,0.020966198295354843
32932_right,12,0.030233576893806458
32942_left,12,0.014130261726677418
32942_right,12,0.05201689898967743
32946_left,12,0.026845503598451614
32946_right,12,0.025071747601032257
32970_left,12,0.034677933901548386
32970_right,12,0.03378108888864517
32978_left,12,0.023198341950774193
32978_right,12,0.013731664977967739
33002_left,12,0.02983498014509678
33002_right,12,0.021683674305677414
33027_left,12,0.013532365672290325
33027_right,12,0.03240593150258064
33043_left,12,0.025211255997419357
33043_right,12,0.024035396054387093
33046_left,12,0.02022879384458065
33046_right,12,0.0087890625
33068_left,12,0.025470344349741936
33068_right,12,0.014389349147677422
33072_left,12,0.023477360606193542
33072_right,12,0.01632254384458065
33082_left,12,0.036750636994838715
33082_right,12,0.011140784248709679
33088_left,12,0.034418847411870956
33088_right,12,0.02216199040412903
33094_left,12,0.0302734375
33094_right,12,0.0330636166036129
33119_left,12,0.012715242803096771
33119_right,12,0.015664860606193542
33125_left,12,0.02620774880051613
33125_right,12,0.019331950694322586
33137_left,12,0.028679050505161285
33137_right,12,0.03266501799225807
33145_left,12,0.02899792790412903
33145_right,12,0.019431600347161293
33173_left,12,0.04579878970980644
33173_right,12,0.04047751799225807
33202_left,12,0.022640306502580643
33202_right,12,0.02287946455180645
33214_left,12,0.021384725347161293
33214_right,12,0.013532365672290325
33216_left,12,0.023656727746129036
33216_right,12,0.018793845549225807
33219_left,12,0.022241709753870964
33219_right,12,0.009466676972806454
33284_left,12,0.02020886540412903
33284_right,12,0.029536033049225807
33292_left,12,0.013612085022032261
33292_right,12,0.02509167790412903
33295_left,12,0.041772957891225815
33295_right,12,0.0438058041036129
33312_left,12,0.005839445162564516
33312_right,12,0.011001275852322578
33316_left,12,0.02146444469690323
33316_right,12,0.030871333554387093
33317_left,12,0.0465959832072258
33317_right,12,0.054448340088129044
33337_left,12,0.03350207209587097
33337_right,12,0.02176339365541935
33365_left,12,0.014329560101032257
33365_right,12,0.027961574494838715
33380_left,12,0.030094068497419357
33380_right,12,0.021305005997419357
33382_left,12,0.018435107544064522
33382_right,12,0.017677774652838707
33385_left,12,0.01602359674870968
33385_right,12,0.013014189898967743
33400_left,12,0.0053212689235806465
33400_right,12,0.009805484674870968
33409_left,12,0.0072943237610161304
33409_right,8,0.005799585487693548
33424_left,12,0.016641423106193542
33424_right,12,0.03573421388864517
33434_left,12,0.025211255997419357
33434_right,12,0.025051817297935486
33441_left,12,0.0493861623108387
33441_right,12,0.05219626799225807
33472_left,12,0.0186941958963871
33472_right,12,0.021265147253870964
33496_left,12,0.022979114204645157
33496_right,12,0.031150350347161293
33507_left,12,0.03374123200774193
33507_right,12,0.017478475347161293
33531_left,12,0.03238600119948387
33531_right,12,0.01825574040412903
33543_left,12,0.023537149652838707
33543_right,12,0.023537149652838707
33555_left,12,0.015226403251290321
33555_right,12,0.007234534248709679
33561_left,12,0.0126953125
33561_right,12,0.011639030650258064
33574_left,12,0.014768016524612904
33574_right,12,0.03531568869948387
33577_left,12,0.013293207623064518
33577_right,12,0.024653220549225807
33581_left,12,0.021444514393806458
33581_right,12,0.0352957583963871
33589_left,12,0.00595902418717742
33589_right,12,0.011738680303096771
33626_left,12,0.01325334794819355
33626_right,12,0.022660236805677414
33635_left,12,0.02272002585232258
33635_right,12,0.031489159911870956
33669_left,12,0.011957908049225807
33669_right,12,0.02008928544819355
33685_left,12,0.03053252585232258
33685_right,12,0.04585857689380646
33687_left,12,0.01992984674870968
33687_right,12,0.0454799123108387
33699_left,12,0.0242745541036129
33699_right,12,0.01012436207383871
33717_left,12,0.03991948440670967
33717_right,12,0.022082271054387093
33732_left,12,0.011340082623064518
33732_right,12,0.01506696455180645
33741_left,12,0.02469308115541935
33741_right,12,0.02385602705180645
33773_left,12,0.011977838352322578
33773_right,12,0.037727199494838715
33777_left,12,0.030353156849741936
33777_right,12,0.03609295189380646
33791_left,12,0.014967314898967743
33791_right,12,0.020149074494838715
33793_left,12,0.03991948440670967
33793_right,12,0.01953125
33797_left,12,0.0146484375
33797_right,12,0.025490274652838707
33809_left,12,0.018096301704645157
33809_right,12,0.02287946455180645
33810_left,12,0.024633290246129036
33810_right,12,0.01096141617745161
33813_left,12,0.045818716287612915
33813_right,12,0.04607780650258064
33849_left,12,0.023078761994838715
33849_right,12,0.017657844349741936
33851_left,12,0.01992984674870968
33851_right,12,0.015704719349741936
33855_left,12,0.025290975347161293
33855_right,12,0.030353156849741936
33858_left,12,0.023238200694322586
33858_right,12,0.0401785708963871
33878_left,12,0.019610969349741936
33878_right,12,0.01564493030309677
33889_left,12,0.01773756369948387
33889_right,12,0.021484375
33891_left,12,0.019013073295354843
33891_right,12,0.024194834753870964
33907_left,12,0.020149074494838715
33907_right,12,0.01783721335232258
33915_left,12,0.008051658049225807
33915_right,12,0.02973533235490322
33916_left,12,0.0315290167927742
33916_right,12,0.02861925959587097
33919_left,12,0.0343191958963871
33919_right,12,0.031449299305677414
33943_left,12,0.030612245202064514
33943_right,12,0.018315529450774193
33976_left,12,0.0174386166036129
33976_right,12,0.021843113005161285
33978_left,12,0.01564493030309677
33978_right,12,0.021982621401548386
34004_left,12,0.022700095549225807
34004_right,12,0.013372926972806454
34026_left,12,0.01484773587435484
34026_right,12,0.030891261994838715
34041_left,12,0.0235770083963871
34041_right,12,0.011260363273322582
34049_left,12,0.015625
34049_right,12,0.009805484674870968
34101_left,12,0.022341357544064522
34101_right,12,0.030153857544064522
34113_left,12,0.009845344349741936
34113_right,12,0.015465561300516129
34120_left,12,0.01996970735490322
34120_right,12,0.024892378598451614
34170_left,12,0.031050700694322586
34170_right,12,0.03625239059329033
34171_left,12,0.014588647522032261
34171_right,12,0.020388232544064522
34203_left,12,0.057258449494838715
34203_right,12,0.025430485606193542
34234_left,12,0.06136399880051613
34234_right,12,0.019411670044064522
34283_left,12,0.030512595549225807
34283_right,12,0.025071747601032257
34284_left,12,0.017697704955935478
34284_right,12,0.024473851546645164
34302_left,12,0.030731823295354843
34302_right,12,0.0235770083963871
34316_left,12,0.015186543576419353
34316_right,12,0.02680564485490322
34337_left,12,0.0417131707072258
34337_right,12,0.01578443869948387
34352_left,12,0.029376594349741936
34352_right,12,0.016701212152838707
34356_left,12,0.0442243292927742
34356_right,12,0.01969068869948387
34395_left,12,0.012595662847161293
34395_right,12,0.033840879797935486
34405_left,12,0.025191325694322586
34405_right,12,0.024792728945612907
34425_left,12,0.020587531849741936
34425_right,12,0.0262276791036129
34453_left,12,0.03838488459587097
34453_right,12,0.025350764393806458
34454_left,12,0.03140943869948387
34454_right,12,0.013153699226677418
34470_left,12,0.03966039419174194
34470_right,12,0.008490114472806454
34485_left,12,0.017617985606193542
34485_right,12,0.022799745202064514
34527_left,12,0.028918208554387093
34527_right,12,0.03840481489896774
34529_left,12,0.01799665205180645
34529_right,12,0.019172511994838715
34542_left,12,0.025888871401548386
34542_right,12,0.026825573295354843
34555_left,12,0.022381218150258064
34555_right,12,0.012595662847161293
34560_left,12,0.0355747751891613
34560_right,12,0.01644212380051613
34625_left,12,0.030492665246129036
34625_right,12,0.019630899652838707
34631_left,12,0.039839763194322586
34631_right,12,0.02580915205180645
34636_left,12,0.009307238273322582
34636_right,12,0.02861925959587097
34677_left,12,0.04928651079535484
34677_right,12,0.03274473920464516
34686_left,12,0.016222896054387093
34686_right,12,0.015186543576419353
34689_left,8,0.01717952825129032
34689_right,12,0.00998485367745161
34703_left,12,0.02694515325129032
34703_right,12,0.034658003598451614
34704_left,12,0.03762755170464516
34704_right,12,0.012974330224096775
34713_left,12,0.013731664977967739
34713_right,12,0.03575414419174194
34726_left,12,0.026546556502580643
34726_right,12,0.041653379797935486
34740_left,12,0.03694993630051613
34740_right,12,0.013034120202064514
34754_left,12,0.026187818497419357
34754_right,12,0.03449856489896774
34768_left,12,0.024772800505161285
34768_right,12,0.022560587152838707
34792_left,12,0.04410475119948387
34792_right,12,0.035235971212387085
34819_left,12,0.03513631969690323
34819_right,12,0.014748087152838707
34834_left,12,0.046954721212387085
34834_right,12,0.015286192297935486
34879_left,12,0.03069196455180645
34879_right,12,0.015365911647677422
34918_left,12,0.012017698027193546
34918_right,12,0.02106584794819355
34928_left,12,0.04872847720980644
34928_right,12,0.034518495202064514
34933_left,12,0.02568957209587097
34933_right,12,0.03067203424870968
34952_left,12,0.02359693869948387
34952_right,12,0.02164381369948387
34971_left,12,0.018056441098451614
34971_right,12,0.01881377585232258
34991_left,12,0.0525948666036129
34991_right,12,0.025071747601032257
35018_left,12,0.016721142455935478
35018_right,12,0.02287946455180645
35027_left,12,0.057138871401548386
35027_right,12,0.033402424305677414
35046_left,12,0.017817283049225807
35046_right,12,0.020567601546645164
35048_left,12,0.019610969349741936
35048_right,12,0.024912308901548386
35054_left,12,0.021285075694322586
35054_right,12,0.024752870202064514
35056_left,12,0.022261638194322586
35056_right,12,0.01839524880051613
35058_left,12,0.016681281849741936
35058_right,12,0.024453923106193542
35131_left,12,0.017239317297935486
35131_right,12,0.02411511540412903
35164_left,12,0.024055324494838715
35164_right,12,0.024493781849741936
35172_left,12,0.02248086780309677
35172_right,12,0.028918208554387093
35209_left,12,0.035495057702064514
35209_right,12,0.01895328424870968
35260_left,12,0.043865591287612915
35260_right,12,0.03029336780309677
35270_left,12,0.03611288219690323
35270_right,12,0.026885364204645157
35277_left,12,0.029516102746129036
35277_right,12,0.02889827825129032
35343_left,12,0.02620774880051613
35343_right,12,0.041015625
35367_left,12,0.02122528664767742
35367_right,12,0.02411511540412903
35414_left,12,0.02146444469690323
35414_right,12,0.03497688099741936
35420_left,12,0.02537069469690323
35420_right,12,0.025390625
35427_left,12,0.034817442297935486
35427_right,12,0.03011399880051613
35429_left,12,0.022779814898967743
35429_right,12,0.009068080224096775
35451_left,12,0.01857461780309677
35451_right,12,0.02523118630051613
35458_left,12,0.035514988005161285
35458_right,12,0.0203683041036129
35459_left,12,0.008330675773322582
35459_right,12,0.018056441098451614
35461_left,12,0.014209981076419353
35461_right,12,0.02564971335232258
35465_left,12,0.024932239204645157
35465_right,12,0.022381218150258064
35501_left,12,0.04390545189380646
35501_right,12,0.03156887739896774
35517_left,12,0.047911353409290314
35517_right,12,0.015345982275903225
35533_left,12,0.019172511994838715
35533_right,12,0.023616869002580643
35583_left,12,0.022381218150258064
35583_right,12,0.017478475347161293
35648_left,12,0.01442920882254839
35648_right,12,0.009944994002580643
35662_left,12,0.04438376799225807
35662_right,12,0.016143176704645157
35680_left,12,0.022839603945612907
35680_right,12,0.025749363005161285
35683_left,12,0.029197225347161293
35683_right,12,0.04412468150258064
35689_left,12,0.04294881969690323
35689_right,12,0.012436224147677422
35705_left,12,0.01785714365541935
35705_right,12,0.018435107544064522
35710_left,12,0.02483258955180645
35710_right,12,0.04111527279019356
35719_left,12,0.04091597720980644
35719_right,12,0.02973533235490322
35749_left,12,0.035893652588129044
35749_right,12,0.02971540205180645
35767_left,12,0.019212372601032257
35767_right,12,0.02680564485490322
35789_left,12,0.015545280650258064
35789_right,12,0.0184151791036129
35810_left,12,0.007453762926161289
35810_right,12,0.018195949494838715
35830_left,12,0.052794165909290314
35830_right,12,0.027562977746129036
35888_left,12,0.013791454024612904
35888_right,12,0.030652103945612907
35890_left,12,0.02080675959587097
35890_right,12,0.025729432702064514
35917_left,12,0.012197066098451614
35917_right,12,0.0394810251891613
35952_left,12,0.05827487260103226
35952_right,12,0.015804369002580643
36006_left,12,0.01592394709587097
36006_right,12,0.02299904264509678
36024_left,12,0.013930963352322578
36024_right,12,0.0174386166036129
36029_left,12,0.031608738005161285
36029_right,12,0.03475765138864517
36047_left,12,0.01799665205180645
36047_right,12,0.018773915246129036
36085_left,12,0.017398755997419357
36085_right,12,0.018773915246129036
36108_left,12,0.0087890625
36108_right,12,0.016422193497419357
36130_left,12,0.024653220549225807
36130_right,12,0.038444675505161285
36146_left,12,0.02218191884458065
36146_right,12,0.02608816884458065
36176_left,12,0.026686064898967743
36176_right,12,0.0552455373108387
36228_left,12,0.02776227705180645
36228_right,12,0.031070630997419357
36244_left,12,0.029914699494838715
36244_right,12,0.03667091950774193
36247_left,12,0.018355388194322586
36247_right,12,0.0426897332072258
36300_left,12,0.01951131969690323
36300_right,12,0.026187818497419357
36316_left,12,0.044702645391225815
36316_right,12,0.00920758955180645
36361_left,12,0.02792171575129032
36361_right,12,0.02443399280309677
36378_left,12,0.009685905650258064
36378_right,12,0.05646125599741936
36390_left,12,0.02150430530309677
36390_right,12,0.03192761540412903
36421_left,12,0.035076528787612915
36421_right,12,0.015286192297935486
36441_left,12,0.022939253598451614
36441_right,12,0.022839603945612907
36502_left,12,0.03645168989896774
36502_right,12,0.012615593150258064
36513_left,12,0.011260363273322582
36513_right,12,0.0327845998108387
36515_left,12,0.02371651865541935
36515_right,12,0.029217155650258064
36517_left,12,0.023776307702064514
36517_right,12,0.020388232544064522
36523_left,12,0.015166613273322582
36523_right,12,0.033003825694322586
36526_left,12,0.0087890625
36526_right,12,0.0185546875
36585_left,12,0.043726082891225815
36585_right,12,0.015505420975387096
36613_left,12,0.020826689898967743
36613_right,12,0.011340082623064518
36614_left,12,0.016481982544064522
36614_right,12,0.019571110606193542
36627_left,12,0.030472736805677414
36627_right,12,0.03497688099741936
36643_left,12,0.023616869002580643
36643_right,12,0.037328604608774185
36660_left,12,0.022939253598451614
36660_right,12,0.018355388194322586
36669_left,12,0.030333226546645164
36669_right,12,0.027682557702064514
36703_left,12,0.02999441884458065
36703_right,12,0.03322305530309677
36722_left,12,0.012994260527193546
36722_right,12,0.016661351546645164
36723_left,12,0.01590401865541935
36723_right,12,0.020886478945612907
36733_left,12,0.02564971335232258
36733_right,12,0.0224609375
36755_left,12,0.0404575876891613
36755_right,12,0.018753986805677414
36783_left,12,0.012794962152838707
36783_right,12,0.014209981076419353
36844_left,12,0.0213448666036129
36844_right,12,0.01606345735490322
36856_left,12,0.01951131969690323
36856_right,12,0.02610809914767742
36865_left,12,0.040397800505161285
36865_right,12,0.021524235606193542
36900_left,12,0.022919323295354843
36900_right,12,0.020547673106193542
36908_left,12,0.0478515625
36908_right,12,0.015724649652838707
36909_left,12,0.030512595549225807
36909_right,12,0.027582908049225807
36940_left,12,0.011698819696903229
36940_right,12,0.022261638194322586
36959_left,12,0.043028540909290314
36959_right,12,0.018235810101032257
36965_left,12,0.021663744002580643
36965_right,12,0.021803252398967743
36966_left,12,0.058095503598451614
36966_right,12,0.021424585953354836
36968_left,12,0.027144450694322586
36968_right,12,0.02732381969690323
36975_left,12,0.03447863459587097
36975_right,12,0.02094626985490322
36981_left,12,0.01444913912564516
36981_right,12,0.019411670044064522
36986_left,12,0.02443399280309677
36986_right,12,0.019471460953354836
36999_left,12,0.016940370202064514
36999_right,12,0.03276466950774193
37008_left,12,0.016262754797935486
37008_right,12,0.011539380997419357
37026_left,12,0.024334343150258064
37026_right,12,0.023796238005161285
37032_left,12,0.04510124400258064
37032_right,12,0.047652263194322586
37034_left,12,0.010423310101032257
37034_right,12,0.03972018510103226
37036_left,12,0.01540577132254839
37036_right,12,0.036910075694322586
37038_left,12,0.014608577825129032
37038_right,12,0.01428970042616129
37039_left,12,0.017079878598451614
37039_right,12,0.011379942297935486
37040_left,12,0.01955118030309677
37040_right,12,0.0394810251891613
37054_left,12,0.021942760795354843
37054_right,12,0.018933353945612907
37090_left,12,0.0513392873108387
37090_right,12,0.03573421388864517
37122_left,12,0.04225127398967743
37122_right,12,0.038006216287612915
37137_left,12,0.012057557702064514
37137_right,12,0.01151945162564516
37166_left,12,0.022102199494838715
37166_right,12,0.02523118630051613
37170_left,12,0.015804369002580643
37170_right,12,0.018773915246129036
37204_left,12,0.053910236805677414
37204_right,12,0.01897321455180645
37232_left,12,0.03413982689380646
37232_right,12,0.024892378598451614
37286_left,12,0.035774074494838715
37286_right,12,0.040278222411870956
37301_left,12,0.008151307702064514
37301_right,12,0.008470185101032257
37345_left,12,0.015286192297935486
37345_right,12,0.011838329024612904
37360_left,12,0.024493781849741936
37360_right,12,0.02048788219690323
37382_left,12,0.0167410708963871
37382_right,12,0.015106824226677418
37395_left,12,0.01994977705180645
37395_right,12,0.014469068497419357
37438_left,12,0.021803252398967743
37438_right,12,0.029914699494838715
37441_left,12,0.012635522522032261
37441_right,12,0.011559311300516129
37446_left,12,0.05861368030309677
37446_right,12,0.029476244002580643
37449_left,12,0.04049744829535484
37449_right,12,0.01618303544819355
37450_left,12,0.022281568497419357
37450_right,12,0.01996970735490322
37463_left,12,0.0185546875
37463_right,12,0.039819832891225815
37488_left,12,0.013671875
37488_right,12,0.01994977705180645
37524_left,12,0.021384725347161293
37524_right,12,0.027702488005161285
37539_left,12,0.01951131969690323
37539_right,12,0.03852439299225807
37580_left,12,0.01897321455180645
37580_right,12,0.024613361805677414
37595_left,12,0.0348772332072258
37595_right,12,0.01927216164767742
37624_left,12,0.034797511994838715
37624_right,12,0.03790656849741936
37631_left,12,0.026327326893806458
37631_right,12,0.016521843150258064
37633_left,12,0.01540577132254839
37633_right,12,0.042908959090709686
37636_left,12,0.026725925505161285
37636_right,12,0.023816166445612907
37645_left,12,0.03505660220980644
37645_right,12,0.04055723920464516
37656_left,12,0.027822066098451614
37656_right,12,0.013014189898967743
37666_left,12,0.02764269709587097
37666_right,12,0.019172511994838715
37676_left,12,0.032963965088129044
37676_right,12,0.017079878598451614
37683_left,12,0.018435107544064522
37683_right,12,0.03569435700774193
37692_left,12,0.0167410708963871
37692_right,12,0.03083147294819355
37696_left,12,0.01213727705180645
37696_right,12,0.026865433901548386
37722_left,12,0.02076690085232258
37722_right,12,0.033422354608774185
37730_left,12,0.02176339365541935
37730_right,12,0.02457350119948387
37745_left,12,0.029536033049225807
37745_right,12,0.02192283235490322
37758_left,12,0.06554926931858063
37758_right,12,0.014209981076419353
37760_left,12,0.020866550505161285
37760_right,12,0.0226004458963871
37783_left,12,0.0326450876891613
37783_right,12,0.01311383955180645
37808_left,12,0.021683674305677414
37808_right,12,0.016521843150258064
37811_left,12,0.011778539977967739
37811_right,12,0.0206473208963871
37836_left,12,0.019491389393806458
37836_right,12,0.012735172174870968
37856_left,12,0.0263671875
37856_right,12,0.029416454955935478
37859_left,12,0.01542570162564516
37859_right,12,0.035794004797935486
37867_left,12,0.014209981076419353
37867_right,12,0.0304129458963871
37875_left,12,0.021025989204645157
37875_right,12,0.01996970735490322
37892_left,12,0.019052933901548386
37892_right,12,0.007892219349741936
37900_left,12,0.014130261726677418
37900_right,12,0.04454320669174194
37918_left,12,0.03796635940670967
37918_right,12,0.02006935514509678
37923_left,12,0.0294363833963871
37923_right,12,0.01484773587435484
37931_left,12,0.014170121401548386
37931_right,12,0.030771683901548386
37939_left,12,0.03698979690670967
37939_right,12,0.0329241082072258
37947_left,12,0.02371651865541935
37947_right,12,0.03700972720980644
37958_left,12,0.013492505997419357
37958_right,12,0.031608738005161285
37962_left,12,0.02511160634458065
37962_right,12,0.01927216164767742
37965_left,12,0.017199458554387093
37965_right,12,0.0245535708963871
37968_left,12,0.022660236805677414
37968_right,12,0.012177136726677418
37979_left,12,0.03679049760103226
37979_right,12,0.017677774652838707
38058_left,12,0.038444675505161285
38058_right,12,0.043207909911870956
38089_left,12,0.01881377585232258
38089_right,12,0.019033003598451614
38111_left,12,0.03902263939380646
38111_right,12,0.014508928172290325
38114_left,12,0.015804369002580643
38114_right,12,0.021942760795354843
38118_left,12,0.030452806502580643
38118_right,12,0.05757732689380646
38127_left,12,0.027463329955935478
38127_right,12,0.013950892724096775
38169_left,12,0.013791454024612904
38169_right,12,0.022381218150258064
38186_left,12,0.012615593150258064
38186_right,12,0.011260363273322582
38203_left,12,0.011140784248709679
38203_right,12,0.03429926559329033
38205_left,12,0.02022879384458065
38205_right,12,0.019152583554387093
38217_left,12,0.038026146590709686
38217_right,12,0.03304368630051613
38225_left,12,0.019491389393806458
38225_right,12,0.03999920189380646
38249_left,12,0.031010841950774193
38249_right,12,0.008968431502580643
38250_left,12,0.03826530650258064
38250_right,12,0.0177176333963871
38252_left,12,0.036631058901548386
38252_right,12,0.00837053544819355
38253_left,12,0.00478316331282258
38253_right,12,0.025430485606193542
38259_left,12,0.014787946827709675
38259_right,12,0.0347377248108387
38307_left,12,0.01797672174870968
38307_right,12,0.005540497601032257
38322_left,12,0.01542570162564516
38322_right,12,0.018335459753870964
38323_left,12,0.02206234075129032
38323_right,12,0.023317920044064522
38341_left,12,0.03916214779019356
38341_right,12,0.026686064898967743
38349_left,12,0.026985011994838715
38349_right,12,0.03170838579535484
38374_left,12,0.056640625
38374_right,12,0.010861766524612904
38385_left,12,0.02662627585232258
38385_right,12,0.015744579955935478
38386_left,12,0.03547512739896774
38386_right,12,0.0320870541036129
38404_left,12,0.027802135795354843
38404_right,12,0.020727040246129036
38408_left,12,0.015126753598451614
38408_right,12,0.014967314898967743
38410_left,12,0.02469308115541935
38410_right,12,0.03196747601032257
38417_left,12,0.017637914046645164
38417_right,12,0.023377710953354836
38419_left,12,0.035235971212387085
38419_right,12,0.051518652588129044
38439_left,12,0.025450414046645164
38439_right,12,0.03125
38447_left,12,0.010602678172290325
38447_right,12,0.03224649280309677
38457_left,12,0.01690050959587097
38457_right,12,0.01925223134458065
38480_left,12,0.02188297174870968
38480_right,12,0.03304368630051613
38488_left,12,0.037029653787612915
38488_right,12,0.0661272332072258
38494_left,12,0.014827806502580643
38494_right,12,0.0326450876891613
38501_left,12,0.043187979608774185
38501_right,12,0.025151466950774193
38502_left,12,0.02345743030309677
38502_right,12,0.02289939485490322
38508_left,12,0.019491389393806458
38508_right,12,0.015744579955935478
38520_left,12,0.04099569469690323
38520_right,12,0.033840879797935486
38536_left,12,0.025071747601032257
38536_right,12,0.026885364204645157
38555_left,12,0.026486767455935478
38555_right,12,0.02192283235490322
38565_left,12,0.059211574494838715
38565_right,12,0.041254784911870956
38566_left,12,0.023058833554387093
38566_right,12,0.009725765325129032
38567_left,12,0.02678571455180645
38567_right,12,0.028539540246129036
38573_left,12,0.04013871029019356
38573_right,12,0.04811064898967743
38583_left,12,0.03517618030309677
38583_right,12,0.015306122601032257
38597_left,12,0.013213488273322582
38597_right,12,0.05305325239896774
38622_left,12,0.02345743030309677
38622_right,12,0.0073740435764193535
38670_left,12,0.018793845549225807
38670_right,12,0.018215879797935486
38686_left,12,0.0184151791036129
38686_right,12,0.022839603945612907
38694_left,12,0.01291454117745161
38694_right,12,0.01191804837435484
38708_left,12,0.028818558901548386
38708_right,12,0.01676100119948387
38758_left,12,0.0352957583963871
38758_right,12,0.037846777588129044
38796_left,12,0.020049426704645157
38796_right,12,0.013293207623064518
38825_left,12,0.018734056502580643
38825_right,12,0.03519611060619354
38829_left,12,0.02313855290412903
38829_right,12,0.03645168989896774
38839_left,12,0.014588647522032261
38839_right,12,0.046954721212387085
38844_left,12,0.01506696455180645
38844_right,12,0.02397560514509678
38877_left,12,0.03974011540412903
38877_right,12,0.022540656849741936
38882_left,12,0.02638711780309677
38882_right,12,0.025849010795354843
38890_left,12,0.02638711780309677
38890_right,12,0.02285953424870968
38907_left,12,0.013632015325129032
38907_right,12,0.015146683901548386
38994_left,12,0.021006058901548386
38994_right,12,0.013392857275903225
39009_left,12,0.015086893923580647
39009_right,12,0.02313855290412903
39010_left,12,0.014369419775903225
39010_right,12,0.019770408049225807
39011_left,12,0.023118622601032257
39011_right,12,0.012675382196903229
39018_left,12,0.016481982544064522
39018_right,12,0.01676100119948387
39022_left,12,0.03324298560619354
39022_right,12,0.016780931502580643
39023_left,12,0.01937181130051613
39023_right,12,0.01616310514509678
39026_left,12,0.0232979916036129
39026_right,12,0.023557079955935478
39033_left,12,0.02582908235490322
39033_right,12,0.01403061207383871
39046_left,12,0.015385841950774193
39046_right,12,0.026566486805677414
39120_left,12,0.014150191098451614
39120_right,12,0.01937181130051613
39127_left,12,0.01717952825129032
39127_right,12,0.017398755997419357
39139_left,12,0.01325334794819355
39139_right,12,0.01839524880051613
39150_left,12,0.011399872601032257
39150_right,12,0.021025989204645157
39154_left,12,0.022261638194322586
39154_right,12,0.016481982544064522
39166_left,12,0.012117346748709679
39166_right,12,0.033123403787612915
39185_left,12,0.024473851546645164
39185_right,12,0.01702008955180645
39195_left,12,0.013034120202064514
39195_right,12,0.01983019709587097
39208_left,12,0.049864478409290314
39208_right,12,0.03178810700774193
39249_left,12,0.034817442297935486
39249_right,12,0.02568957209587097
39250_left,12,0.034398917108774185
39250_right,12,0.0398995541036129
39272_left,12,0.03067203424870968
39272_right,12,0.016282685101032257
39284_left,12,0.010662468150258064
39284_right,12,0.023895885795354843
39298_left,12,0.009725765325129032
39298_right,12,0.015704719349741936
39325_left,12,0.025450414046645164
39325_right,12,0.04091597720980644
39338_left,12,0.03184789419174194
39338_right,12,0.023557079955935478
39343_left,12,0.02511160634458065
39343_right,11,0.008689412847161293
39352_left,12,0.028121013194322586
39352_right,12,0.02164381369948387
39356_left,12,0.02204241044819355
39356_right,12,0.04147401079535484
39370_left,12,0.014708227477967739
39370_right,12,0.03681042790412903
39379_left,12,0.03380101919174194
39379_right,12,0.02272002585232258
39398_left,12,0.01094148587435484
39398_right,12,0.04781170189380646
39401_left,12,0.0294363833963871
39401_right,12,0.038564253598451614
39402_left,12,0.03402024880051613
39402_right,12,0.021603954955935478
39417_left,12,0.011280293576419353
39417_right,12,0.017338966950774193
39465_left,12,0.021524235606193542
39465_right,12,0.02176339365541935
39468_left,12,0.01052295882254839
39468_right,12,0.03128986060619354
39496_left,12,0.032146841287612915
39496_right,12,0.027523119002580643
39505_left,12,0.04312818869948387
39505_right,12,0.01506696455180645
39521_left,12,0.011061064898967743
39521_right,12,0.016083385795354843
39530_left,12,0.01347257662564516
39530_right,12,0.023397639393806458
39542_left,12,0.03067203424870968
39542_right,12,0.03834502398967743
39591_left,12,0.0407366082072258
39591_right,12,0.05450813099741936
39637_left,12,0.02511160634458065
39637_right,12,0.01602359674870968
39664_left,12,0.022959183901548386
39664_right,12,0.01727917790412903
39668_left,12,0.03736846148967743
39668_right,12,0.014269770123064518
39676_left,12,0.008609693497419357
39676_right,12,0.0126953125
39679_left,12,0.034956950694322586
39679_right,12,0.0167410708963871
39714_left,12,0.030353156849741936
39714_right,12,0.020328443497419357
39751_left,12,0.008051658049225807
39751_right,12,0.0185546875
39763_left,12,0.030193718150258064
39763_right,12,0.029615752398967743
39773_left,12,0.014827806502580643
39773_right,12,0.04685506969690323
39833_left,12,0.016222896054387093
39833_right,12,0.025988521054387093
39864_left,12,0.025749363005161285
39864_right,12,0.023377710953354836
39885_left,12,0.006098533049225807
39885_right,12,0.017817283049225807
39908_left,12,0.05333226919174194
39908_right,12,0.044443558901548386
39964_left,12,0.021006058901548386
39964_right,12,0.03740832209587097
39969_left,12,0.02513153664767742
39969_right,12,0.022221779450774193
39970_left,12,0.033980388194322586
39970_right,12,0.03712930530309677
40049_left,12,0.02401546575129032
40049_right,12,0.02889827825129032
40052_left,12,0.028918208554387093
40052_right,12,0.02985491044819355
40085_left,12,0.019710619002580643
40085_right,12,0.022241709753870964
40089_left,12,0.027303889393806458
40089_right,12,0.0411551333963871
40098_left,12,0.04061702638864517
40098_right,12,0.019730549305677414
40116_left,12,0.0126953125
40116_right,12,0.011738680303096771
40120_left,12,0.02122528664767742
40120_right,12,0.02971540205180645
40186_left,12,0.047612402588129044
40186_right,12,0.026446906849741936
40197_left,12,0.02662627585232258
40197_right,12,0.03097098134458065
40198_left,12,0.016123246401548386
40198_right,12,0.025629783049225807
40202_left,12,0.012934470549225807
40202_right,12,0.056301817297935486
40212_left,12,0.02327806130051613
40212_right,12,0.021245216950774193
40250_left,12,0.04099569469690323
40250_right,12,0.017358897253870964
40267_left,12,0.016362404450774193
40267_right,12,0.03182796388864517
40284_left,12,0.028101084753870964
40284_right,12,0.028698978945612907
40308_left,12,0.030193718150258064
40308_right,12,0.027981504797935486
40318_left,12,0.020886478945612907
40318_right,12,0.0184151791036129
40348_left,12,0.008529974147677422
40348_right,12,0.03762755170464516
40354_left,12,0.018435107544064522
40354_right,12,0.01193797867745161
40377_left,12,0.007473692763596773
40377_right,12,0.014608577825129032
40384_left,12,0.007234534248709679
40384_right,12,0.01590401865541935
40390_left,12,0.014249840751290321
40390_right,12,0.012595662847161293
40396_left,12,0.01632254384458065
40396_right,12,0.0076729911379516125
40438_left,12,0.028559470549225807
40438_right,12,0.02955596335232258
40447_left,12,0.03025350719690323
40447_right,12,0.014050542376935482
40468_left,12,0.046675700694322586
40468_right,12,0.015306122601032257
40482_left,12,0.01249601412564516
40482_right,12,0.0203683041036129
40487_left,12,0.02774234674870968
40487_right,12,0.02678571455180645
40534_left,12,0.009327168576419353
40534_right,12,0.0063775512389838696
40538_left,12,0.020388232544064522
40538_right,12,0.021125636994838715
40545_left,12,0.029177295044064522
40545_right,12,0.028499681502580643
40552_left,12,0.011858259327709675
40552_right,12,0.02457350119948387
40575_left,12,0.022341357544064522
40575_right,12,0.0167410708963871
40597_left,12,0.01899314485490322
40597_right,12,0.028419962152838707
40603_left,12,0.010921556502580643
40603_right,12,0.021125636994838715
40612_left,12,0.02523118630051613
40612_right,12,0.0380859375
40622_left,12,0.01955118030309677
40622_right,12,0.016721142455935478
40650_left,12,0.01618303544819355
40650_right,12,0.020188935101032257
40703_left,12,0.013014189898967743
40703_right,12,0.033442284911870956
40765_left,12,0.035933513194322586
40765_right,12,0.011858259327709675
40777_left,12,0.02301897294819355
40777_right,12,0.022939253598451614
40780_left,12,0.01755819469690323
40780_right,12,0.01171875
40787_left,12,0.032146841287612915
40787_right,12,0.01213727705180645
40791_left,12,0.02871890924870968
40791_right,12,0.023955676704645157
40808_left,12,0.041912466287612915
40808_right,12,0.029097575694322586
40821_left,12,0.021444514393806458
40821_right,12,0.036491550505161285
40831_left,12,0.013014189898967743
40831_right,12,0.01857461780309677
40837_left,12,0.01811623014509678
40837_right,12,0.013073979876935482
40847_left,12,0.011878188699483871
40847_right,12,0.013093909248709679
40864_left,12,0.024653220549225807
40864_right,12,0.02150430530309677
40866_left,12,0.0520368292927742
40866_right,12,0.02206234075129032
40873_left,12,0.023238200694322586
40873_right,12,0.020009566098451614
40894_left,12,0.019850127398967743
40894_right,12,0.013930963352322578
40911_left,12,0.0403180792927742
40911_right,12,0.01606345735490322
40934_left,12,0.0174386166036129
40934_right,12,0.02369658835232258
40940_left,12,0.027543049305677414
40940_right,12,0.009506536647677422
40965_left,12,0.012615593150258064
40965_right,12,0.0435267873108387
41012_left,12,0.026705995202064514
41012_right,12,0.025629783049225807
41013_left,12,0.040676817297935486
41013_right,12,0.027383610606193542
41021_left,12,0.013412786647677422
41021_right,12,0.011260363273322582
41032_left,12,0.04440369829535484
41032_right,12,0.02495216764509678
41035_left,12,0.01688058115541935
41035_right,12,0.021942760795354843
41057_left,12,0.03164859861135483
41057_right,12,0.01688058115541935
41060_left,12,0.028380101546645164
41060_right,12,0.031210139393806458
41067_left,12,0.04280931130051613
41067_right,12,0.01500717457383871
41074_left,12,0.0350167416036129
41074_right,12,0.017219386994838715
41076_left,12,0.04041773080825806
41076_right,12,0.033262915909290314
41079_left,12,0.027164380997419357
41079_right,12,0.027303889393806458
41105_left,12,0.014469068497419357
41105_right,12,0.015306122601032257
41109_left,12,0.021823182702064514
41109_right,12,0.007613201625645161
41116_left,12,0.03547512739896774
41116_right,12,0.03972018510103226
41188_left,12,0.02094626985490322
41188_right,12,0.028958067297935486
41199_left,12,0.019331950694322586
41199_right,12,0.043207909911870956
41212_left,12,0.03569435700774193
41212_right,12,0.021524235606193542
41219_left,12,0.03156887739896774
41219_right,12,0.014987245202064514
41233_left,12,0.026985011994838715
41233_right,12,0.028240593150258064
41235_left,12,0.006238041911274195
41235_right,12,0.023238200694322586
41250_left,12,0.031329721212387085
41250_right,12,0.02861925959587097
41280_left,12,0.02287946455180645
41280_right,12,0.024872448295354843
41289_left,12,0.021424585953354836
41289_right,12,0.028140943497419357
41302_left,12,0.012974330224096775
41302_right,12,0.02704480290412903
41317_left,12,0.015565210022032261
41317_right,12,0.016382334753870964
41325_left,12,0.03916214779019356
41325_right,12,0.044423628598451614
41332_left,12,0.037886638194322586
41332_right,12,0.01578443869948387
41351_left,12,0.01444913912564516
41351_right,12,0.02610809914767742
41375_left,12,0.017617985606193542
41375_right,12,0.037328604608774185
41399_left,12,0.01191804837435484
41399_right,12,0.023537149652838707
41425_left,12,0.0126953125
41425_right,12,0.03001434914767742
41438_left,12,0.034119896590709686
41438_right,12,0.0323660708963871
41457_left,12,0.01213727705180645
41457_right,12,0.02495216764509678
41473_left,12,0.03262516111135483
41473_right,12,0.030373087152838707
41485_left,12,0.008629623800516129
41485_right,7,0.018435107544064522
41514_left,12,0.02694515325129032
41514_right,12,0.04661591351032257
41517_left,12,0.04587850719690323
41517_right,12,0.025569994002580643
41564_left,12,0.027004942297935486
41564_right,12,0.025450414046645164
41622_left,12,0.034677933901548386
41622_right,12,0.03294403851032257
41623_left,12,0.016143176704645157
41623_right,12,0.0380859375
41627_left,12,0.024792728945612907
41627_right,12,0.018375318497419357
41681_left,12,0.01702008955180645
41681_right,12,0.01345264632254839
41688_left,12,0.022082271054387093
41688_right,12,0.03109056130051613
41700_left,12,0.017458545044064522
41700_right,12,0.02802136540412903
41717_left,12,0.036192603409290314
41717_right,12,0.02973533235490322
41749_left,12,0.02401546575129032
41749_right,12,0.03083147294819355
41770_left,12,0.03011399880051613
41770_right,12,0.03469786420464516
41778_left,12,0.01897321455180645
41778_right,12,0.0272042416036129
41804_left,12,0.0203683041036129
41804_right,12,0.018913425505161285
41849_left,12,0.006477200426161289
41849_right,12,0.017398755997419357
41852_left,12,0.02216199040412903
41852_right,12,0.02146444469690323
41877_left,12,0.021404655650258064
41877_right,12,0.03742825239896774
41881_left,12,0.026985011994838715
41881_right,12,0.013093909248709679
41891_left,12,0.028918208554387093
41891_right,12,0.015465561300516129
41914_left,12,0.020587531849741936
41914_right,12,0.03559470549225807
41922_left,12,0.04522082209587097
41922_right,12,0.01616310514509678
41950_left,12,0.010981345549225807
41950_right,12,0.044682715088129044
41960_left,12,0.027841996401548386
41960_right,12,0.022082271054387093
41993_left,12,0.015485490672290325
41993_right,12,0.02439413219690323
42010_left,12,0.02108577825129032
42010_right,12,0.014907525852322578
42058_left,12,0.03085140325129032
42058_right,12,0.01620296575129032
42084_left,12,0.027722416445612907
42084_right,12,0.019331950694322586
42087_left,12,0.039680324494838715
42087_right,12,0.02413504384458065
42109_left,12,0.0203683041036129
42109_right,12,0.02192283235490322
42137_left,12,0.04404496029019356
42137_right,12,0.012635522522032261
42164_left,12,0.014469068497419357
42164_right,12,0.010782047174870968
42178_left,12,0.0389229916036129
42178_right,12,0.02913743630051613
42183_left,12,0.015844227746129036
42183_right,12,0.02401546575129032
42206_left,12,0.031030772253870964
42206_right,12,0.02861925959587097
42219_left,12,0.01690050959587097
42219_right,12,0.02997449040412903
42272_left,12,0.0265066958963871
42272_right,12,0.0174386166036129
42298_left,12,0.04029814898967743
42298_right,12,0.02244100719690323
42341_left,12,0.012177136726677418
42341_right,12,0.007473692763596773
42361_left,12,0.026307398453354836
42361_right,12,0.01773756369948387
42365_left,12,0.03597337380051613
42365_right,12,0.013811384327709675
42382_left,12,0.0364118292927742
42382_right,12,0.01885363459587097
42387_left,12,0.025908801704645157
42387_right,12,0.022361287847161293
42392_left,12,0.0320870541036129
42392_right,12,0.044005103409290314
42393_left,12,0.04113520309329033
42393_right,12,0.026048310101032257
42413_left,12,0.011579240672290325
42413_right,12,0.011041135527193546
42471_left,12,0.02315848134458065
42471_right,12,0.014050542376935482
42481_left,12,0.023337850347161293
42481_right,12,0.01588408835232258
42495_left,12,0.028400031849741936
42495_right,12,0.03366151079535484
42503_left,12,0.020607462152838707
42503_right,12,0.016282685101032257
42506_left,12,0.028081154450774193
42506_right,12,0.056580834090709686
42519_left,12,0.02425462380051613
42519_right,12,0.045420121401548386
42536_left,12,0.012197066098451614
42536_right,12,0.0196707583963871
42544_left,12,0.01815609075129032
42544_right,12,0.030373087152838707
42557_left,12,0.04203204810619354
42557_right,12,0.033980388194322586
42596_left,12,0.019710619002580643
42596_right,12,0.0323660708963871
42615_left,12,0.01729910634458065
42615_right,12,0.022421076893806458
42625_left,12,0.012834821827709675
42625_right,12,0.023337850347161293
42634_left,12,0.016960300505161285
42634_right,12,0.023497289046645164
42653_left,12,0.04755261540412903
42653_right,12,0.014329560101032257
42658_left,12,0.016222896054387093
42658_right,12,0.035395409911870956
42700_left,12,0.025330835953354836
42700_right,12,0.016402263194322586
42710_left,12,0.019331950694322586
42710_right,12,0.04306839779019356
42715_left,12,0.0326450876891613
42715_right,12,0.013751594349741936
42749_left,12,0.015684789046645164
42749_right,12,0.01951131969690323
42753_left,12,0.021544164046645164
42753_right,12,0.03392060101032257
42761_left,12,0.029296875
42761_right,12,0.027523119002580643
42782_left,12,0.025011958554387093
42782_right,12,0.020009566098451614
42881_left,12,0.034797511994838715
42881_right,12,0.02788185514509678
42908_left,12,0.0475725457072258
42908_right,12,0.01564493030309677
42912_left,12,0.018753986805677414
42912_right,12,0.030034279450774193
42921_left,12,0.035774074494838715
42921_right,12,0.0375279001891613
42944_left,12,0.033980388194322586
42944_right,12,0.02495216764509678
42947_left,12,0.02399553544819355
42947_right,12,0.01996970735490322
42954_left,12,0.022520726546645164
42954_right,12,0.01500717457383871
42968_left,12,0.018514826893806458
42968_right,12,0.03553491830825806
42970_left,12,0.013651944696903229
42970_right,12,0.024932239204645157
42981_left,12,0.025589924305677414
42981_right,12,0.052933674305677414
42997_left,12,0.031489159911870956
42997_right,12,0.041792888194322586
43005_left,12,0.01662149280309677
43005_right,12,0.01038345042616129
43006_left,12,0.042211417108774185
43006_right,12,0.024095185101032257
43021_left,12,0.022640306502580643
43021_right,12,0.03374123200774193
43024_left,12,0.031329721212387085
43024_right,12,0.03798628970980644
43033_left,12,0.024294482544064522
43033_right,12,0.02192283235490322
43040_left,12,0.026486767455935478
43040_right,12,0.01291454117745161
43062_left,12,0.014409279450774193
43062_right,12,0.0205078125
43077_left,12,0.02568957209587097
43077_right,12,0.016840720549225807
43124_left,12,0.021165497601032257
43124_right,12,0.024792728945612907
43131_left,12,0.02760283835232258
43131_right,12,0.03374123200774193
43141_left,12,0.026327326893806458
43141_right,12,0.015565210022032261
43153_left,12,0.028938136994838715
43153_right,12,0.01801658235490322
43158_left,12,0.011260363273322582
43158_right,12,0.024633290246129036
43163_left,12,0.030891261994838715
43163_right,12,0.02987484075129032
43166_left,12,0.015505420975387096
43166_right,12,0.017777424305677414
43167_left,12,0.01389110367745161
43167_right,12,0.0164620541036129
43172_left,12,0.0302734375
43172_right,12,0.038325097411870956
43187_left,12,0.008151307702064514
43187_right,12,0.01311383955180645
43227_left,12,0.02327806130051613
43227_right,12,0.0235770083963871
43243_left,12,0.028698978945612907
43243_right,12,0.021982621401548386
43254_left,12,0.03190768510103226
43254_right,12,0.013592155650258064
43267_left,12,0.017119739204645157
43267_right,12,0.02582908235490322
43291_left,12,0.018773915246129036
43291_right,12,0.021145567297935486
43339_left,12,0.01249601412564516
43339_right,12,0.007134885061532259
43340_left,12,0.039281729608774185
43340_right,12,0.035076528787612915
43354_left,12,0.015963807702064514
43354_right,12,0.01797672174870968
43355_left,12,0.040776465088129044
43355_right,12,0.016402263194322586
43357_left,12,0.035096459090709686
43357_right,12,0.005261479411274195
43358_left,12,0.04155373200774193
43358_right,12,0.032286353409290314
43389_left,12,0.026446906849741936
43389_right,12,0.03714923560619354
43418_left,12,0.03944116830825806
43418_right,12,0.03517618030309677
43450_left,12,0.021703602746129036
43450_right,12,0.013392857275903225
43491_left,12,0.00920758955180645
43491_right,12,0.02634725719690323
43494_left,12,0.026546556502580643
43494_right,12,0.011399872601032257
43549_left,12,0.027702488005161285
43549_right,12,0.048070792108774185
43552_left,12,0.024772800505161285
43552_right,12,0.022580517455935478
43558_left,12,0.04075653851032257
43558_right,12,0.026705995202064514
43584_left,12,0.02804129384458065
43584_right,12,0.030731823295354843
43588_left,12,0.027523119002580643
43588_right,12,0.02792171575129032
43604_left,12,0.02690529264509678
43604_right,12,0.032864317297935486
43637_left,12,0.022660236805677414
43637_right,12,0.03700972720980644
43664_left,12,0.02774234674870968
43664_right,12,0.04954560101032257
43687_left,12,0.018036510795354843
43687_right,12,0.0354352667927742
43699_left,12,0.05442841351032257
43699_right,12,0.0486886166036129
43729_left,12,0.03952088579535484
43729_right,12,0.01602359674870968
43741_left,12,0.04181281849741936
43741_right,12,0.0232979916036129
43758_left,12,0.032445792108774185
43758_right,12,0.02471300959587097
43770_left,12,0.016382334753870964
43770_right,12,0.02485251985490322
43773_left,12,0.05506616830825806
43773_right,12,0.01442920882254839
43796_left,12,0.015704719349741936
43796_right,12,0.01616310514509678
43822_left,12,0.028698978945612907
43822_right,12,0.02411511540412903
43836_left,12,0.02443399280309677
43836_right,12,0.019292091950774193
43840_left,12,0.0385044626891613
43840_right,12,0.026686064898967743
43872_left,12,0.059650033712387085
43872_right,12,0.054348692297935486
43887_left,12,0.035235971212387085
43887_right,12,0.025430485606193542
43899_left,12,0.029795121401548386
43899_right,12,0.015684789046645164
43933_left,12,0.014568718150258064
43933_right,12,0.02066725119948387
43935_left,12,0.011619100347161293
43935_right,12,0.032286353409290314
43980_left,12,0.023816166445612907
43980_right,12,0.03505660220980644
43982_left,12,0.028280451893806458
43982_right,12,0.013592155650258064
43993_left,12,0.02680564485490322
43993_right,12,0.019870057702064514
43995_left,12,0.023317920044064522
43995_right,12,0.014249840751290321
44064_left,12,0.012954400852322578
44064_right,12,0.04384566470980644
44081_left,12,0.026985011994838715
44081_right,12,0.01883370615541935
44088_left,12,0.013731664977967739
44088_right,12,0.02285953424870968
44096_left,12,0.053950097411870956
44096_right,12,0.023058833554387093
44103_left,12,0.035076528787612915
44103_right,12,0.0357142873108387
44134_left,12,0.02875876985490322
44134_right,12,0.036890145391225815
44178_left,12,0.026546556502580643
44178_right,12,0.014269770123064518
44221_left,12,0.02913743630051613
44221_right,12,0.029057716950774193
44229_left,12,0.02094626985490322
44229_right,12,0.007971938699483871
44238_left,12,0.012117346748709679
44238_right,12,0.03631218150258064
44242_left,12,0.02190290205180645
44242_right,12,0.03946109861135483
44253_left,12,0.008470185101032257
44253_right,12,0.03471779450774193
44264_left,12,0.027702488005161285
44264_right,12,0.024194834753870964
44275_left,12,0.028698978945612907
44275_right,12,0.02857940085232258
44284_left,12,0.01827566884458065
44284_right,12,0.021145567297935486
44306_left,12,0.013651944696903229
44306_right,12,0.023377710953354836
44308_left,12,0.020467951893806458
44308_right,12,0.04579878970980644
44327_left,12,0.013851244002580643
44327_right,12,0.011140784248709679
