image,num_candidate_components,pseudo_mask_coverage,pseudo_mask_max
19_left,12,0.0016632080078125,1.0
19_right,12,0.003997802734375,1.0
20_left,12,0.003757476806640625,1.0
20_right,12,0.003597259521484375,1.0
22_left,12,0.00301361083984375,1.0
22_right,12,0.006008148193359375,1.0
62_left,12,0.00449371337890625,1.0
62_right,12,0.002803802490234375,1.0
66_left,12,0.00331878662109375,1.0
66_right,12,0.00258636474609375,1.0
84_left,12,0.002559661865234375,1.0
84_right,12,0.0022125244140625,1.0
145_left,12,0.0040130615234375,1.0
145_right,12,0.002899169921875,1.0
190_left,12,0.002422332763671875,1.0
190_right,12,0.00426483154296875,1.0
194_left,12,0.0050201416015625,1.0
194_right,12,0.003597259521484375,1.0
204_left,12,0.002666473388671875,1.0
204_right,12,0.00177764892578125,1.0
214_left,12,0.00070953369140625,1.0
214_right,12,0.0009307861328125,1.0
225_left,12,0.004039764404296875,1.0
225_right,12,0.005710601806640625,1.0
239_left,12,0.0036773681640625,1.0
239_right,12,0.0037078857421875,1.0
259_left,12,0.0037841796875,1.0
259_right,12,0.00423431396484375,1.0
274_left,12,0.00193023681640625,1.0
274_right,12,0.00142669677734375,1.0
288_left,12,0.00258636474609375,1.0
288_right,12,0.00452423095703125,1.0
294_left,12,0.005435943603515625,1.0
294_right,12,0.00562286376953125,1.0
307_left,12,0.00446319580078125,1.0
307_right,12,0.005771636962890625,1.0
317_left,12,0.003662109375,1.0
317_right,12,0.00411224365234375,1.0
323_left,12,0.002071380615234375,1.0
323_right,12,0.001995086669921875,1.0
326_left,12,0.002262115478515625,1.0
326_right,12,0.002529144287109375,1.0
328_left,12,0.001834869384765625,1.0
328_right,12,0.00302886962890625,1.0
333_left,12,0.001712799072265625,1.0
333_right,12,0.003429412841796875,1.0
356_left,12,0.002559661865234375,1.0
356_right,12,0.002025604248046875,1.0
398_left,12,0.0028228759765625,1.0
398_right,12,0.0012359619140625,1.0
405_left,12,0.002353668212890625,1.0
405_right,12,0.004772186279296875,1.0
408_left,12,0.004161834716796875,1.0
408_right,12,0.00255584716796875,1.0
439_left,12,0.002597808837890625,1.0
439_right,12,0.003353118896484375,1.0
444_left,12,0.001705169677734375,1.0
444_right,12,0.00331878662109375,1.0
445_left,12,0.004291534423828125,1.0
445_right,12,0.00140380859375,1.0
448_left,12,0.00220489501953125,1.0
448_right,12,0.002315521240234375,1.0
483_left,12,0.00290679931640625,1.0
483_right,12,0.003780364990234375,1.0
531_left,12,0.002727508544921875,1.0
531_right,12,0.002689361572265625,1.0
557_left,12,0.00315093994140625,1.0
557_right,12,0.00197601318359375,1.0
563_left,12,0.002979278564453125,1.0
563_right,12,0.0018310546875,1.0
596_left,12,0.0037078857421875,1.0
596_right,12,0.0040740966796875,1.0
604_left,12,0.00264739990234375,1.0
604_right,12,0.0016021728515625,1.0
615_left,12,0.001300811767578125,1.0
615_right,12,0.00431060791015625,1.0
642_left,12,0.002826690673828125,1.0
642_right,12,0.0023651123046875,1.0
645_left,12,0.003467559814453125,1.0
645_right,12,0.00214385986328125,1.0
660_left,12,0.00336456298828125,1.0
660_right,12,0.005062103271484375,1.0
670_left,12,0.00165557861328125,1.0
670_right,12,0.0038299560546875,1.0
673_left,12,0.003849029541015625,1.0
673_right,12,0.003215789794921875,1.0
686_left,12,0.0003662109375,0.83984375
686_right,12,0.00383758544921875,1.0
703_left,12,0.002025604248046875,1.0
703_right,12,0.001861572265625,1.0
723_left,12,0.003143310546875,1.0
723_right,12,0.004093170166015625,1.0
731_left,12,0.001499176025390625,1.0
731_right,12,0.003814697265625,1.0
732_left,12,0.00279998779296875,1.0
732_right,12,0.00400543212890625,1.0
766_left,12,0.000713348388671875,1.0
766_right,12,0.001995086669921875,1.0
773_left,12,0.00357818603515625,1.0
773_right,12,0.00292205810546875,1.0
800_left,12,0.003509521484375,1.0
800_right,12,0.00543975830078125,1.0
803_left,12,0.00289154052734375,1.0
803_right,12,0.002239227294921875,1.0
812_left,12,0.00292205810546875,1.0
812_right,12,0.00391387939453125,1.0
820_left,12,0.001979827880859375,1.0
820_right,12,0.00373077392578125,1.0
842_left,12,0.001651763916015625,1.0
842_right,12,0.000606536865234375,1.0
844_left,12,0.002033233642578125,1.0
844_right,12,0.00246429443359375,1.0
862_left,12,0.002239227294921875,1.0
862_right,12,0.0023345947265625,1.0
878_left,12,0.0044097900390625,1.0
878_right,12,0.00112152099609375,1.0
886_left,12,0.003490447998046875,1.0
886_right,12,0.00260162353515625,1.0
909_left,12,0.003086090087890625,1.0
909_right,12,0.00507354736328125,1.0
921_left,12,0.003223419189453125,1.0
921_right,12,0.0033111572265625,1.0
931_left,12,0.0025634765625,1.0
931_right,12,0.002849578857421875,1.0
943_left,12,0.004566192626953125,1.0
943_right,12,0.00335693359375,1.0
968_left,12,0.0034332275390625,1.0
968_right,12,0.0011138916015625,1.0
977_left,12,0.005580902099609375,1.0
977_right,12,0.002300262451171875,1.0
986_left,12,0.00324249267578125,1.0
986_right,12,0.0027008056640625,1.0
1012_left,12,0.003307342529296875,1.0
1012_right,12,0.0018157958984375,1.0
1021_left,12,0.001056671142578125,1.0
1021_right,12,0.003204345703125,1.0
1035_left,12,0.00260162353515625,1.0
1035_right,12,0.002094268798828125,1.0
1044_left,12,0.0054473876953125,1.0
1044_right,12,0.001277923583984375,1.0
1055_left,12,0.00244140625,1.0
1055_right,12,0.003963470458984375,1.0
1057_left,12,0.002635955810546875,1.0
1057_right,12,0.003021240234375,1.0
1070_left,12,0.001453399658203125,1.0
1070_right,12,0.004123687744140625,1.0
1098_left,12,0.003437042236328125,1.0
1098_right,12,0.00435638427734375,1.0
1140_left,12,0.00284576416015625,1.0
1140_right,12,0.0034027099609375,1.0
1145_left,12,0.00482940673828125,1.0
1145_right,12,0.00433349609375,1.0
1177_left,12,0.00220489501953125,1.0
1177_right,12,0.00240325927734375,1.0
1179_left,12,0.00302886962890625,1.0
1179_right,12,0.00293731689453125,1.0
1212_left,12,0.00301361083984375,1.0
1212_right,12,0.001842498779296875,1.0
1226_left,12,0.00146484375,1.0
1226_right,12,0.00160980224609375,1.0
1242_left,12,0.003055572509765625,1.0
1242_right,12,0.00421142578125,1.0
1269_left,12,0.003662109375,1.0
1269_right,12,0.003875732421875,1.0
1318_left,12,0.004985809326171875,1.0
1318_right,12,0.00244903564453125,1.0
1350_left,12,0.00225830078125,1.0
1350_right,12,0.001270294189453125,1.0
1363_left,12,0.001979827880859375,1.0
1363_right,12,0.001415252685546875,1.0
1388_left,12,0.00409698486328125,1.0
1388_right,12,0.003108978271484375,1.0
1393_left,12,0.0018310546875,1.0
1393_right,12,0.00234222412109375,1.0
1432_left,12,0.004009246826171875,1.0
1432_right,12,0.003253936767578125,1.0
1444_left,12,0.0037689208984375,1.0
1444_right,12,0.002788543701171875,1.0
1454_left,12,0.002017974853515625,1.0
1454_right,12,0.00286102294921875,1.0
1487_left,12,0.00434112548828125,1.0
1487_right,12,0.00206756591796875,1.0
1495_left,12,0.002941131591796875,1.0
1495_right,12,0.00431060791015625,1.0
1496_left,12,0.00283050537109375,1.0
1496_right,12,0.001110076904296875,1.0
1499_left,7,0.00090789794921875,1.0
1499_right,12,0.000759124755859375,0.890625
1500_left,12,0.002498626708984375,1.0
1500_right,12,0.00342559814453125,1.0
1513_left,12,0.003818511962890625,1.0
1513_right,12,0.002407073974609375,1.0
1516_left,12,0.001712799072265625,1.0
1516_right,12,0.00146484375,1.0
1550_left,12,0.00232696533203125,1.0
1550_right,12,0.003265380859375,1.0
1579_left,12,0.002452850341796875,1.0
1579_right,12,0.001232147216796875,1.0
1586_left,12,0.00397491455078125,1.0
1586_right,12,0.00402069091796875,1.0
1609_left,12,0.003803253173828125,1.0
1609_right,12,0.0014495849609375,1.0
1614_left,12,0.002410888671875,1.0
1614_right,12,0.00170135498046875,1.0
1634_left,12,0.00388336181640625,1.0
1634_right,12,0.0037841796875,1.0
1669_left,12,0.003841400146484375,1.0
1669_right,12,0.00223541259765625,1.0
1673_left,12,0.00319671630859375,1.0
1673_right,12,0.00223541259765625,1.0
1689_left,12,0.003643035888671875,1.0
1689_right,12,0.001552581787109375,1.0
1736_left,12,0.0029144287109375,1.0
1736_right,12,0.002086639404296875,1.0
1751_left,12,0.00368499755859375,1.0
1751_right,12,0.00420379638671875,1.0
1765_left,12,0.00264739990234375,1.0
1765_right,12,0.0018768310546875,1.0
1839_left,12,0.00585174560546875,1.0
1839_right,12,0.003177642822265625,1.0
1869_left,12,0.003269195556640625,1.0
1869_right,12,0.003383636474609375,1.0
1889_left,12,0.00089263916015625,1.0
1889_right,12,0.0012054443359375,1.0
1910_left,12,0.002300262451171875,1.0
1910_right,12,0.00110626220703125,1.0
1914_left,12,0.004047393798828125,1.0
1914_right,12,0.0041656494140625,1.0
1916_left,12,0.00234222412109375,1.0
1916_right,12,0.0025177001953125,1.0
1947_left,12,0.003322601318359375,1.0
1947_right,12,0.004138946533203125,1.0
1967_left,12,0.005336761474609375,1.0
1967_right,12,0.00341033935546875,1.0
2078_left,12,0.0014495849609375,1.0
2078_right,12,0.005260467529296875,1.0
2094_left,12,0.00455474853515625,1.0
2094_right,12,0.00310516357421875,1.0
2106_left,12,0.0016326904296875,1.0
2106_right,12,0.002269744873046875,1.0
2133_left,12,0.003620147705078125,1.0
2133_right,12,0.002696990966796875,1.0
2144_left,12,0.004608154296875,1.0
2144_right,12,0.00359344482421875,1.0
2157_left,12,0.004547119140625,1.0
2157_right,12,0.001117706298828125,1.0
2163_left,12,0.0016632080078125,1.0
2163_right,12,0.001384735107421875,1.0
2188_left,12,0.005794525146484375,1.0
2188_right,12,0.003589630126953125,1.0
2222_left,12,0.002376556396484375,1.0
2222_right,12,0.003986358642578125,1.0
2243_left,12,0.004425048828125,1.0
2243_right,12,0.002197265625,1.0
2286_left,12,0.003894805908203125,1.0
2286_right,12,0.00258636474609375,1.0
2290_left,12,0.00311279296875,1.0
2290_right,12,0.00228118896484375,1.0
2296_left,12,0.003704071044921875,1.0
2296_right,12,0.002590179443359375,1.0
2323_left,12,0.002521514892578125,1.0
2323_right,12,0.003875732421875,1.0
2334_left,12,0.002803802490234375,1.0
2334_right,12,0.003856658935546875,1.0
2337_left,12,0.004863739013671875,1.0
2337_right,12,0.003803253173828125,1.0
2339_left,12,0.00362396240234375,1.0
2339_right,12,0.00171661376953125,1.0
2358_left,12,0.002773284912109375,1.0
2358_right,12,0.001750946044921875,1.0
2361_left,12,0.000751495361328125,1.0
2361_right,12,0.00296783447265625,1.0
2363_left,12,0.002391815185546875,1.0
2363_right,12,0.00516510009765625,1.0
2379_left,12,0.00301361083984375,1.0
2379_right,12,0.00235748291015625,1.0
2399_left,12,0.002902984619140625,1.0
2399_right,12,0.002040863037109375,1.0
2436_left,12,0.003143310546875,1.0
2436_right,12,0.001903533935546875,1.0
2447_left,12,0.004413604736328125,1.0
2447_right,12,0.00081634521484375,1.0
2458_left,12,0.00405120849609375,1.0
2458_right,12,0.00234222412109375,1.0
2503_left,12,0.00250244140625,1.0
2503_right,12,0.002452850341796875,1.0
2508_left,12,0.001880645751953125,1.0
2508_right,12,0.0030517578125,1.0
2515_left,12,0.00496673583984375,1.0
2515_right,12,0.001186370849609375,1.0
2529_left,12,0.00319671630859375,1.0
2529_right,12,0.0064697265625,1.0
2530_left,12,0.00341033935546875,1.0
2530_right,12,0.002574920654296875,1.0
2541_left,12,0.0067138671875,1.0
2541_right,12,0.0059814453125,1.0
2544_left,12,0.002605438232421875,1.0
2544_right,12,0.0032196044921875,1.0
2561_left,12,0.00238800048828125,1.0
2561_right,12,0.001377105712890625,1.0
2566_left,12,0.00103759765625,1.0
2566_right,12,0.003429412841796875,1.0
2599_left,12,0.002960205078125,1.0
2599_right,12,0.00312042236328125,1.0
2623_left,12,0.002178192138671875,1.0
2623_right,12,0.005565643310546875,1.0
2630_left,12,0.00537872314453125,1.0
2630_right,12,0.004932403564453125,1.0
2633_left,12,0.00232696533203125,1.0
2633_right,12,0.003101348876953125,1.0
2643_left,12,0.00278472900390625,1.0
2643_right,12,0.00199127197265625,1.0
2666_left,12,0.00267791748046875,1.0
2666_right,12,0.00356292724609375,1.0
2670_left,12,0.00640106201171875,1.0
2670_right,12,0.003124237060546875,1.0
2677_left,12,0.00274658203125,1.0
2677_right,12,0.00228118896484375,1.0
2702_left,12,0.0023193359375,1.0
2702_right,12,0.002960205078125,1.0
2729_left,12,0.006305694580078125,1.0
2729_right,12,0.004116058349609375,1.0
2734_left,12,0.00662994384765625,1.0
2734_right,12,0.003322601318359375,1.0
2756_left,12,0.005035400390625,1.0
2756_right,12,0.004619598388671875,1.0
2814_left,12,0.00301361083984375,1.0
2814_right,12,0.004802703857421875,1.0
2824_left,12,0.003276824951171875,1.0
2824_right,12,0.00351715087890625,1.0
2838_left,12,0.002838134765625,1.0
2838_right,12,0.005039215087890625,1.0
2844_left,12,0.004184722900390625,1.0
2844_right,12,0.0023193359375,1.0
2869_left,12,0.003520965576171875,1.0
2869_right,12,0.00319671630859375,1.0
2872_left,12,0.002811431884765625,1.0
2872_right,12,0.0036773681640625,1.0
2877_left,12,0.003177642822265625,1.0
2877_right,12,0.00384521484375,1.0
2881_left,12,0.00103759765625,1.0
2881_right,12,0.002658843994140625,1.0
2887_left,12,0.003997802734375,1.0
2887_right,12,0.003314971923828125,1.0
2888_left,12,0.00052642822265625,1.0
2888_right,12,0.0021209716796875,1.0
2910_left,12,0.003452301025390625,1.0
2910_right,12,0.002918243408203125,1.0
2952_left,12,0.002826690673828125,1.0
2952_right,12,0.002346038818359375,1.0
2962_left,12,0.002826690673828125,1.0
2962_right,12,0.002948760986328125,1.0
2966_left,12,0.002155303955078125,1.0
2966_right,12,0.00342559814453125,1.0
2992_left,12,0.00452423095703125,1.0
2992_right,12,0.002902984619140625,1.0
3022_left,12,0.00313568115234375,1.0
3022_right,12,0.001949310302734375,1.0
3026_left,12,0.00289154052734375,1.0
3026_right,12,0.002475738525390625,1.0
3064_left,12,0.002735137939453125,1.0
3064_right,12,0.0064239501953125,1.0
3070_left,12,0.002655029296875,1.0
3070_right,12,0.004383087158203125,1.0
3072_left,12,0.005214691162109375,1.0
3072_right,12,0.0037841796875,1.0
3076_left,12,0.001354217529296875,1.0
3076_right,12,0.002834320068359375,1.0
3082_left,12,0.002834320068359375,1.0
3082_right,12,0.003047943115234375,1.0
3088_left,12,0.005893707275390625,1.0
3088_right,12,0.00252532958984375,1.0
3100_left,12,0.0020904541015625,1.0
3100_right,12,0.002349853515625,1.0
3121_left,12,0.004688262939453125,1.0
3121_right,12,0.00366973876953125,1.0
3139_left,12,0.002674102783203125,1.0
3139_right,12,0.002857208251953125,1.0
3148_left,12,0.001895904541015625,1.0
3148_right,12,0.002559661865234375,1.0
3149_left,12,0.00323486328125,1.0
3149_right,12,0.004199981689453125,1.0
3167_left,12,0.002040863037109375,1.0
3167_right,12,0.00258636474609375,1.0
3189_left,12,0.002773284912109375,1.0
3189_right,12,0.0041656494140625,1.0
3224_left,12,0.00382232666015625,1.0
3224_right,12,0.002735137939453125,1.0
3280_left,12,0.001720428466796875,1.0
3280_right,12,0.003368377685546875,1.0
3296_left,12,0.00244140625,1.0
3296_right,12,0.003589630126953125,1.0
3319_left,12,0.00188446044921875,1.0
3319_right,12,0.0022430419921875,1.0
3358_left,12,0.001995086669921875,1.0
3358_right,12,0.00270843505859375,1.0
3393_left,12,0.002536773681640625,1.0
3393_right,12,0.002086639404296875,1.0
3413_left,9,0.002414703369140625,1.0
3413_right,12,0.002147674560546875,1.0
3496_left,12,0.003276824951171875,1.0
3496_right,12,0.005001068115234375,1.0
3520_left,12,0.00138092041015625,1.0
3520_right,12,0.0040283203125,1.0
3562_left,12,0.00193023681640625,1.0
3562_right,12,0.00385284423828125,1.0
3575_left,12,0.0036468505859375,1.0
3575_right,12,0.002071380615234375,1.0
3600_left,12,0.003757476806640625,1.0
3600_right,12,0.0032806396484375,1.0
3639_left,12,0.002689361572265625,1.0
3639_right,12,0.00258636474609375,1.0
3650_left,12,0.0046844482421875,1.0
3650_right,12,0.00176239013671875,1.0
3651_left,12,0.002841949462890625,1.0
3651_right,12,0.000972747802734375,1.0
3671_left,12,0.0032958984375,1.0
3671_right,12,0.000858306884765625,1.0
3682_left,12,0.002101898193359375,1.0
3682_right,12,0.003551483154296875,1.0
3697_left,12,0.003040313720703125,1.0
3697_right,12,0.00383758544921875,1.0
3740_left,12,0.00278472900390625,1.0
3740_right,12,0.003475189208984375,1.0
3752_left,12,0.00186920166015625,1.0
3752_right,12,0.005462646484375,1.0
3754_left,12,0.00339508056640625,1.0
3754_right,12,0.004779815673828125,1.0
3758_left,12,0.002826690673828125,1.0
3758_right,12,0.00205230712890625,1.0
3767_left,12,0.002109527587890625,1.0
3767_right,12,0.00412750244140625,1.0
3769_left,12,0.003520965576171875,1.0
3769_right,12,0.00177001953125,1.0
3812_left,12,0.0013275146484375,1.0
3812_right,12,0.00279998779296875,1.0
3866_left,12,0.004070281982421875,1.0
3866_right,12,0.00372314453125,1.0
3873_left,12,0.00234222412109375,1.0
3873_right,12,0.00176239013671875,1.0
3889_left,12,0.00270843505859375,1.0
3889_right,12,0.00386810302734375,1.0
3895_left,12,0.003154754638671875,1.0
3895_right,12,0.003734588623046875,1.0
3896_left,12,0.00417327880859375,1.0
3896_right,12,0.0029449462890625,1.0
3908_left,12,0.004749298095703125,1.0
3908_right,12,0.002227783203125,1.0
3932_left,12,0.003299713134765625,1.0
3932_right,12,0.001285552978515625,1.0
3960_left,12,0.0025634765625,1.0
3960_right,12,0.002010345458984375,1.0
3993_left,12,0.0011749267578125,1.0
3993_right,12,0.002735137939453125,1.0
4003_left,12,0.002475738525390625,1.0
4003_right,12,0.001285552978515625,1.0
4005_left,12,0.00435638427734375,1.0
4005_right,12,0.0021209716796875,1.0
4049_left,12,0.003673553466796875,1.0
4049_right,12,0.004055023193359375,1.0
4058_left,12,0.00395965576171875,1.0
4058_right,12,0.003528594970703125,1.0
4060_left,12,0.002216339111328125,1.0
4060_right,12,0.0010833740234375,1.0
4069_left,12,0.002315521240234375,1.0
4069_right,12,0.0015716552734375,1.0
4077_left,12,0.00345611572265625,1.0
4077_right,12,0.003963470458984375,1.0
4086_left,12,0.004428863525390625,1.0
4086_right,12,0.00109100341796875,1.0
4095_left,12,0.00107574462890625,1.0
4095_right,12,0.00394439697265625,1.0
4123_left,12,0.003879547119140625,1.0
4123_right,12,0.00638580322265625,1.0
4129_left,12,0.0042877197265625,1.0
4129_right,12,0.00250244140625,1.0
4140_left,12,0.003753662109375,1.0
4140_right,12,0.00443267822265625,1.0
4158_left,12,0.003421783447265625,1.0
4158_right,12,0.003299713134765625,1.0
4181_left,12,0.001049041748046875,1.0
4181_right,12,0.00121307373046875,1.0
4184_left,12,0.0043182373046875,1.0
4184_right,12,0.0063018798828125,1.0
4244_left,12,0.00179290771484375,1.0
4244_right,12,0.00183868408203125,1.0
4249_left,12,0.002895355224609375,1.0
4249_right,12,0.003040313720703125,1.0
4257_left,12,0.005893707275390625,1.0
4257_right,12,0.001983642578125,1.0
4289_left,12,0.003162384033203125,1.0
4289_right,12,0.002925872802734375,1.0
4364_left,12,0.00313568115234375,1.0
4364_right,12,0.00336456298828125,1.0
4366_left,12,0.003963470458984375,1.0
4366_right,12,0.0048980712890625,1.0
4367_left,12,0.003238677978515625,1.0
4367_right,12,0.00252532958984375,1.0
4375_left,12,0.000682830810546875,1.0
4375_right,12,0.001247406005859375,1.0
4380_left,12,0.0051116943359375,1.0
4380_right,12,0.00203704833984375,1.0
4381_left,12,0.003570556640625,1.0
4381_right,12,0.002285003662109375,1.0
4391_left,12,0.002704620361328125,1.0
4391_right,12,0.002349853515625,1.0
4400_left,12,0.002960205078125,1.0
4400_right,12,0.003528594970703125,1.0
4484_left,12,0.004852294921875,1.0
4484_right,12,0.005695343017578125,1.0
4508_left,12,0.004425048828125,1.0
4508_right,12,0.00263214111328125,1.0
4526_left,12,0.0023345947265625,1.0
4526_right,12,0.0019989013671875,1.0
4567_left,12,0.001285552978515625,1.0
4567_right,12,0.005176544189453125,1.0
4568_left,12,0.0012359619140625,1.0
4568_right,12,0.002651214599609375,1.0
4571_left,12,0.00151824951171875,1.0
4571_right,12,0.00119781494140625,1.0
4581_left,12,0.00220489501953125,1.0
4581_right,12,0.00335693359375,1.0
4599_left,12,0.003780364990234375,1.0
4599_right,12,0.00463104248046875,1.0
4604_left,12,0.003582000732421875,1.0
4604_right,12,0.003387451171875,1.0
4624_left,12,0.002773284912109375,1.0
4624_right,12,0.0044403076171875,1.0
4657_left,12,0.004302978515625,1.0
4657_right,12,0.00368499755859375,1.0
4658_left,12,0.003360748291015625,1.0
4658_right,12,0.003063201904296875,1.0
4659_left,12,0.0032501220703125,1.0
4659_right,12,0.003192901611328125,1.0
4695_left,12,0.0009002685546875,1.0
4695_right,12,0.003055572509765625,1.0
4740_left,12,0.004177093505859375,1.0
4740_right,12,0.00348663330078125,1.0
4755_left,12,0.000823974609375,1.0
4755_right,12,0.0016632080078125,1.0
4757_left,12,0.003734588623046875,1.0
4757_right,12,0.00344085693359375,1.0
4769_left,12,0.0027008056640625,1.0
4769_right,12,0.00357818603515625,1.0
4780_left,12,0.003520965576171875,1.0
4780_right,12,0.00334930419921875,1.0
4804_left,12,0.00354766845703125,1.0
4804_right,12,0.00290679931640625,1.0
4856_left,12,0.001453399658203125,1.0
4856_right,12,0.0027008056640625,1.0
4869_left,12,0.00251007080078125,1.0
4869_right,12,0.0029449462890625,1.0
4884_left,12,0.000885009765625,1.0
4884_right,12,0.00299835205078125,1.0
4903_left,12,0.004150390625,1.0
4903_right,12,0.001911163330078125,1.0
4931_left,12,0.002666473388671875,1.0
4931_right,12,0.004146575927734375,1.0
4951_left,12,0.00197601318359375,1.0
4951_right,12,0.004360198974609375,1.0
4967_left,12,0.003063201904296875,1.0
4967_right,12,0.00133514404296875,1.0
4972_left,12,0.0019378662109375,1.0
4972_right,12,0.003582000732421875,1.0
4987_left,12,0.003620147705078125,1.0
4987_right,12,0.004055023193359375,1.0
4998_left,12,0.003597259521484375,1.0
4998_right,12,0.004364013671875,1.0
5009_left,12,0.004360198974609375,1.0
5009_right,12,0.00362396240234375,1.0
5018_left,12,0.003505706787109375,1.0
5018_right,12,0.00075531005859375,0.9453125
5039_left,12,0.003192901611328125,1.0
5039_right,12,0.0022430419921875,1.0
5047_left,12,0.003482818603515625,1.0
5047_right,12,0.002513885498046875,1.0
5063_left,12,0.002002716064453125,1.0
5063_right,12,0.00390625,1.0
5096_left,12,0.0043487548828125,1.0
5096_right,12,0.002544403076171875,1.0
5112_left,12,0.00261688232421875,1.0
5112_right,12,0.003162384033203125,1.0
5140_left,12,0.00200653076171875,1.0
5140_right,12,0.00225067138671875,1.0
5149_left,12,0.00234222412109375,1.0
5149_right,12,0.001705169677734375,1.0
5153_left,12,0.004032135009765625,1.0
5153_right,12,0.003185272216796875,1.0
5156_left,12,0.00376129150390625,1.0
5156_right,12,0.004009246826171875,1.0
5185_left,12,0.00344085693359375,1.0
5185_right,12,0.002269744873046875,1.0
5200_left,12,0.0018157958984375,1.0
5200_right,12,0.003177642822265625,1.0
5205_left,12,0.002407073974609375,1.0
5205_right,12,0.00255584716796875,1.0
5250_left,12,0.002105712890625,1.0
5250_right,12,0.005756378173828125,1.0
5255_left,12,0.00380706787109375,1.0
5255_right,12,0.003253936767578125,1.0
5257_left,12,0.00197601318359375,1.0
5257_right,12,0.002025604248046875,1.0
5274_left,12,0.002864837646484375,1.0
5274_right,12,0.00252532958984375,1.0
5275_left,12,0.002361297607421875,1.0
5275_right,12,0.00188446044921875,1.0
5284_left,12,0.00185394287109375,1.0
5284_right,12,0.003265380859375,1.0
5305_left,12,0.00200653076171875,1.0
5305_right,12,0.0031585693359375,1.0
5315_left,12,0.002590179443359375,1.0
5315_right,12,0.0019683837890625,1.0
5346_left,12,0.004512786865234375,1.0
5346_right,12,0.00514984130859375,1.0
5368_left,12,0.00460052490234375,1.0
5368_right,12,0.002796173095703125,1.0
5383_left,12,0.0023956298828125,1.0
5383_right,12,0.003902435302734375,1.0
5387_left,12,0.003154754638671875,1.0
5387_right,12,0.00371551513671875,1.0
5391_left,12,0.004695892333984375,1.0
5391_right,12,0.003902435302734375,1.0
5410_left,12,0.001438140869140625,1.0
5410_right,12,0.001857757568359375,1.0
5421_left,12,0.001903533935546875,1.0
5421_right,12,0.002105712890625,1.0
5430_left,12,0.004241943359375,1.0
5430_right,12,0.001865386962890625,1.0
5441_left,12,0.004199981689453125,1.0
5441_right,12,0.00235748291015625,1.0
5454_left,12,0.003597259521484375,1.0
5454_right,12,0.00151824951171875,1.0
5465_left,12,0.002002716064453125,1.0
5465_right,12,0.00220489501953125,1.0
5471_left,12,0.002132415771484375,1.0
5471_right,12,0.0045166015625,1.0
5488_left,12,0.00334930419921875,1.0
5488_right,12,0.003040313720703125,1.0
5496_left,12,0.002140045166015625,1.0
5496_right,12,0.00408172607421875,1.0
5500_left,12,0.001819610595703125,1.0
5500_right,12,0.00211334228515625,1.0
5514_left,12,0.002605438232421875,1.0
5514_right,12,0.003231048583984375,1.0
5515_left,12,0.00201416015625,1.0
5515_right,12,0.003429412841796875,1.0
5521_left,12,0.00479888916015625,1.0
5521_right,12,0.001491546630859375,1.0
5537_left,12,0.00286865234375,1.0
5537_right,12,0.003936767578125,1.0
5540_left,12,0.00374603271484375,1.0
5540_right,12,0.002017974853515625,1.0
5542_left,12,0.00331878662109375,1.0
5542_right,12,0.002655029296875,1.0
5558_left,12,0.00228118896484375,1.0
5558_right,12,0.002132415771484375,1.0
5579_left,12,0.00348663330078125,1.0
5579_right,12,0.002315521240234375,1.0
5581_left,12,0.003498077392578125,1.0
5581_right,12,0.002651214599609375,1.0
5606_left,12,0.00289154052734375,1.0
5606_right,12,0.0025787353515625,1.0
5610_left,12,0.00170135498046875,1.0
5610_right,12,0.004955291748046875,1.0
5623_left,12,0.000843048095703125,1.0
5623_right,12,0.0010223388671875,1.0
5626_left,12,0.00336456298828125,1.0
5626_right,12,0.003265380859375,1.0
5632_left,12,0.003009796142578125,1.0
5632_right,12,0.002826690673828125,1.0
5650_left,12,0.00110626220703125,1.0
5650_right,12,0.003253936767578125,1.0
5659_left,12,0.00201416015625,1.0
5659_right,12,0.002559661865234375,1.0
5685_left,12,0.00150299072265625,1.0
5685_right,12,0.00604248046875,1.0
5692_left,12,0.001811981201171875,1.0
5692_right,12,0.001804351806640625,1.0
5695_left,12,0.00286102294921875,1.0
5695_right,12,0.004100799560546875,1.0
5708_left,12,0.00304412841796875,1.0
5708_right,12,0.0030059814453125,1.0
5720_left,12,0.00215911865234375,1.0
5720_right,12,0.004337310791015625,1.0
5728_left,12,0.00185394287109375,1.0
5728_right,12,0.002918243408203125,1.0
5758_left,12,0.00397491455078125,1.0
5758_right,12,0.00189971923828125,1.0
5759_left,12,0.0030975341796875,1.0
5759_right,12,0.002170562744140625,1.0
5769_left,12,0.003322601318359375,1.0
5769_right,12,0.004009246826171875,1.0
5778_left,12,0.0041351318359375,1.0
5778_right,12,0.00390625,1.0
5789_left,12,0.0020599365234375,1.0
5789_right,12,0.003955841064453125,1.0
5790_left,12,0.004550933837890625,1.0
5790_right,12,0.00214385986328125,1.0
5793_left,12,0.0024261474609375,1.0
5793_right,12,0.003765106201171875,1.0
5803_left,12,0.003200531005859375,1.0
5803_right,12,0.00705718994140625,1.0
5817_left,12,0.0037841796875,1.0
5817_right,12,0.00293731689453125,1.0
5842_left,12,0.002605438232421875,1.0
5842_right,12,0.003551483154296875,1.0
5853_left,12,0.002655029296875,1.0
5853_right,12,0.0038299560546875,1.0
5869_left,12,0.00540924072265625,1.0
5869_right,12,0.00431060791015625,1.0
5891_left,12,0.0022430419921875,1.0
5891_right,12,0.0032196044921875,1.0
5902_left,12,0.002727508544921875,1.0
5902_right,12,0.0022430419921875,1.0
5924_left,12,0.00183868408203125,1.0
5924_right,12,0.002780914306640625,1.0
5944_left,12,0.004261016845703125,1.0
5944_right,12,0.002887725830078125,1.0
5947_left,12,0.002346038818359375,1.0
5947_right,12,0.0033721923828125,1.0
5949_left,12,0.00533294677734375,1.0
5949_right,12,0.0026702880859375,1.0
5962_left,12,0.003387451171875,1.0
5962_right,12,0.002716064453125,1.0
5992_left,12,0.0013885498046875,1.0
5992_right,12,0.003078460693359375,1.0
5995_left,12,0.0015869140625,1.0
5995_right,12,0.00240325927734375,1.0
6005_left,12,0.002094268798828125,1.0
6005_right,12,0.0032806396484375,1.0
6010_left,12,0.004177093505859375,1.0
6010_right,12,0.003223419189453125,1.0
6024_left,12,0.00414276123046875,1.0
6024_right,12,0.003047943115234375,1.0
6065_left,12,0.00545501708984375,1.0
6065_right,12,0.003849029541015625,1.0
6067_left,12,0.004215240478515625,1.0
6067_right,12,0.003192901611328125,1.0
6079_left,12,0.00518035888671875,1.0
6079_right,12,0.00331878662109375,1.0
6080_left,12,0.002071380615234375,1.0
6080_right,12,0.0034027099609375,1.0
6088_left,12,0.0022125244140625,1.0
6088_right,12,0.002613067626953125,1.0
6095_left,12,0.004001617431640625,1.0
6095_right,12,0.003467559814453125,1.0
6096_left,12,0.003200531005859375,1.0
6096_right,12,0.002658843994140625,1.0
6127_left,12,0.0019683837890625,1.0
6127_right,12,0.004688262939453125,1.0
6139_left,12,0.003932952880859375,1.0
6139_right,12,0.003330230712890625,1.0
6207_left,12,0.005390167236328125,1.0
6207_right,12,0.004974365234375,1.0
6234_left,12,0.00167083740234375,1.0
6234_right,12,0.0027923583984375,1.0
6261_left,12,0.00284576416015625,1.0
6261_right,12,0.0049896240234375,1.0
6272_left,12,0.00308990478515625,1.0
6272_right,12,0.002719879150390625,1.0
6273_left,12,0.004146575927734375,1.0
6273_right,12,0.002593994140625,1.0
6311_left,12,0.00251007080078125,1.0
6311_right,12,0.005657196044921875,1.0
6360_left,12,0.00252532958984375,1.0
6360_right,12,0.00131988525390625,1.0
6364_left,12,0.005451202392578125,1.0
6364_right,12,0.001056671142578125,1.0
6367_left,12,0.00160980224609375,1.0
6367_right,12,0.00125885009765625,1.0
6374_left,12,0.0043487548828125,1.0
6374_right,12,0.00321197509765625,1.0
6378_left,12,0.00238037109375,1.0
6378_right,12,0.001949310302734375,1.0
6389_left,12,0.00292205810546875,1.0
6389_right,12,0.003387451171875,1.0
6407_left,12,0.004581451416015625,1.0
6407_right,12,0.0045166015625,1.0
6417_left,12,0.0026092529296875,1.0
6417_right,12,0.003170013427734375,1.0
6429_left,12,0.003582000732421875,1.0
6429_right,12,0.003582000732421875,1.0
6490_left,12,0.00443267822265625,1.0
6490_right,12,0.0023651123046875,1.0
6498_left,12,0.00302886962890625,1.0
6498_right,12,0.004619598388671875,1.0
6519_left,12,0.002685546875,1.0
6519_right,12,0.002033233642578125,1.0
6544_left,12,0.0056915283203125,1.0
6544_right,12,0.0024261474609375,1.0
6567_left,12,0.002536773681640625,1.0
6567_right,12,0.00311279296875,1.0
6569_left,12,0.002529144287109375,1.0
6569_right,12,0.001773834228515625,1.0
6596_left,12,0.002246856689453125,1.0
6596_right,12,0.0054931640625,1.0
6624_left,12,0.001743316650390625,1.0
6624_right,12,0.0019073486328125,1.0
6653_left,12,0.00394439697265625,1.0
6653_right,12,0.005062103271484375,1.0
6671_left,12,0.00298309326171875,1.0
6671_right,12,0.003528594970703125,1.0
6684_left,12,0.000484466552734375,1.0
6684_right,12,0.00168609619140625,1.0
6701_left,12,0.00363922119140625,1.0
6701_right,12,0.003589630126953125,1.0
6705_left,12,0.00322723388671875,1.0
6705_right,12,0.002574920654296875,1.0
6729_left,12,0.0017547607421875,1.0
6729_right,12,0.0029296875,1.0
6730_left,12,0.000782012939453125,0.89453125
6730_right,12,0.0019378662109375,1.0
6734_left,12,0.00550079345703125,1.0
6734_right,12,0.0026397705078125,1.0
6736_left,12,0.0037994384765625,1.0
6736_right,12,0.004566192626953125,1.0
6740_left,12,0.005344390869140625,1.0
6740_right,12,0.002655029296875,1.0
6744_left,12,0.003612518310546875,1.0
6744_right,12,0.000804901123046875,0.890625
6795_left,12,0.0023040771484375,1.0
6795_right,12,0.003864288330078125,1.0
6822_left,12,0.001651763916015625,1.0
6822_right,12,0.00334930419921875,1.0
6827_left,12,0.00201416015625,1.0
6827_right,12,0.0028533935546875,1.0
6837_left,12,0.002094268798828125,1.0
6837_right,12,0.002468109130859375,1.0
6839_left,12,0.005237579345703125,1.0
6839_right,12,0.002819061279296875,1.0
6849_left,12,0.00238037109375,1.0
6849_right,12,0.003284454345703125,1.0
6854_left,12,0.0029296875,1.0
6854_right,12,0.001728057861328125,1.0
6857_left,12,0.004047393798828125,1.0
6857_right,12,0.002788543701171875,1.0
6875_left,12,0.001354217529296875,1.0
6875_right,12,0.00382232666015625,1.0
6888_left,12,0.003139495849609375,1.0
6888_right,12,0.000591278076171875,0.9296875
6901_left,12,0.002796173095703125,1.0
6901_right,12,0.001598358154296875,1.0
6920_left,12,0.003509521484375,1.0
6920_right,12,0.002864837646484375,1.0
6947_left,12,0.0034332275390625,1.0
6947_right,12,0.003448486328125,1.0
6958_left,12,0.00344085693359375,1.0
6958_right,12,0.00323486328125,1.0
6986_left,12,0.003910064697265625,1.0
6986_right,12,0.003528594970703125,1.0
7009_left,12,0.0023956298828125,1.0
7009_right,12,0.001953125,1.0
7022_left,12,0.00179290771484375,1.0
7022_right,12,0.00118255615234375,1.0
7024_left,12,0.0025634765625,1.0
7024_right,12,0.00202178955078125,1.0
7032_left,12,0.0027618408203125,1.0
7032_right,12,0.002410888671875,1.0
7035_left,12,0.0038299560546875,1.0
7035_right,12,0.00359344482421875,1.0
7092_left,12,0.000499725341796875,0.96484375
7092_right,12,0.002620697021484375,1.0
7107_left,12,0.005336761474609375,1.0
7107_right,12,0.003139495849609375,1.0
7137_left,12,0.00351715087890625,1.0
7137_right,12,0.002010345458984375,1.0
7139_left,12,0.00284576416015625,1.0
7139_right,12,0.004154205322265625,1.0
7142_left,12,0.001773834228515625,1.0
7142_right,12,0.0037689208984375,1.0
7144_left,12,0.003932952880859375,1.0
7144_right,12,0.0011749267578125,1.0
7151_left,12,0.003314971923828125,1.0
7151_right,12,0.001110076904296875,1.0
7162_left,12,0.001865386962890625,1.0
7162_right,12,0.002185821533203125,1.0
7167_left,12,0.002162933349609375,1.0
7167_right,12,0.0037078857421875,1.0
7169_left,12,0.002689361572265625,1.0
7169_right,12,0.001842498779296875,1.0
7173_left,12,0.002941131591796875,1.0
7173_right,12,0.003353118896484375,1.0
7182_left,12,0.00432586669921875,1.0
7182_right,12,0.004856109619140625,1.0
7198_left,12,0.004108428955078125,1.0
7198_right,12,0.0041961669921875,1.0
7200_left,12,0.002925872802734375,1.0
7200_right,12,0.00342559814453125,1.0
7201_left,12,0.001857757568359375,1.0
7201_right,12,0.0016326904296875,1.0
7205_left,12,0.00283050537109375,1.0
7205_right,12,0.0042724609375,1.0
7214_left,12,0.00139617919921875,1.0
7214_right,12,0.001399993896484375,0.96875
7238_left,12,0.001422882080078125,1.0
7238_right,12,0.00505828857421875,1.0
7263_left,12,0.001861572265625,1.0
7263_right,12,0.00310516357421875,1.0
7280_left,12,0.00235748291015625,1.0
7280_right,12,0.002185821533203125,1.0
7311_left,12,0.001811981201171875,1.0
7311_right,12,0.003841400146484375,1.0
7314_left,12,0.00408935546875,1.0
7314_right,12,0.0025787353515625,1.0
7326_left,12,0.00316619873046875,1.0
7326_right,12,0.0020904541015625,1.0
7335_left,12,0.0028228759765625,1.0
7335_right,12,0.00333404541015625,1.0
7363_left,12,0.003192901611328125,1.0
7363_right,12,0.00225067138671875,1.0
7397_left,12,0.002033233642578125,1.0
7397_right,12,0.00243377685546875,1.0
7403_left,12,0.003559112548828125,1.0
7403_right,12,0.00173187255859375,1.0
7410_left,12,0.00296783447265625,1.0
7410_right,12,0.00269317626953125,1.0
7415_left,12,0.0023345947265625,1.0
7415_right,12,0.003452301025390625,1.0
7461_left,12,0.00443267822265625,1.0
7461_right,12,0.004077911376953125,1.0
7505_left,12,0.003261566162109375,1.0
7505_right,12,0.002971649169921875,1.0
7515_left,12,0.00452423095703125,1.0
7515_right,12,0.004108428955078125,1.0
7555_left,12,0.002567291259765625,1.0
7555_right,12,0.002811431884765625,1.0
7558_left,12,0.002567291259765625,1.0
7558_right,12,0.003917694091796875,1.0
7563_left,12,0.002826690673828125,1.0
7563_right,12,0.0024566650390625,1.0
7568_left,12,0.003101348876953125,1.0
7568_right,12,0.001617431640625,1.0
7586_left,12,0.00209808349609375,1.0
7586_right,12,0.000461578369140625,1.0
7650_left,12,0.00521087646484375,1.0
7650_right,12,0.004352569580078125,1.0
7665_left,12,0.00299835205078125,1.0
7665_right,12,0.004413604736328125,1.0
7667_left,12,0.003753662109375,1.0
7667_right,12,0.0035400390625,1.0
7668_left,12,0.0028076171875,1.0
7668_right,12,0.002162933349609375,1.0
7676_left,12,0.003513336181640625,1.0
7676_right,12,0.001697540283203125,1.0
7677_left,12,0.00228118896484375,1.0
7677_right,7,0.000942230224609375,1.0
7701_left,12,0.002315521240234375,1.0
7701_right,12,0.0027008056640625,1.0
7736_left,12,0.00159454345703125,1.0
7736_right,12,0.00238800048828125,1.0
7757_left,12,0.004268646240234375,1.0
7757_right,12,0.003387451171875,1.0
7776_left,12,0.00439453125,1.0
7776_right,12,0.002307891845703125,1.0
7797_left,12,0.00264739990234375,1.0
7797_right,12,0.0035858154296875,1.0
7800_left,12,0.003467559814453125,1.0
7800_right,12,0.00301361083984375,1.0
7807_left,12,0.00330352783203125,1.0
7807_right,12,0.00348663330078125,1.0
7828_left,12,0.001750946044921875,1.0
7828_right,12,0.003894805908203125,1.0
7829_left,12,0.00213623046875,1.0
7829_right,12,0.00238037109375,1.0
7842_left,12,0.0038604736328125,1.0
7842_right,12,0.001926422119140625,1.0
7853_left,12,0.00376129150390625,1.0
7853_right,12,0.003002166748046875,1.0
7859_left,12,0.00502777099609375,1.0
7859_right,12,0.00571441650390625,1.0
7875_left,12,0.001422882080078125,1.0
7875_right,12,0.001514434814453125,1.0
7922_left,12,0.004817962646484375,1.0
7922_right,12,0.003265380859375,1.0
7929_left,12,0.001346588134765625,1.0
7929_right,12,0.00203704833984375,1.0
7947_left,12,0.00376129150390625,1.0
7947_right,12,0.002685546875,1.0
7982_left,12,0.0037689208984375,1.0
7982_right,12,0.004055023193359375,1.0
7985_left,12,0.00318145751953125,1.0
7985_right,12,0.003475189208984375,1.0
8007_left,12,0.004177093505859375,1.0
8007_right,12,0.000820159912109375,1.0
8014_left,12,0.00148773193359375,1.0
8014_right,12,0.002635955810546875,1.0
8028_left,12,0.003070831298828125,1.0
8028_right,12,0.00273895263671875,1.0
8043_left,12,0.002254486083984375,1.0
8043_right,12,0.00098419189453125,1.0
8067_left,12,0.0032958984375,1.0
8067_right,12,0.00218963623046875,1.0
8074_left,12,0.00440216064453125,1.0
8074_right,12,0.00429534912109375,1.0
8121_left,12,0.002685546875,1.0
8121_right,12,0.00179290771484375,1.0
8129_left,12,0.00194549560546875,1.0
8129_right,12,0.0027008056640625,1.0
8132_left,12,0.002559661865234375,1.0
8132_right,12,0.002162933349609375,1.0
8134_left,12,0.003093719482421875,1.0
8134_right,12,0.0029144287109375,1.0
8153_left,12,0.003559112548828125,1.0
8153_right,12,0.0054168701171875,1.0
8160_left,12,0.0025177001953125,1.0
8160_right,12,0.002971649169921875,1.0
8162_left,12,0.006320953369140625,1.0
8162_right,12,0.002620697021484375,1.0
8187_left,12,0.0024871826171875,1.0
8187_right,12,0.002429962158203125,1.0
8190_left,12,0.0025787353515625,1.0
8190_right,12,0.00145721435546875,1.0
8223_left,12,0.00247955322265625,1.0
8223_right,12,0.003215789794921875,1.0
8238_left,12,0.002666473388671875,1.0
8238_right,12,0.001949310302734375,1.0
8245_left,12,0.001068115234375,1.0
8245_right,12,0.002593994140625,1.0
8247_left,12,0.002742767333984375,1.0
8247_right,12,0.001789093017578125,1.0
8248_left,12,0.003223419189453125,1.0
8248_right,12,0.003719329833984375,1.0
8263_left,12,0.0032806396484375,1.0
8263_right,12,0.00167083740234375,1.0
8320_left,12,0.00215911865234375,1.0
8320_right,12,0.004241943359375,1.0
8386_left,12,0.003173828125,1.0
8386_right,12,0.002155303955078125,1.0
8395_left,12,0.003387451171875,1.0
8395_right,12,0.004703521728515625,1.0
8408_left,12,0.00330352783203125,1.0
8408_right,12,0.003734588623046875,1.0
8418_left,12,0.00140380859375,1.0
8418_right,12,0.00403594970703125,1.0
8453_left,12,0.005954742431640625,1.0
8453_right,12,0.00206756591796875,1.0
8456_left,12,0.00325775146484375,1.0
8456_right,12,0.003997802734375,1.0
8466_left,12,0.003749847412109375,1.0
8466_right,12,0.00254058837890625,1.0
8469_left,12,0.002445220947265625,1.0
8469_right,12,0.004608154296875,1.0
8487_left,12,0.002349853515625,1.0
8487_right,12,0.002994537353515625,1.0
8492_left,12,0.003940582275390625,1.0
8492_right,12,0.002124786376953125,1.0
8499_left,12,0.003063201904296875,1.0
8499_right,12,0.00183868408203125,1.0
8500_left,12,0.00370025634765625,1.0
8500_right,12,0.003261566162109375,1.0
8513_left,12,0.0015869140625,1.0
8513_right,12,0.00383758544921875,1.0
8522_left,12,0.003856658935546875,1.0
8522_right,12,0.00260162353515625,1.0
8554_left,12,0.002613067626953125,1.0
8554_right,12,0.004444122314453125,1.0
8578_left,12,0.002407073974609375,1.0
8578_right,12,0.004291534423828125,1.0
8585_left,12,0.001674652099609375,1.0
8585_right,12,0.00171661376953125,1.0
8638_left,12,0.00337982177734375,1.0
8638_right,12,0.004669189453125,1.0
8677_left,12,0.001434326171875,1.0
8677_right,12,0.003551483154296875,1.0
8681_left,12,0.004489898681640625,1.0
8681_right,12,0.0056304931640625,1.0
8744_left,12,0.002223968505859375,1.0
8744_right,12,0.00505828857421875,1.0
8754_left,12,0.001781463623046875,1.0
8754_right,12,0.0025787353515625,1.0
8782_left,12,0.00360107421875,1.0
8782_right,12,0.00386810302734375,1.0
8788_left,12,0.00336456298828125,1.0
8788_right,12,0.001796722412109375,1.0
8827_left,12,0.002628326416015625,1.0
8827_right,12,0.002315521240234375,1.0
8843_left,12,0.002574920654296875,1.0
8843_right,12,0.00092315673828125,1.0
8864_left,12,0.002109527587890625,1.0
8864_right,12,0.00225830078125,1.0
8885_left,12,0.00287628173828125,1.0
8885_right,12,0.003292083740234375,1.0
8895_left,12,0.001674652099609375,1.0
8895_right,12,0.001934051513671875,1.0
8907_left,12,0.004058837890625,1.0
8907_right,12,0.003147125244140625,1.0
8915_left,12,0.003814697265625,1.0
8915_right,12,0.002201080322265625,1.0
8935_left,12,0.004055023193359375,1.0
8935_right,12,0.0023345947265625,1.0
8936_left,12,0.00115966796875,1.0
8936_right,12,0.0013427734375,1.0
8951_left,12,0.002384185791015625,1.0
8951_right,12,0.000965118408203125,1.0
8968_left,12,0.00211334228515625,1.0
8968_right,12,0.002307891845703125,1.0
8981_left,12,0.004589080810546875,1.0
8981_right,12,0.00299835205078125,1.0
8988_left,12,0.001888275146484375,1.0
8988_right,12,0.002437591552734375,1.0
8999_left,12,0.002071380615234375,1.0
8999_right,12,0.003231048583984375,1.0
9001_left,12,0.00406646728515625,1.0
9001_right,12,0.00366973876953125,1.0
9068_left,12,0.001312255859375,1.0
9068_right,12,0.003093719482421875,1.0
9074_left,12,0.003299713134765625,1.0
9074_right,12,0.00238800048828125,1.0
9133_left,12,0.002956390380859375,1.0
9133_right,12,0.003448486328125,1.0
9144_left,12,0.003528594970703125,1.0
9144_right,12,0.00160980224609375,1.0
9159_left,12,0.00453948974609375,1.0
9159_right,12,0.000423431396484375,0.94140625
9163_left,12,0.0043487548828125,1.0
9163_right,12,0.003871917724609375,1.0
9167_left,12,0.002971649169921875,1.0
9167_right,12,0.00276947021484375,1.0
9177_left,12,0.002166748046875,1.0
9177_right,12,0.000713348388671875,1.0
9183_left,12,0.00200653076171875,1.0
9183_right,12,0.00284576416015625,1.0
9218_left,12,0.00180816650390625,1.0
9218_right,12,0.004482269287109375,1.0
9233_left,12,0.00262451171875,1.0
9233_right,12,0.002788543701171875,1.0
9244_left,12,0.003726959228515625,1.0
9244_right,12,0.002346038818359375,1.0
9339_left,12,0.00176239013671875,1.0
9339_right,12,0.003108978271484375,1.0
9348_left,12,0.00681304931640625,1.0
9348_right,12,0.002742767333984375,1.0
9376_left,12,0.003307342529296875,1.0
9376_right,12,0.002635955810546875,1.0
9448_left,12,0.00072479248046875,1.0
9448_right,12,0.0045166015625,1.0
9464_left,12,0.002750396728515625,1.0
9464_right,12,0.004352569580078125,1.0
9487_left,12,0.001285552978515625,1.0
9487_right,12,0.003078460693359375,1.0
9505_left,12,0.00201416015625,1.0
9505_right,12,0.00351715087890625,1.0
9521_left,12,0.00311279296875,1.0
9521_right,12,0.003879547119140625,1.0
9528_left,12,0.002483367919921875,1.0
9528_right,12,0.002410888671875,1.0
9540_left,12,0.00244140625,1.0
9540_right,12,0.001148223876953125,1.0
9586_left,10,0.00162506103515625,1.0
9586_right,12,0.003421783447265625,1.0
9590_left,12,0.00067901611328125,1.0
9590_right,12,0.00110626220703125,1.0
9592_left,12,0.00583648681640625,1.0
9592_right,12,0.00372314453125,1.0
9601_left,12,0.0043182373046875,1.0
9601_right,12,0.00354766845703125,1.0
9622_left,12,0.000640869140625,1.0
9622_right,12,0.002445220947265625,1.0
9633_left,12,0.00356292724609375,1.0
9633_right,12,0.003589630126953125,1.0
9640_left,12,0.004852294921875,1.0
9640_right,12,0.005252838134765625,1.0
9643_left,12,0.001850128173828125,1.0
9643_right,12,0.003368377685546875,1.0
9651_left,12,0.003131866455078125,1.0
9651_right,12,0.00637054443359375,1.0
9658_left,12,0.00495147705078125,1.0
9658_right,12,0.002132415771484375,1.0
9667_left,12,0.00408935546875,1.0
9667_right,12,0.0032958984375,1.0
9673_left,12,0.00637054443359375,1.0
9673_right,12,0.004993438720703125,1.0
9683_left,12,0.003582000732421875,1.0
9683_right,12,0.00495147705078125,1.0
9713_left,12,0.003299713134765625,1.0
9713_right,12,0.005218505859375,1.0
9794_left,12,0.001560211181640625,1.0
9794_right,12,0.0022125244140625,1.0
9813_left,12,0.004512786865234375,1.0
9813_right,12,0.00226593017578125,1.0
9826_left,12,0.006839752197265625,1.0
9826_right,12,0.00310516357421875,1.0
9828_left,12,0.0024871826171875,1.0
9828_right,12,0.003971099853515625,1.0
9848_left,12,0.001941680908203125,1.0
9848_right,12,0.001972198486328125,1.0
9868_left,12,0.0039215087890625,1.0
9868_right,12,0.00257110595703125,1.0
9893_left,12,0.000640869140625,1.0
9893_right,12,0.00067901611328125,0.93359375
9907_left,12,0.0031890869140625,1.0
9907_right,12,0.00322723388671875,1.0
9919_left,12,0.00141143798828125,1.0
9919_right,12,0.001476287841796875,1.0
9925_left,12,0.002773284912109375,1.0
9925_right,12,0.00264739990234375,1.0
9939_left,12,0.001995086669921875,1.0
9939_right,12,0.00262451171875,1.0
9945_left,12,0.0028076171875,1.0
9945_right,12,0.00426483154296875,1.0
9959_left,12,0.00441741943359375,1.0
9959_right,12,0.001483917236328125,1.0
9967_left,12,0.0037994384765625,1.0
9967_right,12,0.002777099609375,1.0
9977_left,12,0.00146484375,1.0
9977_right,12,0.002712249755859375,1.0
9998_left,12,0.0023345947265625,1.0
9998_right,12,0.00206756591796875,1.0
10014_left,12,0.004009246826171875,1.0
10014_right,12,0.002773284912109375,1.0
10017_left,12,0.006191253662109375,1.0
10017_right,12,0.0042266845703125,1.0
10029_left,12,0.003326416015625,1.0
10029_right,12,0.00225830078125,1.0
10046_left,12,0.003421783447265625,1.0
10046_right,12,0.0061187744140625,1.0
10050_left,12,0.002193450927734375,1.0
10050_right,12,0.001972198486328125,1.0
10065_left,12,0.003986358642578125,1.0
10065_right,12,0.003147125244140625,1.0
10085_left,12,0.00243377685546875,1.0
10085_right,12,0.00226593017578125,1.0
10095_left,12,0.003086090087890625,1.0
10095_right,12,0.001369476318359375,1.0
10104_left,12,0.0026397705078125,1.0
10104_right,12,0.002117156982421875,1.0
10116_left,12,0.004329681396484375,1.0
10116_right,12,0.00341033935546875,1.0
10126_left,12,0.002437591552734375,1.0
10126_right,12,0.00408935546875,1.0
10141_left,12,0.002132415771484375,1.0
10141_right,12,0.002002716064453125,1.0
10144_left,12,0.00449371337890625,1.0
10144_right,12,0.002033233642578125,1.0
10155_left,12,0.0020599365234375,1.0
10155_right,12,0.002704620361328125,1.0
10156_left,12,0.00260162353515625,1.0
10156_right,12,0.002658843994140625,1.0
10182_left,12,0.002285003662109375,1.0
10182_right,12,0.003498077392578125,1.0
10190_left,12,0.0018768310546875,1.0
10190_right,12,0.001964569091796875,1.0
10199_left,12,0.001476287841796875,1.0
10199_right,12,0.0022735595703125,1.0
10210_left,12,0.004138946533203125,1.0
10210_right,12,0.003032684326171875,1.0
10230_left,12,0.00276947021484375,1.0
10230_right,12,0.003009796142578125,1.0
10233_left,12,0.001949310302734375,1.0
10233_right,12,0.003704071044921875,1.0
10242_left,12,0.0029754638671875,1.0
10242_right,12,0.001617431640625,1.0
10276_left,12,0.003932952880859375,1.0
10276_right,12,0.0024871826171875,1.0
10295_left,12,0.00238037109375,1.0
10295_right,12,0.002712249755859375,1.0
10321_left,12,0.002063751220703125,1.0
10321_right,12,0.00290679931640625,1.0
10328_left,12,0.00180816650390625,1.0
10328_right,12,0.00270843505859375,1.0
10334_left,12,0.00260162353515625,1.0
10334_right,12,0.004024505615234375,1.0
10353_left,12,0.002685546875,1.0
10353_right,12,0.0028228759765625,1.0
10359_left,12,0.003131866455078125,1.0
10359_right,12,0.003604888916015625,1.0
10367_left,12,0.0032196044921875,1.0
10367_right,12,0.003070831298828125,1.0
10368_left,12,0.0045928955078125,1.0
10368_right,12,0.00225830078125,1.0
10386_left,12,0.00030517578125,0.9296875
10386_right,12,0.003276824951171875,1.0
10397_left,12,0.003116607666015625,1.0
10397_right,12,0.0037841796875,1.0
10419_left,12,0.006038665771484375,1.0
10419_right,12,0.00249481201171875,1.0
10444_left,12,0.001621246337890625,1.0
10444_right,12,0.001220703125,1.0
10452_left,12,0.002716064453125,1.0
10452_right,12,0.0043487548828125,1.0
10457_left,12,0.002079010009765625,1.0
10457_right,12,0.00421142578125,1.0
10510_left,12,0.003673553466796875,1.0
10510_right,12,0.003711700439453125,1.0
10550_left,12,0.002593994140625,1.0
10550_right,12,0.00347137451171875,1.0
10551_left,12,0.001506805419921875,1.0
10551_right,12,0.0029754638671875,1.0
10569_left,12,0.00312042236328125,1.0
10569_right,12,0.00191497802734375,1.0
10610_left,12,0.00348663330078125,1.0
10610_right,12,0.00170135498046875,1.0
10612_left,12,0.002288818359375,1.0
10612_right,12,0.00356292724609375,1.0
10614_left,12,0.0017242431640625,1.0
10614_right,12,0.004070281982421875,1.0
10624_left,12,0.004486083984375,1.0
10624_right,12,0.00481414794921875,1.0
10644_left,12,0.002857208251953125,1.0
10644_right,12,0.00275421142578125,1.0
10672_left,12,0.00274658203125,1.0
10672_right,12,0.002712249755859375,1.0
10684_left,12,0.004547119140625,1.0
10684_right,12,0.00337982177734375,1.0
10695_left,12,0.003406524658203125,1.0
10695_right,12,0.002185821533203125,1.0
10726_left,12,0.001918792724609375,1.0
10726_right,12,0.003261566162109375,1.0
10729_left,12,0.002651214599609375,1.0
10729_right,12,0.000347137451171875,0.74609375
10748_left,12,0.005611419677734375,1.0
10748_right,12,0.003292083740234375,1.0
10782_left,12,0.0005950927734375,1.0
10782_right,12,0.003696441650390625,1.0
10791_left,12,0.0020599365234375,1.0
10791_right,12,0.00266265869140625,1.0
10808_left,12,0.002315521240234375,1.0
10808_right,12,0.0045318603515625,1.0
10814_left,12,0.00206756591796875,1.0
10814_right,12,0.002841949462890625,1.0
10831_left,12,0.001949310302734375,1.0
10831_right,12,0.00374603271484375,1.0
10883_left,12,0.005718231201171875,1.0
10883_right,12,0.003204345703125,1.0
10886_left,12,0.0030059814453125,1.0
10886_right,12,0.002132415771484375,1.0
10903_left,12,0.003543853759765625,1.0
10903_right,12,0.0031585693359375,1.0
10916_left,12,0.00336456298828125,1.0
10916_right,12,0.00211334228515625,1.0
10920_left,12,0.00333404541015625,1.0
10920_right,12,0.002056121826171875,1.0
10925_left,12,0.00316619873046875,1.0
10925_right,12,0.001560211181640625,1.0
10931_left,12,0.000499725341796875,0.9375
10931_right,12,0.002635955810546875,1.0
10934_left,12,0.000919342041015625,1.0
10934_right,12,0.00208282470703125,1.0
10943_left,12,0.005153656005859375,1.0
10943_right,12,0.003509521484375,1.0
10977_left,12,0.003631591796875,1.0
10977_right,12,0.001956939697265625,1.0
10983_left,12,0.002330780029296875,1.0
10983_right,12,0.001911163330078125,1.0
11013_left,12,0.002681732177734375,1.0
11013_right,12,0.00235748291015625,1.0
11040_left,12,0.002559661865234375,1.0
11040_right,12,0.003368377685546875,1.0
11041_left,12,0.004299163818359375,1.0
11041_right,12,0.0016021728515625,1.0
11058_left,12,0.00360870361328125,1.0
11058_right,12,0.00255584716796875,1.0
11069_left,12,0.0013427734375,1.0
11069_right,12,0.00370025634765625,1.0
11080_left,12,0.00446319580078125,1.0
11080_right,12,0.00212860107421875,1.0
11101_left,12,0.00130462646484375,1.0
11101_right,12,0.001644134521484375,1.0
11114_left,12,0.00374603271484375,1.0
11114_right,12,0.00513458251953125,1.0
11119_left,12,0.001194000244140625,1.0
11119_right,12,0.00174713134765625,1.0
11122_left,12,0.00174713134765625,1.0
11122_right,12,0.00267791748046875,1.0
11127_left,12,0.00177001953125,1.0
11127_right,12,0.001861572265625,1.0
11132_left,12,0.003116607666015625,1.0
11132_right,12,0.003543853759765625,1.0
11138_left,12,0.004119873046875,1.0
11138_right,12,0.002185821533203125,1.0
11158_left,12,0.0014190673828125,1.0
11158_right,12,0.002643585205078125,1.0
11204_left,12,0.001312255859375,1.0
11204_right,12,0.00496673583984375,1.0
11219_left,12,0.00151824951171875,1.0
11219_right,12,0.00235748291015625,1.0
11270_left,12,0.003231048583984375,1.0
11270_right,12,0.002796173095703125,1.0
11294_left,12,0.001522064208984375,1.0
11294_right,12,0.002521514892578125,1.0
11298_left,12,0.00267791748046875,1.0
11298_right,12,0.001880645751953125,1.0
11407_left,12,0.00446319580078125,1.0
11407_right,12,0.003055572509765625,1.0
11408_left,12,0.0027008056640625,1.0
11408_right,12,0.003566741943359375,1.0
11425_left,12,0.00138092041015625,1.0
11425_right,12,0.00164031982421875,1.0
11435_left,12,0.003963470458984375,1.0
11435_right,12,0.0050811767578125,1.0
11437_left,12,0.00131988525390625,1.0
11437_right,12,0.001026153564453125,1.0
11443_left,12,0.0043487548828125,1.0
11443_right,12,0.00335693359375,1.0
11485_left,12,0.0025177001953125,1.0
11485_right,12,0.003978729248046875,1.0
11487_left,12,0.003391265869140625,1.0
11487_right,12,0.005710601806640625,1.0
11503_left,12,0.00164794921875,1.0
11503_right,12,0.00371551513671875,1.0
11505_left,12,0.005146026611328125,1.0
11505_right,12,0.00347137451171875,1.0
11516_left,12,0.004207611083984375,1.0
11516_right,12,0.00373077392578125,1.0
11526_left,12,0.002811431884765625,1.0
11526_right,12,0.00238800048828125,1.0
11541_left,12,0.00247955322265625,1.0
11541_right,12,0.001964569091796875,1.0
11601_left,12,0.00281524658203125,1.0
11601_right,12,0.002605438232421875,1.0
11605_left,12,0.00312042236328125,1.0
11605_right,12,0.001068115234375,1.0
11607_left,12,0.003696441650390625,1.0
11607_right,12,0.003009796142578125,1.0
11610_left,12,0.0027618408203125,1.0
11610_right,12,0.0059967041015625,1.0
11624_left,12,0.00185394287109375,1.0
11624_right,12,0.002231597900390625,1.0
11630_left,12,0.004436492919921875,1.0
11630_right,12,0.003513336181640625,1.0
11679_left,12,0.00115966796875,1.0
11679_right,12,0.00030517578125,0.84765625
11707_left,12,0.00286865234375,1.0
11707_right,12,0.0022125244140625,1.0
11727_left,12,0.005680084228515625,1.0
11727_right,12,0.00279998779296875,1.0
11741_left,12,0.00333404541015625,1.0
11741_right,12,0.002544403076171875,1.0
11808_left,12,0.00527191162109375,1.0
11808_right,12,0.00263214111328125,1.0
11815_left,12,0.002292633056640625,1.0
11815_right,12,0.002468109130859375,1.0
11823_left,12,0.003383636474609375,1.0
11823_right,12,0.0036468505859375,1.0
11829_left,12,0.002552032470703125,1.0
11829_right,12,0.002197265625,1.0
11845_left,12,0.00209808349609375,1.0
11845_right,12,0.00244140625,1.0
11870_left,12,0.002796173095703125,1.0
11870_right,12,0.00292205810546875,1.0
11874_left,12,0.001605987548828125,1.0
11874_right,12,0.003101348876953125,1.0
11913_left,12,0.005741119384765625,1.0
11913_right,12,0.00289154052734375,1.0
11946_left,12,0.0023193359375,1.0
11946_right,12,0.002338409423828125,1.0
11953_left,12,0.002773284912109375,1.0
11953_right,12,0.004596710205078125,1.0
11962_left,12,0.00159454345703125,1.0
11962_right,12,0.00353240966796875,1.0
11975_left,12,0.0051116943359375,1.0
11975_right,12,0.00415802001953125,1.0
11989_left,12,0.000835418701171875,1.0
11989_right,12,0.0032806396484375,1.0
11996_left,12,0.001861572265625,1.0
11996_right,12,0.0014495849609375,1.0
12014_left,12,0.00118255615234375,1.0
12014_right,12,0.003448486328125,1.0
12063_left,12,0.00237274169921875,1.0
12063_right,12,0.003875732421875,1.0
12067_left,12,0.00301361083984375,1.0
12067_right,12,0.00201416015625,1.0
12070_left,12,0.00290679931640625,1.0
12070_right,12,0.00199127197265625,1.0
12072_left,12,0.00328826904296875,1.0
12072_right,12,0.002346038818359375,1.0
12079_left,12,0.002193450927734375,1.0
12079_right,12,0.00386810302734375,1.0
12111_left,12,0.00160980224609375,1.0
12111_right,12,0.003459930419921875,1.0
12119_left,12,0.00243377685546875,1.0
12119_right,12,0.00341796875,1.0
12126_left,12,0.0012664794921875,1.0
12126_right,12,0.001377105712890625,1.0
12127_left,12,0.0036468505859375,1.0
12127_right,12,0.00237274169921875,1.0
12128_left,12,0.002086639404296875,1.0
12128_right,12,0.002902984619140625,1.0
12194_left,12,0.003021240234375,1.0
12194_right,12,0.001941680908203125,1.0
12211_left,12,0.004608154296875,1.0
12211_right,12,0.0033721923828125,1.0
12214_left,12,0.004871368408203125,1.0
12214_right,12,0.0025634765625,1.0
12216_left,12,0.002490997314453125,1.0
12216_right,12,0.003604888916015625,1.0
12246_left,12,0.0021514892578125,1.0
12246_right,12,0.003936767578125,1.0
12247_left,12,0.0028228759765625,1.0
12247_right,12,0.00206756591796875,1.0
12258_left,12,0.002620697021484375,1.0
12258_right,12,0.00144195556640625,1.0
12268_left,12,0.002239227294921875,1.0
12268_right,12,0.00251007080078125,1.0
12287_left,12,0.004032135009765625,1.0
12287_right,12,0.003047943115234375,1.0
12294_left,12,0.0025787353515625,1.0
12294_right,12,0.003082275390625,1.0
12295_left,12,0.00244140625,1.0
12295_right,12,0.0038604736328125,1.0
12303_left,12,0.0032806396484375,1.0
12303_right,12,0.004215240478515625,1.0
12327_left,12,0.004974365234375,1.0
12327_right,12,0.00287628173828125,1.0
12404_left,12,0.004428863525390625,1.0
12404_right,12,0.0030364990234375,1.0
12413_left,12,0.001293182373046875,1.0
12413_right,12,0.002506256103515625,1.0
12444_left,12,0.0008697509765625,1.0
12444_right,12,0.002765655517578125,1.0
12451_left,12,0.004497528076171875,1.0
12451_right,12,0.00408935546875,1.0
12461_left,12,0.004322052001953125,1.0
12461_right,12,0.00365447998046875,1.0
12472_left,12,0.002857208251953125,1.0
12472_right,12,0.002124786376953125,1.0
12474_left,12,0.001705169677734375,1.0
12474_right,12,0.00315093994140625,1.0
12476_left,12,0.001922607421875,1.0
12476_right,12,0.003879547119140625,1.0
12492_left,12,0.003902435302734375,1.0
12492_right,12,0.005298614501953125,1.0
12511_left,12,0.002758026123046875,1.0
12511_right,12,0.001018524169921875,1.0
12515_left,12,0.003269195556640625,1.0
12515_right,12,0.002925872802734375,1.0
12523_left,12,0.00133514404296875,1.0
12523_right,12,0.003971099853515625,1.0
12525_left,12,0.004177093505859375,1.0
12525_right,12,0.0019683837890625,1.0
12560_left,12,0.002925872802734375,1.0
12560_right,12,0.0015106201171875,1.0
12590_left,12,0.002773284912109375,1.0
12590_right,12,0.004093170166015625,1.0
12604_left,12,0.001209259033203125,1.0
12604_right,12,0.0012359619140625,1.0
12616_left,12,0.004253387451171875,1.0
12616_right,12,0.003925323486328125,1.0
12618_left,12,0.002079010009765625,1.0
12618_right,12,0.00151824951171875,1.0
12639_left,12,0.00498199462890625,1.0
12639_right,12,0.00243377685546875,1.0
12645_left,12,0.00360107421875,1.0
12645_right,12,0.002838134765625,1.0
12707_left,12,0.002109527587890625,1.0
12707_right,12,0.00324249267578125,1.0
12709_left,12,0.001773834228515625,1.0
12709_right,12,0.002285003662109375,1.0
12712_left,12,0.003570556640625,1.0
12712_right,12,0.004886627197265625,1.0
12724_left,12,0.003948211669921875,1.0
12724_right,12,0.0020294189453125,1.0
12729_left,12,0.004871368408203125,1.0
12729_right,12,0.001590728759765625,1.0
12751_left,12,0.00302886962890625,1.0
12751_right,12,0.0025177001953125,1.0
12838_left,12,0.001651763916015625,1.0
12838_right,12,0.00365447998046875,1.0
12851_left,12,0.003337860107421875,1.0
12851_right,12,0.005397796630859375,1.0
12872_left,12,0.00247955322265625,1.0
12872_right,12,0.00516510009765625,1.0
12895_left,12,0.004337310791015625,1.0
12895_right,12,0.00223541259765625,1.0
12910_left,12,0.00382232666015625,1.0
12910_right,12,0.00371551513671875,1.0
12922_left,12,0.002208709716796875,1.0
12922_right,12,0.00225067138671875,1.0
12923_left,12,0.0016632080078125,1.0
12923_right,12,0.00366973876953125,1.0
12924_left,12,0.002513885498046875,1.0
12924_right,12,0.00415802001953125,1.0
12931_left,12,0.003765106201171875,1.0
12931_right,12,0.0029754638671875,1.0
12937_left,12,0.001232147216796875,1.0
12937_right,12,0.001888275146484375,1.0
12954_left,12,0.002140045166015625,1.0
12954_right,12,0.00328826904296875,1.0
12968_left,12,0.003337860107421875,1.0
12968_right,12,0.0019989013671875,1.0
13012_left,12,0.00237274169921875,1.0
13012_right,12,0.00580596923828125,1.0
13025_left,12,0.002674102783203125,1.0
13025_right,12,0.004985809326171875,1.0
13038_left,12,0.0049591064453125,1.0
13038_right,12,0.001922607421875,1.0
13066_left,12,0.0030364990234375,1.0
13066_right,12,0.0027313232421875,1.0
13085_left,12,0.0043792724609375,1.0
13085_right,12,0.00373077392578125,1.0
13122_left,12,0.003326416015625,1.0
13122_right,12,0.0030517578125,1.0
13125_left,12,0.004062652587890625,1.0
13125_right,12,0.002498626708984375,1.0
13128_left,12,0.0018310546875,1.0
13128_right,12,0.003879547119140625,1.0
13176_left,12,0.001041412353515625,1.0
13176_right,12,0.002353668212890625,1.0
13188_left,12,0.00128173828125,1.0
13188_right,12,0.001819610595703125,1.0
13211_left,12,0.00223541259765625,1.0
13211_right,12,0.002140045166015625,1.0
13212_left,12,0.003391265869140625,1.0
13212_right,12,0.003276824951171875,1.0
13214_left,12,0.005321502685546875,1.0
13214_right,12,0.00345611572265625,1.0
13260_left,12,0.002765655517578125,1.0
13260_right,12,0.0032196044921875,1.0
13290_left,12,0.002780914306640625,1.0
13290_right,12,0.001972198486328125,1.0
13296_left,12,0.003284454345703125,1.0
13296_right,12,0.001800537109375,1.0
13309_left,12,0.003070831298828125,1.0
13309_right,12,0.003589630126953125,1.0
13310_left,12,0.004669189453125,1.0
13310_right,12,0.00228118896484375,1.0
13344_left,12,0.00101470947265625,1.0
13344_right,12,0.00152587890625,1.0
13408_left,12,0.00307464599609375,1.0
13408_right,12,0.00347137451171875,1.0
13427_left,12,0.004444122314453125,1.0
13427_right,12,0.00481414794921875,1.0
13438_left,12,0.003459930419921875,1.0
13438_right,12,0.004764556884765625,1.0
13453_left,12,0.003391265869140625,1.0
13453_right,12,0.001247406005859375,1.0
13454_left,12,0.003345489501953125,1.0
13454_right,12,0.0027618408203125,1.0
13482_left,12,0.002445220947265625,1.0
13482_right,12,0.0041351318359375,1.0
13545_left,12,0.00418853759765625,1.0
13545_right,12,0.00162506103515625,1.0
13554_left,12,0.00185394287109375,1.0
13554_right,12,0.004222869873046875,1.0
13561_left,12,0.00252532958984375,1.0
13561_right,12,0.002269744873046875,1.0
13566_left,12,0.002044677734375,1.0
13566_right,12,0.0031890869140625,1.0
13585_left,12,0.004573822021484375,1.0
13585_right,12,0.003810882568359375,1.0
13597_left,12,0.005672454833984375,1.0
13597_right,12,0.002346038818359375,1.0
13602_left,12,0.003231048583984375,1.0
13602_right,12,0.00164031982421875,1.0
13643_left,12,0.0028533935546875,1.0
13643_right,12,0.0024261474609375,1.0
13645_left,12,0.0014801025390625,1.0
13645_right,12,0.005588531494140625,1.0
13658_left,12,0.0045623779296875,1.0
13658_right,12,0.0030670166015625,1.0
13659_left,12,0.003078460693359375,1.0
13659_right,12,0.004894256591796875,1.0
13664_left,12,0.0031280517578125,1.0
13664_right,12,0.003528594970703125,1.0
13667_left,12,0.001171112060546875,1.0
13667_right,12,0.002349853515625,1.0
13697_left,12,0.003673553466796875,1.0
13697_right,12,0.00450897216796875,1.0
13705_left,12,0.002040863037109375,1.0
13705_right,12,0.00287628173828125,1.0
13708_left,12,0.0026092529296875,1.0
13708_right,12,0.002170562744140625,1.0
13714_left,12,0.002582550048828125,1.0
13714_right,12,0.002593994140625,1.0
13757_left,12,0.00083160400390625,0.9453125
13757_right,12,0.003147125244140625,1.0
13776_left,12,0.00414276123046875,1.0
13776_right,12,0.0031890869140625,1.0
13821_left,12,0.00417327880859375,1.0
13821_right,12,0.001163482666015625,1.0
13865_left,12,0.00327301025390625,1.0
13865_right,12,0.003604888916015625,1.0
13892_left,12,0.003055572509765625,1.0
13892_right,12,0.003932952880859375,1.0
13898_left,12,0.001773834228515625,1.0
13898_right,12,0.002933502197265625,1.0
13909_left,12,0.0029144287109375,1.0
13909_right,12,0.002094268798828125,1.0
13912_left,12,0.00290679931640625,1.0
13912_right,12,0.00267791748046875,1.0
13933_left,12,0.003040313720703125,1.0
13933_right,12,0.003597259521484375,1.0
13945_left,12,0.003032684326171875,1.0
13945_right,12,0.001270294189453125,1.0
13967_left,12,0.001007080078125,1.0
13967_right,12,0.003604888916015625,1.0
13976_left,12,0.0031280517578125,1.0
13976_right,12,0.00354766845703125,1.0
13984_left,12,0.002960205078125,1.0
13984_right,12,0.00513458251953125,1.0
13991_left,12,0.00283050537109375,1.0
13991_right,12,0.0026397705078125,1.0
14028_left,12,0.00327301025390625,1.0
14028_right,12,0.002994537353515625,1.0
14045_left,12,0.003871917724609375,1.0
14045_right,12,0.002811431884765625,1.0
14046_left,12,0.003124237060546875,1.0
14046_right,12,0.0042724609375,1.0
14056_left,12,0.0024871826171875,1.0
14056_right,12,0.002971649169921875,1.0
14078_left,12,0.002838134765625,1.0
14078_right,12,0.003368377685546875,1.0
14081_left,12,0.004253387451171875,1.0
14081_right,12,0.002536773681640625,1.0
14098_left,12,0.002605438232421875,1.0
14098_right,12,0.00385284423828125,1.0
14115_left,12,0.004512786865234375,1.0
14115_right,12,0.001880645751953125,1.0
14153_left,12,0.004268646240234375,1.0
14153_right,12,0.002506256103515625,1.0
14158_left,12,0.0048828125,1.0
14158_right,12,0.002506256103515625,1.0
14181_left,12,0.004718780517578125,1.0
14181_right,12,0.002437591552734375,1.0
14198_left,12,0.004314422607421875,1.0
14198_right,12,0.0023040771484375,1.0
14237_left,12,0.00147247314453125,1.0
14237_right,12,0.00251007080078125,1.0
14270_left,12,0.002948760986328125,1.0
14270_right,12,0.00406646728515625,1.0
14283_left,12,0.00366973876953125,1.0
14283_right,12,0.005443572998046875,1.0
14292_left,12,0.00217437744140625,1.0
14292_right,12,0.00179290771484375,1.0
14293_left,12,0.00323486328125,1.0
14293_right,12,0.000965118408203125,1.0
14297_left,12,0.00290679931640625,1.0
14297_right,12,0.00164031982421875,1.0
14305_left,12,0.002468109130859375,1.0
14305_right,12,0.003856658935546875,1.0
14325_left,12,0.002593994140625,1.0
14325_right,12,0.001667022705078125,1.0
14340_left,12,0.003631591796875,1.0
14340_right,12,0.0031280517578125,1.0
14387_left,12,0.002765655517578125,1.0
14387_right,12,0.002063751220703125,1.0
14403_left,12,0.001232147216796875,1.0
14403_right,12,0.00199127197265625,1.0
14410_left,12,0.003108978271484375,1.0
14410_right,12,0.00316619873046875,1.0
14436_left,12,0.00351715087890625,1.0
14436_right,12,0.002040863037109375,1.0
14450_left,12,0.003223419189453125,1.0
14450_right,12,0.00235748291015625,1.0
14457_left,12,0.00312042236328125,1.0
14457_right,12,0.00323486328125,1.0
14460_left,12,0.001911163330078125,1.0
14460_right,12,0.002658843994140625,1.0
14522_left,12,0.001239776611328125,1.0
14522_right,12,0.001827239990234375,1.0
14537_left,12,0.001312255859375,1.0
14537_right,12,0.003948211669921875,1.0
14608_left,12,0.001300811767578125,1.0
14608_right,12,0.001712799072265625,1.0
14614_left,12,0.002918243408203125,1.0
14614_right,12,0.00203704833984375,1.0
14621_left,12,0.00359344482421875,1.0
14621_right,12,0.003269195556640625,1.0
14627_left,12,0.005329132080078125,1.0
14627_right,12,0.002490997314453125,1.0
14628_left,12,0.001880645751953125,1.0
14628_right,12,0.001216888427734375,0.96484375
14656_left,12,0.002086639404296875,1.0
14656_right,12,0.001499176025390625,1.0
14681_left,12,0.004016876220703125,1.0
14681_right,12,0.004993438720703125,1.0
14701_left,12,0.000988006591796875,1.0
14701_right,12,0.003387451171875,1.0
14716_left,12,0.0019073486328125,1.0
14716_right,12,0.00193023681640625,1.0
14718_left,12,0.00201416015625,1.0
14718_right,12,0.0016021728515625,1.0
14767_left,12,0.0021514892578125,1.0
14767_right,12,0.001705169677734375,1.0
14788_left,12,0.00159454345703125,1.0
14788_right,12,0.00237274169921875,1.0
14793_left,12,0.003597259521484375,1.0
14793_right,12,0.002330780029296875,1.0
14805_left,12,0.002277374267578125,1.0
14805_right,12,0.001567840576171875,1.0
14824_left,12,0.004364013671875,1.0
14824_right,12,0.0023651123046875,1.0
14887_left,12,0.0032958984375,1.0
14887_right,12,0.00316619873046875,1.0
14899_left,12,0.00455474853515625,1.0
14899_right,12,0.00264739990234375,1.0
14902_left,12,0.00415802001953125,1.0
14902_right,12,0.00315093994140625,1.0
14923_left,12,0.002902984619140625,1.0
14923_right,12,0.004734039306640625,1.0
14935_left,12,0.005603790283203125,1.0
14935_right,12,0.003749847412109375,1.0
14939_left,12,0.002651214599609375,1.0
14939_right,12,0.003040313720703125,1.0
14955_left,12,0.002605438232421875,1.0
14955_right,12,0.002849578857421875,1.0
14967_left,12,0.002803802490234375,1.0
14967_right,12,0.001644134521484375,1.0
14995_left,12,0.00319671630859375,1.0
14995_right,12,0.00345611572265625,1.0
15027_left,12,0.004634857177734375,1.0
15027_right,12,0.002193450927734375,1.0
15034_left,12,0.00238037109375,1.0
15034_right,12,0.002368927001953125,1.0
15038_left,12,0.00246429443359375,1.0
15038_right,12,0.00133514404296875,1.0
15056_left,12,0.00368499755859375,1.0
15056_right,12,0.0012664794921875,1.0
15095_left,12,0.00194549560546875,1.0
15095_right,12,0.0033721923828125,1.0
15136_left,12,0.003692626953125,1.0
15136_right,12,0.0033416748046875,1.0
15154_left,12,0.0041961669921875,1.0
15154_right,12,0.003322601318359375,1.0
15190_left,12,0.002166748046875,1.0
15190_right,12,0.003261566162109375,1.0
15205_left,12,0.004703521728515625,1.0
15205_right,12,0.003818511962890625,1.0
15211_left,12,0.001888275146484375,1.0
15211_right,12,0.0034332275390625,1.0
15225_left,12,0.000659942626953125,0.9375
15225_right,12,0.002655029296875,1.0
15235_left,12,0.002140045166015625,1.0
15235_right,12,0.00208282470703125,1.0
15242_left,12,0.00262451171875,1.0
15242_right,12,0.00286865234375,1.0
15270_left,12,0.00372314453125,1.0
15270_right,12,0.00247955322265625,1.0
15276_left,12,0.00428009033203125,1.0
15276_right,12,0.00255584716796875,1.0
15282_left,12,0.002208709716796875,1.0
15282_right,12,0.003742218017578125,1.0
15293_left,12,0.00290679931640625,1.0
15293_right,12,0.00267791748046875,1.0
15347_left,12,0.0045013427734375,1.0
15347_right,12,0.0018768310546875,1.0
15353_left,12,0.0040435791015625,1.0
15353_right,12,0.003574371337890625,1.0
15419_left,12,0.002323150634765625,1.0
15419_right,12,0.00214385986328125,1.0
15424_left,12,0.002429962158203125,1.0
15424_right,12,0.001674652099609375,1.0
15471_left,12,0.00171661376953125,1.0
15471_right,12,0.002429962158203125,1.0
15490_left,12,0.00485992431640625,1.0
15490_right,12,0.00247955322265625,1.0
15515_left,12,0.0015716552734375,1.0
15515_right,12,0.002536773681640625,1.0
15520_left,12,0.002712249755859375,1.0
15520_right,12,0.002025604248046875,1.0
15547_left,12,0.000804901123046875,1.0
15547_right,12,0.000659942626953125,1.0
15582_left,12,0.0032501220703125,1.0
15582_right,12,0.0027923583984375,1.0
15593_left,12,0.002536773681640625,1.0
15593_right,12,0.003086090087890625,1.0
15630_left,12,0.00357818603515625,1.0
15630_right,12,0.001956939697265625,1.0
15638_left,12,0.003108978271484375,1.0
15638_right,12,0.002349853515625,1.0
15643_left,12,0.001430511474609375,1.0
15643_right,12,0.00262451171875,1.0
15644_left,12,0.002300262451171875,1.0
15644_right,12,0.004291534423828125,1.0
15646_left,12,0.00281524658203125,1.0
15646_right,12,0.002460479736328125,1.0
15653_left,12,0.003063201904296875,1.0
15653_right,12,0.00249481201171875,1.0
15658_left,12,0.003253936767578125,1.0
15658_right,12,0.00411224365234375,1.0
15661_left,12,0.00196075439453125,1.0
15661_right,12,0.002010345458984375,1.0
15666_left,12,0.004581451416015625,1.0
15666_right,12,0.00371551513671875,1.0
15667_left,12,0.00563812255859375,1.0
15667_right,12,0.0037689208984375,1.0
15692_left,12,0.0049896240234375,1.0
15692_right,12,0.0029754638671875,1.0
15747_left,12,0.00276947021484375,1.0
15747_right,12,0.004383087158203125,1.0
15756_left,12,0.002002716064453125,1.0
15756_right,12,0.0030975341796875,1.0
15781_left,12,0.00423431396484375,1.0
15781_right,12,0.002140045166015625,1.0
15794_left,12,0.00295257568359375,1.0
15794_right,12,0.003261566162109375,1.0
15795_left,12,0.00368499755859375,1.0
15795_right,12,0.00246429443359375,1.0
15801_left,12,0.00191497802734375,1.0
15801_right,12,0.0030670166015625,1.0
15817_left,12,0.00310516357421875,1.0
15817_right,12,0.0023193359375,1.0
15835_left,12,0.00188446044921875,1.0
15835_right,12,0.00276947021484375,1.0
15873_left,12,0.00205230712890625,1.0
15873_right,12,0.004856109619140625,1.0
15885_left,12,0.00164794921875,1.0
15885_right,12,0.002529144287109375,1.0
15928_left,12,0.001171112060546875,1.0
15928_right,12,0.000286102294921875,1.0
15937_left,12,0.003597259521484375,1.0
15937_right,12,0.003387451171875,1.0
15944_left,12,0.001705169677734375,1.0
15944_right,12,0.003265380859375,1.0
15973_left,12,0.0041351318359375,1.0
15973_right,12,0.002643585205078125,1.0
15979_left,12,0.00530242919921875,1.0
15979_right,12,0.001705169677734375,1.0
15989_left,12,0.001766204833984375,1.0
15989_right,12,0.003009796142578125,1.0
16027_left,12,0.0012664794921875,1.0
16027_right,12,0.00115966796875,1.0
16028_left,12,0.002841949462890625,1.0
16028_right,12,0.002262115478515625,1.0
16035_left,12,0.004215240478515625,1.0
16035_right,12,0.003711700439453125,1.0
16038_left,12,0.00392913818359375,1.0
16038_right,12,0.001750946044921875,1.0
16043_left,12,0.0055084228515625,1.0
16043_right,12,0.004146575927734375,1.0
16061_left,12,0.00402069091796875,1.0
16061_right,12,0.0029754638671875,1.0
16129_left,12,0.00344085693359375,1.0
16129_right,12,0.0021820068359375,1.0
16132_left,12,0.001987457275390625,1.0
16132_right,12,0.00276947021484375,1.0
16134_left,12,0.002685546875,1.0
16134_right,12,0.003696441650390625,1.0
16138_left,12,0.003955841064453125,1.0
16138_right,12,0.003192901611328125,1.0
16179_left,12,0.0022430419921875,1.0
16179_right,12,0.00263214111328125,1.0
16219_left,12,0.003875732421875,1.0
16219_right,12,0.003253936767578125,1.0
16233_left,12,0.00286865234375,1.0
16233_right,12,0.004009246826171875,1.0
16279_left,12,0.0013427734375,1.0
16279_right,12,0.0018310546875,1.0
16288_left,12,0.003116607666015625,1.0
16288_right,12,0.002582550048828125,1.0
16290_left,12,0.004192352294921875,1.0
16290_right,12,0.002368927001953125,1.0
16294_left,12,0.0032806396484375,1.0
16294_right,12,0.00337982177734375,1.0
16307_left,12,0.00390625,1.0
16307_right,12,0.003025054931640625,1.0
16341_left,12,0.00392913818359375,1.0
16341_right,12,0.00179290771484375,1.0
16350_left,12,0.00077056884765625,1.0
16350_right,12,0.001499176025390625,1.0
16360_left,12,0.0030670166015625,1.0
16360_right,12,0.002529144287109375,1.0
16379_left,12,0.00258636474609375,1.0
16379_right,12,0.001056671142578125,1.0
16401_left,12,0.00281524658203125,1.0
16401_right,12,0.004306793212890625,1.0
16418_left,12,0.001922607421875,1.0
16418_right,12,0.000690460205078125,1.0
16460_left,12,0.00136566162109375,1.0
16460_right,12,0.001911163330078125,1.0
16474_left,12,0.002471923828125,1.0
16474_right,12,0.002353668212890625,1.0
16486_left,12,0.002834320068359375,1.0
16486_right,12,0.005077362060546875,1.0
16524_left,12,0.002788543701171875,1.0
16524_right,12,0.002689361572265625,1.0
16525_left,12,0.002105712890625,1.0
16525_right,12,0.00323486328125,1.0
16528_left,12,0.003223419189453125,1.0
16528_right,12,0.0047760009765625,1.0
16530_left,12,0.005100250244140625,1.0
16530_right,12,0.002651214599609375,1.0
16532_left,12,0.003398895263671875,1.0
16532_right,12,0.002475738525390625,1.0
16547_left,12,0.0022125244140625,1.0
16547_right,12,0.005558013916015625,1.0
16569_left,12,0.0039520263671875,1.0
16569_right,12,0.00191497802734375,1.0
16593_left,12,0.0023651123046875,1.0
16593_right,12,0.003116607666015625,1.0
16595_left,12,0.00565338134765625,1.0
16595_right,12,0.002758026123046875,1.0
16602_left,12,0.000965118408203125,1.0
16602_right,12,0.00255584716796875,1.0
16622_left,12,0.0020751953125,1.0
16622_right,12,0.00251007080078125,1.0
16631_left,12,0.001850128173828125,1.0
16631_right,12,0.002471923828125,1.0
16639_left,12,0.00234222412109375,1.0
16639_right,12,0.0030517578125,1.0
16651_left,12,0.004291534423828125,1.0
16651_right,12,0.002902984619140625,1.0
16672_left,12,0.00418853759765625,1.0
16672_right,12,0.003204345703125,1.0
16679_left,12,0.00296783447265625,1.0
16679_right,12,0.006122589111328125,1.0
16683_left,12,0.004261016845703125,1.0
16683_right,12,0.001941680908203125,1.0
16707_left,12,0.002490997314453125,1.0
16707_right,12,0.004055023193359375,1.0
16718_left,12,0.00171661376953125,1.0
16718_right,12,0.0038299560546875,1.0
16748_left,12,0.001125335693359375,1.0
16748_right,12,0.0033416748046875,1.0
16754_left,12,0.00287628173828125,1.0
16754_right,12,0.0028228759765625,1.0
16764_left,12,0.003353118896484375,1.0
16764_right,12,0.00156402587890625,1.0
16802_left,12,0.004459381103515625,1.0
16802_right,12,0.0020751953125,1.0
16864_left,12,0.00327301025390625,1.0
16864_right,12,0.001285552978515625,1.0
16886_left,12,0.002872467041015625,1.0
16886_right,12,0.005344390869140625,1.0
16894_left,12,0.003719329833984375,1.0
16894_right,12,0.00193023681640625,1.0
16897_left,12,0.00376129150390625,1.0
16897_right,12,0.002532958984375,1.0
16918_left,12,0.00234222412109375,1.0
16918_right,12,0.00322723388671875,1.0
16941_left,12,0.004367828369140625,1.0
16941_right,12,0.002353668212890625,1.0
16993_left,12,0.001216888427734375,1.0
16993_right,12,0.0020751953125,1.0
17009_left,12,0.002796173095703125,1.0
17009_right,12,0.002460479736328125,1.0
17011_left,12,0.005817413330078125,1.0
17011_right,12,0.00156402587890625,1.0
17018_left,12,0.0020904541015625,1.0
17018_right,12,0.0036163330078125,1.0
17092_left,12,0.002651214599609375,1.0
17092_right,12,0.00263214111328125,1.0
17114_left,12,0.000553131103515625,1.0
17114_right,12,0.001438140869140625,1.0
17134_left,12,0.00408935546875,1.0
17134_right,12,0.00295257568359375,1.0
17163_left,12,0.00435638427734375,1.0
17163_right,12,0.00370025634765625,1.0
17182_left,12,0.004016876220703125,1.0
17182_right,12,0.002349853515625,1.0
17183_left,12,0.00063323974609375,1.0
17183_right,12,0.003658294677734375,1.0
17198_left,12,0.00152587890625,1.0
17198_right,12,0.003009796142578125,1.0
17209_left,12,0.001956939697265625,1.0
17209_right,12,0.0045013427734375,1.0
17218_left,12,0.002590179443359375,1.0
17218_right,12,0.003063201904296875,1.0
17232_left,12,0.003635406494140625,1.0
17232_right,12,0.00368499755859375,1.0
17252_left,12,0.00640869140625,1.0
17252_right,12,0.00244903564453125,1.0
17266_left,12,0.00201416015625,1.0
17266_right,12,0.002346038818359375,1.0
17287_left,12,0.00452423095703125,1.0
17287_right,12,0.002643585205078125,1.0
17290_left,12,0.00254058837890625,1.0
17290_right,12,0.003124237060546875,1.0
17298_left,12,0.003330230712890625,1.0
17298_right,12,0.00193023681640625,1.0
17312_left,12,0.003326416015625,1.0
17312_right,12,0.001453399658203125,1.0
17322_left,12,0.003757476806640625,1.0
17322_right,12,0.001712799072265625,1.0
17330_left,12,0.00362396240234375,1.0
17330_right,12,0.00278472900390625,1.0
17350_left,12,0.00266265869140625,1.0
17350_right,12,0.004474639892578125,1.0
17373_left,12,0.00205230712890625,1.0
17373_right,12,0.0030059814453125,1.0
17387_left,12,0.00345611572265625,1.0
17387_right,12,0.003582000732421875,1.0
17396_left,12,0.002033233642578125,1.0
17396_right,12,0.00308990478515625,1.0
17399_left,12,0.001377105712890625,1.0
17399_right,12,0.0013275146484375,1.0
17401_left,12,0.003253936767578125,1.0
17401_right,12,0.0058746337890625,1.0
17422_left,12,0.00466156005859375,1.0
17422_right,12,0.005340576171875,1.0
17463_left,12,0.005107879638671875,1.0
17463_right,12,0.002716064453125,1.0
17475_left,12,0.002147674560546875,1.0
17475_right,12,0.003536224365234375,1.0
17494_left,12,0.00179290771484375,1.0
17494_right,12,0.001461029052734375,1.0
17504_left,12,0.002712249755859375,1.0
17504_right,12,0.00273895263671875,1.0
17517_left,12,0.00223541259765625,1.0
17517_right,12,0.003570556640625,1.0
17526_left,12,0.001361846923828125,1.0
17526_right,12,0.004547119140625,1.0
17540_left,12,0.002506256103515625,1.0
17540_right,12,0.004497528076171875,1.0
17567_left,12,0.00254058837890625,1.0
17567_right,12,0.003658294677734375,1.0
17571_left,12,0.001956939697265625,1.0
17571_right,12,0.00433349609375,1.0
17581_left,12,0.002277374267578125,1.0
17581_right,12,0.00145721435546875,1.0
17627_left,12,0.0044097900390625,1.0
17627_right,12,0.00394439697265625,1.0
17629_left,12,0.004589080810546875,1.0
17629_right,12,0.003398895263671875,1.0
17630_left,12,0.00327301025390625,1.0
17630_right,12,0.0032806396484375,1.0
17636_left,12,0.0028228759765625,1.0
17636_right,12,0.00386810302734375,1.0
17645_left,12,0.0031890869140625,1.0
17645_right,12,0.001468658447265625,1.0
17684_left,12,0.004116058349609375,1.0
17684_right,12,0.003734588623046875,1.0
17688_left,12,0.002471923828125,1.0
17688_right,12,0.0049896240234375,1.0
17723_left,12,0.002140045166015625,1.0
17723_right,12,0.00147247314453125,1.0
17725_left,12,0.002170562744140625,1.0
17725_right,12,0.00359344482421875,1.0
17746_left,12,0.002155303955078125,1.0
17746_right,12,0.004520416259765625,1.0
17759_left,12,0.004611968994140625,1.0
17759_right,12,0.003681182861328125,1.0
17760_left,12,0.005764007568359375,1.0
17760_right,12,0.005123138427734375,1.0
17792_left,12,0.003955841064453125,1.0
17792_right,12,0.00351715087890625,1.0
17800_left,12,0.003765106201171875,1.0
17800_right,12,0.00315093994140625,1.0
17811_left,12,0.002452850341796875,1.0
17811_right,12,0.005031585693359375,1.0
17833_left,12,0.0013885498046875,1.0
17833_right,12,0.003597259521484375,1.0
17843_left,12,0.002777099609375,1.0
17843_right,12,0.002391815185546875,1.0
17846_left,12,0.002349853515625,1.0
17846_right,12,0.003551483154296875,1.0
17853_left,12,0.00182342529296875,1.0
17853_right,12,0.002979278564453125,1.0
17861_left,12,0.001552581787109375,1.0
17861_right,12,0.00160980224609375,1.0
17864_left,12,0.000888824462890625,0.984375
17864_right,12,0.001529693603515625,1.0
17912_left,12,0.00254058837890625,1.0
17912_right,12,0.00331878662109375,1.0
17972_left,12,0.00350189208984375,1.0
17972_right,12,0.003170013427734375,1.0
17979_left,12,0.00348663330078125,1.0
17979_right,12,0.002727508544921875,1.0
17989_left,12,0.00200653076171875,1.0
17989_right,12,0.001079559326171875,1.0
18005_left,12,0.0042877197265625,1.0
18005_right,12,0.001689910888671875,1.0
18030_left,12,0.00389862060546875,1.0
18030_right,12,0.0031280517578125,1.0
18054_left,12,0.00450897216796875,1.0
18054_right,12,0.003570556640625,1.0
18059_left,12,0.002597808837890625,1.0
18059_right,12,0.002422332763671875,1.0
18070_left,12,0.000400543212890625,0.82421875
18070_right,12,0.00290679931640625,1.0
18071_left,12,0.002925872802734375,1.0
18071_right,12,0.003505706787109375,1.0
18099_left,12,0.00363922119140625,1.0
18099_right,12,0.0040130615234375,1.0
18103_left,12,0.00200653076171875,1.0
18103_right,12,0.002979278564453125,1.0
18105_left,12,0.005367279052734375,1.0
18105_right,12,0.003002166748046875,1.0
18113_left,12,0.001499176025390625,1.0
18113_right,12,0.003742218017578125,1.0
18119_left,12,0.00244140625,1.0
18119_right,12,0.0018768310546875,1.0
18147_left,12,0.003269195556640625,1.0
18147_right,12,0.00371551513671875,1.0
18151_left,12,0.003284454345703125,1.0
18151_right,12,0.002735137939453125,1.0
18163_left,12,0.00203704833984375,1.0
18163_right,12,0.003864288330078125,1.0
18178_left,12,0.005565643310546875,1.0
18178_right,12,0.003124237060546875,1.0
18259_left,12,0.003505706787109375,1.0
18259_right,12,0.002532958984375,1.0
18279_left,12,0.003826141357421875,1.0
18279_right,12,0.00304412841796875,1.0
18307_left,12,0.005321502685546875,1.0
18307_right,12,0.001495361328125,1.0
18310_left,12,0.00128936767578125,1.0
18310_right,12,0.00240325927734375,1.0
18319_left,12,0.00274658203125,1.0
18319_right,12,0.00290679931640625,1.0
18329_left,12,0.0050506591796875,1.0
18329_right,12,0.00183868408203125,1.0
18346_left,12,0.0036163330078125,1.0
18346_right,12,0.00241851806640625,1.0
18362_left,12,0.00260162353515625,1.0
18362_right,12,0.003322601318359375,1.0
18368_left,12,0.003093719482421875,1.0
18368_right,12,0.0025177001953125,1.0
18395_left,12,0.004878997802734375,1.0
18395_right,12,0.0043182373046875,1.0
18402_left,12,0.00206756591796875,1.0
18402_right,12,0.0012359619140625,1.0
18420_left,12,0.000682830810546875,1.0
18420_right,12,0.001495361328125,1.0
18429_left,12,0.00183868408203125,1.0
18429_right,12,0.00284576416015625,1.0
18433_left,12,0.001819610595703125,1.0
18433_right,12,0.0022125244140625,1.0
18437_left,12,0.00417327880859375,1.0
18437_right,12,0.00258636474609375,1.0
18438_left,12,0.0048675537109375,1.0
18438_right,12,0.003597259521484375,1.0
18443_left,12,0.0041046142578125,1.0
18443_right,12,0.00266265869140625,1.0
18502_left,12,0.00067138671875,1.0
18502_right,12,0.004146575927734375,1.0
18509_left,12,0.001377105712890625,1.0
18509_right,12,0.00327301025390625,1.0
18523_left,12,0.00372314453125,1.0
18523_right,12,0.004016876220703125,1.0
18534_left,12,0.0015106201171875,1.0
18534_right,12,0.002349853515625,1.0
18536_left,12,0.0060272216796875,1.0
18536_right,12,0.00646209716796875,1.0
18541_left,12,0.00446319580078125,1.0
18541_right,12,0.003292083740234375,1.0
18560_left,12,0.00455474853515625,1.0
18560_right,12,0.0015716552734375,1.0
18566_left,12,0.0024871826171875,1.0
18566_right,12,0.00254058837890625,1.0
18567_left,12,0.000835418701171875,0.9453125
18567_right,12,0.003322601318359375,1.0
18597_left,12,0.0033111572265625,1.0
18597_right,12,0.002124786376953125,1.0
18608_left,12,0.003734588623046875,1.0
18608_right,12,0.004024505615234375,1.0
18619_left,12,0.00386810302734375,1.0
18619_right,12,0.004116058349609375,1.0
18644_left,12,0.004985809326171875,1.0
18644_right,12,0.002044677734375,1.0
18663_left,12,0.00189208984375,1.0
18663_right,12,0.002044677734375,1.0
18666_left,12,0.0006866455078125,1.0
18666_right,12,0.0039520263671875,1.0
18673_left,12,0.004611968994140625,1.0
18673_right,12,0.002838134765625,1.0
18678_left,12,0.00388336181640625,1.0
18678_right,12,0.004322052001953125,1.0
18686_left,12,0.0048828125,1.0
18686_right,12,0.00215911865234375,1.0
18728_left,12,0.004405975341796875,1.0
18728_right,12,0.0028839111328125,1.0
18738_left,12,0.002857208251953125,1.0
18738_right,12,0.001712799072265625,1.0
18744_left,12,0.0038909912109375,1.0
18744_right,12,0.004451751708984375,1.0
18745_left,12,0.003391265869140625,1.0
18745_right,12,0.00299835205078125,1.0
18760_left,12,0.0040435791015625,1.0
18760_right,12,0.00385284423828125,1.0
18817_left,12,0.003253936767578125,1.0
18817_right,12,0.0018310546875,1.0
18829_left,12,0.002712249755859375,1.0
18829_right,12,0.0012359619140625,1.0
18836_left,12,0.0025787353515625,1.0
18836_right,12,0.004283905029296875,1.0
18837_left,12,0.00440216064453125,1.0
18837_right,12,0.002834320068359375,1.0
18862_left,12,0.00188446044921875,1.0
18862_right,12,0.00372314453125,1.0
18876_left,12,0.0055389404296875,1.0
18876_right,12,0.00151824951171875,1.0
18886_left,12,0.001827239990234375,1.0
18886_right,12,0.00276947021484375,1.0
18907_left,12,0.004985809326171875,1.0
18907_right,12,0.003444671630859375,1.0
18939_left,12,0.004100799560546875,1.0
18939_right,12,0.0023040771484375,1.0
18948_left,12,0.003814697265625,1.0
18948_right,12,0.002044677734375,1.0
18970_left,12,0.003978729248046875,1.0
18970_right,12,0.0022125244140625,1.0
18982_left,12,0.00308990478515625,1.0
18982_right,12,0.00323486328125,1.0
19014_left,12,0.001972198486328125,1.0
19014_right,12,0.0036163330078125,1.0
19046_left,12,0.0027618408203125,1.0
19046_right,12,0.00225830078125,1.0
19059_left,12,0.00171661376953125,1.0
19059_right,12,0.001270294189453125,1.0
19067_left,12,0.0034027099609375,1.0
19067_right,12,0.001667022705078125,1.0
19124_left,12,0.0009765625,1.0
19124_right,12,0.003353118896484375,1.0
19161_left,12,0.0008544921875,1.0
19161_right,12,0.00324249267578125,1.0
19163_left,12,0.002666473388671875,1.0
19163_right,12,0.002330780029296875,1.0
19200_left,12,0.00244903564453125,1.0
19200_right,12,0.001949310302734375,1.0
19202_left,12,0.0027008056640625,1.0
19202_right,12,0.0019378662109375,1.0
19219_left,12,0.003070831298828125,1.0
19219_right,12,0.0029449462890625,1.0
19221_left,12,0.002044677734375,1.0
19221_right,12,0.00232696533203125,1.0
19257_left,12,0.004772186279296875,1.0
19257_right,12,0.002918243408203125,1.0
19278_left,12,0.0039215087890625,1.0
19278_right,12,0.002849578857421875,1.0
19301_left,12,0.0035247802734375,1.0
19301_right,12,0.002044677734375,1.0
19302_left,12,0.001995086669921875,1.0
19302_right,12,0.004184722900390625,1.0
19326_left,12,0.0049285888671875,1.0
19326_right,12,0.002201080322265625,1.0
19399_left,12,0.00246429443359375,1.0
19399_right,12,0.00348663330078125,1.0
19400_left,12,0.0018463134765625,1.0
19400_right,12,0.001796722412109375,1.0
19447_left,12,0.00293731689453125,1.0
19447_right,12,0.002391815185546875,1.0
19458_left,12,0.00260162353515625,1.0
19458_right,12,0.00299835205078125,1.0
19460_left,12,0.00426483154296875,1.0
19460_right,12,0.00199127197265625,1.0
19467_left,12,0.003452301025390625,1.0
19467_right,12,0.00441741943359375,1.0
19472_left,12,0.0047760009765625,1.0
19472_right,12,0.00444793701171875,1.0
19473_left,12,0.002552032470703125,1.0
19473_right,12,0.003543853759765625,1.0
19477_left,12,0.00189208984375,1.0
19477_right,12,0.00254058837890625,1.0
19489_left,12,0.004116058349609375,1.0
19489_right,12,0.001918792724609375,1.0
19493_left,12,0.0029144287109375,1.0
19493_right,12,0.002513885498046875,1.0
19494_left,12,0.001575469970703125,1.0
19494_right,12,0.002811431884765625,1.0
19500_left,12,0.0032196044921875,1.0
19500_right,12,0.0015716552734375,1.0
19536_left,12,0.002899169921875,1.0
19536_right,12,0.001499176025390625,1.0
19542_left,12,0.001422882080078125,1.0
19542_right,12,0.00217437744140625,1.0
19564_left,12,0.002773284912109375,1.0
19564_right,12,0.00530242919921875,1.0
19575_left,12,0.002422332763671875,1.0
19575_right,12,0.00231170654296875,1.0
19576_left,12,0.002559661865234375,1.0
19576_right,12,0.002841949462890625,1.0
19580_left,12,0.003231048583984375,1.0
19580_right,12,0.0023193359375,1.0
19581_left,12,0.001983642578125,1.0
19581_right,12,0.0014495849609375,1.0
19588_left,12,0.003509521484375,1.0
19588_right,12,0.00347137451171875,1.0
19609_left,12,0.005596160888671875,1.0
19609_right,12,0.004138946533203125,1.0
19617_left,12,0.0019378662109375,1.0
19617_right,12,0.001285552978515625,1.0
19628_left,12,0.00333404541015625,1.0
19628_right,12,0.00554656982421875,1.0
19638_left,12,0.0045013427734375,1.0
19638_right,12,0.00335693359375,1.0
19649_left,12,0.002117156982421875,1.0
19649_right,12,0.002140045166015625,1.0
19662_left,12,0.001682281494140625,1.0
19662_right,12,0.00347900390625,1.0
19694_left,12,0.002777099609375,1.0
19694_right,12,0.004741668701171875,1.0
19711_left,12,0.00322723388671875,1.0
19711_right,12,0.001068115234375,1.0
19717_left,12,0.00186920166015625,1.0
19717_right,12,0.003692626953125,1.0
19722_left,12,0.00173187255859375,1.0
19722_right,12,0.003040313720703125,1.0
19793_left,12,0.003513336181640625,1.0
19793_right,12,0.0027923583984375,1.0
19802_left,12,0.004360198974609375,1.0
19802_right,12,0.00353240966796875,1.0
19811_left,8,0.000789642333984375,1.0
19811_right,9,0.0007781982421875,1.0
19839_left,12,0.002716064453125,1.0
19839_right,12,0.003536224365234375,1.0
19859_left,12,0.00432586669921875,1.0
19859_right,12,0.002223968505859375,1.0
19865_left,12,0.00444793701171875,1.0
19865_right,12,0.002048492431640625,1.0
19867_left,12,0.002262115478515625,1.0
19867_right,12,0.0018768310546875,1.0
19888_left,12,0.00576019287109375,1.0
19888_right,12,0.001728057861328125,1.0
19915_left,12,0.003330230712890625,1.0
19915_right,12,0.00508880615234375,1.0
19935_left,12,0.001743316650390625,1.0
19935_right,12,0.0020599365234375,1.0
19950_left,12,0.003814697265625,1.0
19950_right,12,0.004398345947265625,1.0
20009_left,12,0.00220489501953125,1.0
20009_right,12,0.00138092041015625,1.0
20026_left,12,0.002452850341796875,1.0
20026_right,12,0.00493621826171875,1.0
20034_left,12,0.004604339599609375,1.0
20034_right,12,0.004055023193359375,1.0
20061_left,12,0.00299835205078125,1.0
20061_right,12,0.00286865234375,1.0
20063_left,12,0.003021240234375,1.0
20063_right,12,0.00293731689453125,1.0
20077_left,12,0.004180908203125,1.0
20077_right,12,0.002532958984375,1.0
20080_left,12,0.0030364990234375,1.0
20080_right,12,0.00315093994140625,1.0
20089_left,12,0.002277374267578125,1.0
20089_right,12,0.004833221435546875,1.0
20092_left,12,0.00327301025390625,1.0
20092_right,12,0.00270843505859375,1.0
20093_left,12,0.00327301025390625,1.0
20093_right,12,0.001556396484375,1.0
20098_left,12,0.001453399658203125,1.0
20098_right,12,0.0012054443359375,1.0
20111_left,12,0.0039520263671875,1.0
20111_right,12,0.0047760009765625,1.0
20130_left,12,0.003017425537109375,1.0
20130_right,12,0.002368927001953125,1.0
20165_left,12,0.004779815673828125,1.0
20165_right,12,0.00614166259765625,1.0
20176_left,12,0.002777099609375,1.0
20176_right,12,0.003772735595703125,1.0
20184_left,12,0.002605438232421875,1.0
20184_right,12,0.003448486328125,1.0
20226_left,12,0.002223968505859375,1.0
20226_right,12,0.00225067138671875,1.0
20242_left,12,0.0023956298828125,1.0
20242_right,12,0.00327301025390625,1.0
20243_left,12,0.001323699951171875,1.0
20243_right,12,0.001850128173828125,1.0
20271_left,12,0.001651763916015625,1.0
20271_right,12,0.0032806396484375,1.0
20289_left,12,0.00450897216796875,1.0
20289_right,12,0.001895904541015625,1.0
20299_left,12,0.004650115966796875,1.0
20299_right,12,0.002552032470703125,1.0
20306_left,12,0.002216339111328125,1.0
20306_right,12,0.003627777099609375,1.0
20309_left,12,0.003101348876953125,1.0
20309_right,12,0.00142669677734375,1.0
20322_left,12,0.002544403076171875,1.0
20322_right,12,0.00481414794921875,1.0
20323_left,12,0.003170013427734375,1.0
20323_right,12,0.00081634521484375,0.9765625
20344_left,12,0.00319671630859375,1.0
20344_right,12,0.004451751708984375,1.0
20346_left,12,0.00063323974609375,0.94921875
20346_right,12,0.004657745361328125,1.0
20359_left,12,0.00344085693359375,1.0
20359_right,12,0.002864837646484375,1.0
20360_left,12,0.002376556396484375,1.0
20360_right,12,0.0023651123046875,1.0
20439_left,12,0.00391387939453125,1.0
20439_right,12,0.003475189208984375,1.0
20455_left,12,0.003437042236328125,1.0
20455_right,12,0.0036773681640625,1.0
20461_left,12,0.00467681884765625,1.0
20461_right,12,0.002162933349609375,1.0
20478_left,12,0.003246307373046875,1.0
20478_right,12,0.00287628173828125,1.0
20482_left,12,0.002048492431640625,1.0
20482_right,12,0.00196075439453125,1.0
20490_left,12,0.003582000732421875,1.0
20490_right,12,0.003093719482421875,1.0
20513_left,12,0.001529693603515625,1.0
20513_right,12,0.00365447998046875,1.0
20529_left,12,0.00251007080078125,1.0
20529_right,12,0.00241851806640625,1.0
20547_left,12,0.00311279296875,1.0
20547_right,12,0.003192901611328125,1.0
20568_left,12,0.004241943359375,1.0
20568_right,12,0.00504302978515625,1.0
20574_left,12,0.00284576416015625,1.0
20574_right,12,0.003936767578125,1.0
20592_left,12,0.003101348876953125,1.0
20592_right,12,0.0016632080078125,1.0
20603_left,12,0.002414703369140625,1.0
20603_right,12,0.001766204833984375,1.0
20608_left,12,0.0051116943359375,1.0
20608_right,12,0.00377655029296875,1.0
20613_left,12,0.001247406005859375,1.0
20613_right,12,0.001926422119140625,1.0
20624_left,12,0.00273895263671875,1.0
20624_right,12,0.00308990478515625,1.0
20648_left,12,0.002376556396484375,1.0
20648_right,12,0.00531768798828125,1.0
20670_left,12,0.00406646728515625,1.0
20670_right,12,0.000598907470703125,1.0
20679_left,12,0.005466461181640625,1.0
20679_right,12,0.00189208984375,1.0
20705_left,12,0.00305938720703125,1.0
20705_right,12,0.00257110595703125,1.0
20738_left,12,0.0039520263671875,1.0
20738_right,12,0.0022125244140625,1.0
20747_left,12,0.0019378662109375,1.0
20747_right,12,0.002185821533203125,1.0
20774_left,12,0.001827239990234375,1.0
20774_right,12,0.003910064697265625,1.0
20780_left,12,0.0040740966796875,1.0
20780_right,12,0.002063751220703125,1.0
20822_left,12,0.006290435791015625,1.0
20822_right,12,0.0035247802734375,1.0
20851_left,12,0.002574920654296875,1.0
20851_right,12,0.0037994384765625,1.0
20855_left,12,0.001995086669921875,1.0
20855_right,12,0.001758575439453125,1.0
20903_left,12,0.00168609619140625,1.0
20903_right,12,0.004360198974609375,1.0
20910_left,12,0.00311279296875,1.0
20910_right,12,0.001705169677734375,1.0
20933_left,12,0.001651763916015625,1.0
20933_right,12,0.00086212158203125,1.0
20942_left,12,0.002521514892578125,1.0
20942_right,12,0.0034332275390625,1.0
20945_left,12,0.002437591552734375,1.0
20945_right,12,0.0055999755859375,1.0
20985_left,12,0.002742767333984375,1.0
20985_right,12,0.002834320068359375,1.0
20986_left,12,0.00238037109375,1.0
20986_right,12,0.003391265869140625,1.0
20999_left,12,0.001430511474609375,1.0
20999_right,12,0.002170562744140625,1.0
21018_left,12,0.004360198974609375,1.0
21018_right,12,0.003498077392578125,1.0
21031_left,12,0.002307891845703125,1.0
21031_right,12,0.00139617919921875,1.0
21045_left,12,0.004741668701171875,1.0
21045_right,12,0.0039520263671875,1.0
21054_left,12,0.00083160400390625,1.0
21054_right,12,0.002330780029296875,1.0
21079_left,12,0.002620697021484375,1.0
21079_right,12,0.00093841552734375,1.0
21088_left,12,0.003292083740234375,1.0
21088_right,12,0.005046844482421875,1.0
21111_left,12,0.003173828125,1.0
21111_right,12,0.002689361572265625,1.0
21149_left,12,0.004180908203125,1.0
21149_right,12,0.00524139404296875,1.0
21167_left,12,0.00494384765625,1.0
21167_right,12,0.0045013427734375,1.0
21188_left,12,0.00417327880859375,1.0
21188_right,12,0.003143310546875,1.0
21190_left,12,0.003131866455078125,1.0
21190_right,12,0.004150390625,1.0
21192_left,12,0.00371551513671875,1.0
21192_right,12,0.003536224365234375,1.0
21195_left,12,0.001697540283203125,1.0
21195_right,12,0.002407073974609375,1.0
21206_left,12,0.00252532958984375,1.0
21206_right,12,0.002849578857421875,1.0
21225_left,12,0.003215789794921875,1.0
21225_right,12,0.0023193359375,1.0
21251_left,12,0.0027923583984375,1.0
21251_right,12,0.002391815185546875,1.0
21257_left,12,0.002437591552734375,1.0
21257_right,12,0.00336456298828125,1.0
21262_left,12,0.0012054443359375,1.0
21262_right,12,0.003810882568359375,1.0
21270_left,12,0.004241943359375,1.0
21270_right,12,0.0045623779296875,1.0
21273_left,12,0.0023040771484375,1.0
21273_right,12,0.0025177001953125,1.0
21278_left,12,0.003276824951171875,1.0
21278_right,12,0.002361297607421875,1.0
21281_left,12,0.00223541259765625,1.0
21281_right,12,0.00249481201171875,1.0
21296_left,12,0.00446319580078125,1.0
21296_right,12,0.002490997314453125,1.0
21298_left,12,0.00342559814453125,1.0
21298_right,12,0.00191497802734375,1.0
21303_left,12,0.002437591552734375,1.0
21303_right,12,0.0016021728515625,1.0
21320_left,12,0.000946044921875,1.0
21320_right,12,0.00270843505859375,1.0
21345_left,12,0.002323150634765625,1.0
21345_right,12,0.002361297607421875,1.0
21389_left,12,0.001979827880859375,1.0
21389_right,12,0.002140045166015625,1.0
21411_left,12,0.002773284912109375,1.0
21411_right,12,0.001628875732421875,1.0
21427_left,12,0.00292205810546875,1.0
21427_right,12,0.002567291259765625,1.0
21444_left,7,0.0012054443359375,1.0
21444_right,12,0.001522064208984375,1.0
21458_left,12,0.002780914306640625,1.0
21458_right,12,0.002178192138671875,1.0
21469_left,12,0.002300262451171875,1.0
21469_right,12,0.002475738525390625,1.0
21485_left,12,0.002780914306640625,1.0
21485_right,12,0.00168609619140625,1.0
21487_left,12,0.00345611572265625,1.0
21487_right,12,0.00272369384765625,1.0
21491_left,12,0.001438140869140625,1.0
21491_right,12,0.00396728515625,1.0
21500_left,12,0.00263214111328125,1.0
21500_right,12,0.002590179443359375,1.0
21501_left,12,0.002178192138671875,1.0
21501_right,12,0.005397796630859375,1.0
21510_left,12,0.00130462646484375,1.0
21510_right,12,0.003948211669921875,1.0
21512_left,12,0.00217437744140625,1.0
21512_right,12,0.002399444580078125,1.0
21534_left,12,0.00461578369140625,1.0
21534_right,12,0.00623321533203125,1.0
21541_left,12,0.001789093017578125,1.0
21541_right,12,0.0022125244140625,1.0
21549_left,12,0.003032684326171875,1.0
21549_right,12,0.00331878662109375,1.0
21556_left,12,0.004913330078125,1.0
21556_right,12,0.00501251220703125,1.0
21561_left,12,0.00237274169921875,1.0
21561_right,12,0.003040313720703125,1.0
21578_left,12,0.0011749267578125,1.0
21578_right,12,0.0035858154296875,1.0
21645_left,12,0.003307342529296875,1.0
21645_right,12,0.0043487548828125,1.0
21652_left,12,0.0020751953125,1.0
21652_right,12,0.00231170654296875,1.0
21655_left,12,0.002811431884765625,1.0
21655_right,12,0.00217437744140625,1.0
21658_left,12,0.003986358642578125,1.0
21658_right,12,0.002887725830078125,1.0
21661_left,12,0.003917694091796875,1.0
21661_right,12,0.0035552978515625,1.0
21741_left,12,0.003101348876953125,1.0
21741_right,12,0.00228118896484375,1.0
21760_left,12,0.002685546875,1.0
21760_right,12,0.00110626220703125,1.0
21792_left,12,0.00274658203125,1.0
21792_right,12,0.00274658203125,1.0
21796_left,12,0.003444671630859375,1.0
21796_right,12,0.00189971923828125,1.0
21864_left,12,0.005001068115234375,1.0
21864_right,12,0.002498626708984375,1.0
21929_left,12,0.00275421142578125,1.0
21929_right,12,0.003925323486328125,1.0
21935_left,12,0.003414154052734375,1.0
21935_right,12,0.003932952880859375,1.0
21994_left,12,0.002574920654296875,1.0
21994_right,12,0.004032135009765625,1.0
22008_left,12,0.0015716552734375,1.0
22008_right,12,0.00235748291015625,1.0
22016_left,12,0.00261688232421875,1.0
22016_right,12,0.00191497802734375,1.0
22026_left,12,0.0010833740234375,1.0
22026_right,12,0.00098419189453125,0.87890625
22028_left,12,0.00171661376953125,1.0
22028_right,12,0.002471923828125,1.0
22043_left,12,0.002834320068359375,1.0
22043_right,12,0.00344085693359375,1.0
22051_left,12,0.003124237060546875,1.0
22051_right,12,0.0019073486328125,1.0
22144_left,12,0.002628326416015625,1.0
22144_right,12,0.00453948974609375,1.0
22189_left,12,0.00289154052734375,1.0
22189_right,12,0.00415802001953125,1.0
22191_left,12,0.001277923583984375,1.0
22191_right,12,0.002899169921875,1.0
22228_left,12,0.001232147216796875,1.0
22228_right,12,0.003265380859375,1.0
22268_left,12,0.00223541259765625,1.0
22268_right,12,0.00186920166015625,1.0
22283_left,12,0.0037384033203125,1.0
22283_right,12,0.00258636474609375,1.0
22298_left,12,0.00386810302734375,1.0
22298_right,12,0.00144195556640625,1.0
22299_left,12,0.0019073486328125,1.0
22299_right,12,0.002384185791015625,1.0
22314_left,12,0.0022125244140625,1.0
22314_right,12,0.00276947021484375,1.0
22327_left,12,0.0037841796875,1.0
22327_right,12,0.003459930419921875,1.0
22334_left,12,0.001903533935546875,1.0
22334_right,12,0.002269744873046875,1.0
22349_left,12,0.00118255615234375,1.0
22349_right,12,0.00295257568359375,1.0
22397_left,12,0.003204345703125,1.0
22397_right,12,0.001918792724609375,1.0
22410_left,12,0.0032806396484375,1.0
22410_right,12,0.00327301025390625,1.0
22416_left,12,0.002155303955078125,1.0
22416_right,12,0.004268646240234375,1.0
22422_left,12,0.004039764404296875,1.0
22422_right,12,0.00295257568359375,1.0
22425_left,12,0.001964569091796875,1.0
22425_right,12,0.00197601318359375,1.0
22430_left,12,0.0015411376953125,1.0
22430_right,12,0.0023345947265625,1.0
22433_left,12,0.003078460693359375,1.0
22433_right,12,0.003173828125,1.0
22473_left,12,0.00313568115234375,1.0
22473_right,12,0.00258636474609375,1.0
22480_left,12,0.002628326416015625,1.0
22480_right,12,0.0017242431640625,1.0
22488_left,12,0.0018157958984375,1.0
22488_right,12,0.001674652099609375,1.0
22527_left,12,0.0032806396484375,1.0
22527_right,12,0.001163482666015625,1.0
22540_left,12,0.002964019775390625,1.0
22540_right,12,0.002819061279296875,1.0
22542_left,12,0.005397796630859375,1.0
22542_right,12,0.002414703369140625,1.0
22543_left,12,0.0006103515625,1.0
22543_right,12,0.000492095947265625,0.859375
22557_left,12,0.00295257568359375,1.0
22557_right,12,0.003231048583984375,1.0
22599_left,12,0.00341033935546875,1.0
22599_right,12,0.00450897216796875,1.0
22605_left,12,0.002567291259765625,1.0
22605_right,12,0.0025482177734375,1.0
22607_left,12,0.003757476806640625,1.0
22607_right,12,0.0021514892578125,1.0
22616_left,12,0.003078460693359375,1.0
22616_right,12,0.002155303955078125,1.0
22617_left,12,0.001903533935546875,1.0
22617_right,12,0.001857757568359375,1.0
22632_left,12,0.00266265869140625,1.0
22632_right,12,0.002910614013671875,1.0
22647_left,12,0.002231597900390625,1.0
22647_right,12,0.00098419189453125,1.0
22652_left,12,0.002208709716796875,1.0
22652_right,12,0.003185272216796875,1.0
22654_left,12,0.002750396728515625,1.0
22654_right,12,0.001499176025390625,1.0
22665_left,12,0.001407623291015625,1.0
22665_right,12,0.004886627197265625,1.0
22670_left,12,0.00530242919921875,1.0
22670_right,12,0.002071380615234375,1.0
22677_left,12,0.0024871826171875,1.0
22677_right,12,0.00351715087890625,1.0
22678_left,12,0.002292633056640625,1.0
22678_right,12,0.00321197509765625,1.0
22684_left,12,0.001678466796875,1.0
22684_right,12,0.001750946044921875,1.0
22713_left,12,0.004062652587890625,1.0
22713_right,12,0.00531005859375,1.0
22729_left,12,0.003490447998046875,1.0
22729_right,12,0.002483367919921875,1.0
22744_left,12,0.003753662109375,1.0
22744_right,12,0.001739501953125,1.0
22769_left,12,0.002674102783203125,1.0
22769_right,12,0.002803802490234375,1.0
22803_left,12,0.0027008056640625,1.0
22803_right,12,0.003284454345703125,1.0
22810_left,12,0.002689361572265625,1.0
22810_right,12,0.001819610595703125,1.0
22811_left,12,0.0005035400390625,1.0
22811_right,12,0.000415802001953125,0.875
22816_left,12,0.004535675048828125,1.0
22816_right,12,0.002643585205078125,1.0
22863_left,12,0.004169464111328125,1.0
22863_right,12,0.00394439697265625,1.0
22900_left,12,0.0024566650390625,1.0
22900_right,12,0.003131866455078125,1.0
22905_left,12,0.002910614013671875,1.0
22905_right,12,0.0023345947265625,1.0
22916_left,12,0.00362396240234375,1.0
22916_right,12,0.00206756591796875,1.0
22942_left,12,0.0017852783203125,1.0
22942_right,12,0.002780914306640625,1.0
22975_left,12,0.00139617919921875,1.0
22975_right,12,0.002513885498046875,1.0
22992_left,12,0.001758575439453125,0.9375
22992_right,12,0.000591278076171875,1.0
22994_left,12,0.00412750244140625,1.0
22994_right,12,0.00292205810546875,1.0
23009_left,12,0.002048492431640625,1.0
23009_right,12,0.002475738525390625,1.0
23069_left,12,0.003902435302734375,1.0
23069_right,12,0.004665374755859375,1.0
23073_left,12,0.005279541015625,1.0
23073_right,12,0.005382537841796875,1.0
23102_left,12,0.00450897216796875,1.0
23102_right,12,0.00200653076171875,1.0
23148_left,12,0.003101348876953125,1.0
23148_right,12,0.00295257568359375,1.0
23165_left,12,0.002490997314453125,1.0
23165_right,12,0.001983642578125,1.0
23170_left,12,0.0050506591796875,1.0
23170_right,12,0.0030059814453125,1.0
23210_left,12,0.001766204833984375,1.0
23210_right,12,0.002277374267578125,1.0
23213_left,12,0.001861572265625,1.0
23213_right,12,0.001285552978515625,1.0
23244_left,12,0.002040863037109375,1.0
23244_right,12,0.00473785400390625,1.0
23248_left,12,0.002105712890625,1.0
23248_right,12,0.001613616943359375,1.0
23249_left,12,0.001338958740234375,1.0
23249_right,12,0.003936767578125,1.0
23271_left,12,0.005382537841796875,1.0
23271_right,12,0.004322052001953125,1.0
23295_left,12,0.0046539306640625,1.0
23295_right,12,0.003627777099609375,1.0
23300_left,12,0.001544952392578125,1.0
23300_right,12,0.00168609619140625,1.0
23325_left,12,0.001071929931640625,1.0
23325_right,12,0.001300811767578125,1.0
23335_left,12,0.002166748046875,1.0
23335_right,11,0.00038909912109375,0.96875
23356_left,12,0.004680633544921875,1.0
23356_right,12,0.0025634765625,1.0
23476_left,12,0.00203704833984375,1.0
23476_right,12,0.00293731689453125,1.0
23519_left,12,0.004344940185546875,1.0
23519_right,12,0.00260162353515625,1.0
23528_left,12,0.00208282470703125,1.0
23528_right,12,0.002376556396484375,1.0
23529_left,12,0.004161834716796875,1.0
23529_right,12,0.003570556640625,1.0
23560_left,12,0.002857208251953125,1.0
23560_right,12,0.003902435302734375,1.0
23572_left,12,0.004917144775390625,1.0
23572_right,12,0.001789093017578125,1.0
23581_left,12,0.0024566650390625,1.0
23581_right,12,0.005924224853515625,1.0
23596_left,12,0.002834320068359375,1.0
23596_right,12,0.003879547119140625,1.0
23614_left,12,0.003932952880859375,1.0
23614_right,12,0.001445770263671875,1.0
23647_left,12,0.00384521484375,1.0
23647_right,12,0.003215789794921875,1.0
23655_left,12,0.002044677734375,1.0
23655_right,12,0.00164794921875,1.0
23657_left,12,0.001583099365234375,1.0
23657_right,12,0.002288818359375,1.0
23683_left,12,0.00432586669921875,1.0
23683_right,12,0.0041351318359375,1.0
23696_left,12,0.005207061767578125,1.0
23696_right,12,0.002590179443359375,1.0
23709_left,12,0.00518035888671875,1.0
23709_right,12,0.0035247802734375,1.0
23725_left,12,0.001888275146484375,1.0
23725_right,12,0.002201080322265625,1.0
23731_left,12,0.001819610595703125,1.0
23731_right,12,0.002349853515625,1.0
23746_left,12,0.001293182373046875,1.0
23746_right,12,0.00246429443359375,1.0
23748_left,12,0.003139495849609375,1.0
23748_right,12,0.001201629638671875,1.0
23782_left,12,0.002559661865234375,1.0
23782_right,12,0.00360870361328125,1.0
23783_left,12,0.00115203857421875,1.0
23783_right,12,0.00170135498046875,1.0
23796_left,12,0.003147125244140625,1.0
23796_right,12,0.001689910888671875,1.0
23805_left,12,0.00330352783203125,1.0
23805_right,12,0.003204345703125,1.0
23810_left,12,0.003086090087890625,1.0
23810_right,12,0.001934051513671875,1.0
23829_left,12,0.0010986328125,1.0
23829_right,12,0.001983642578125,1.0
23847_left,12,0.001873016357421875,1.0
23847_right,12,0.0021514892578125,1.0
23897_left,12,0.00463104248046875,1.0
23897_right,12,0.005023956298828125,1.0
23905_left,12,0.003276824951171875,1.0
23905_right,12,0.00368499755859375,1.0
23930_left,12,0.0018157958984375,1.0
23930_right,12,0.0013580322265625,1.0
23941_left,12,0.00452423095703125,1.0
23941_right,12,0.002124786376953125,1.0
23942_left,12,0.002826690673828125,1.0
23942_right,12,0.002262115478515625,1.0
23945_left,12,0.001316070556640625,1.0
23945_right,12,0.001476287841796875,1.0
23954_left,12,0.00214385986328125,1.0
23954_right,12,0.003391265869140625,1.0
23961_left,12,0.00299072265625,1.0
23961_right,12,0.000926971435546875,1.0
23974_left,12,0.00286102294921875,1.0
23974_right,12,0.002105712890625,1.0
23993_left,12,0.0009765625,1.0
23993_right,12,0.001979827880859375,1.0
24018_left,12,0.0030670166015625,1.0
24018_right,12,0.00213623046875,1.0
24025_left,12,0.002590179443359375,1.0
24025_right,12,0.003589630126953125,1.0
24033_left,12,0.003307342529296875,1.0
24033_right,12,0.00157928466796875,1.0
24102_left,12,0.003849029541015625,1.0
24102_right,12,0.003322601318359375,1.0
24157_left,12,0.00196075439453125,1.0
24157_right,12,0.003993988037109375,1.0
24233_left,12,0.002880096435546875,1.0
24233_right,12,0.0028533935546875,1.0
24241_left,12,0.00180816650390625,1.0
24241_right,12,0.002902984619140625,1.0
24243_left,12,0.003322601318359375,1.0
24243_right,12,0.00424957275390625,1.0
24266_left,12,0.00415802001953125,1.0
24266_right,12,0.00395965576171875,1.0
24298_left,12,0.002544403076171875,1.0
24298_right,12,0.005096435546875,1.0
24334_left,12,0.002349853515625,1.0
24334_right,12,0.00283050537109375,1.0
24336_left,12,0.005558013916015625,1.0
24336_right,12,0.00439453125,1.0
24381_left,12,0.002796173095703125,1.0
24381_right,12,0.0018768310546875,1.0
24387_left,12,0.00316619873046875,1.0
24387_right,12,0.001438140869140625,1.0
24461_left,12,0.003452301025390625,1.0
24461_right,12,0.005954742431640625,1.0
24468_left,12,0.004245758056640625,1.0
24468_right,12,0.002925872802734375,1.0
24469_left,12,0.0025634765625,1.0
24469_right,12,0.002056121826171875,1.0
24542_left,12,0.002300262451171875,1.0
24542_right,12,0.003574371337890625,1.0
24549_left,12,0.0042572021484375,1.0
24549_right,12,0.003326416015625,1.0
24558_left,12,0.0027618408203125,1.0
24558_right,12,0.000736236572265625,1.0
24588_left,12,0.00301361083984375,1.0
24588_right,12,0.002197265625,1.0
24592_left,12,0.0015869140625,1.0
24592_right,12,0.0025177001953125,1.0
24625_left,12,0.003143310546875,1.0
24625_right,12,0.005390167236328125,1.0
24641_left,12,0.002979278564453125,1.0
24641_right,12,0.002384185791015625,1.0
24651_left,12,0.002750396728515625,1.0
24651_right,12,0.002391815185546875,1.0
24662_left,12,0.00093841552734375,1.0
24662_right,12,0.00321197509765625,1.0
24703_left,12,0.0035400390625,1.0
24703_right,12,0.00313568115234375,1.0
24706_left,12,0.002895355224609375,1.0
24706_right,12,0.00299835205078125,1.0
24708_left,12,0.0022735595703125,1.0
24708_right,12,0.0035552978515625,1.0
24712_left,12,0.003414154052734375,1.0
24712_right,12,0.00345611572265625,1.0
24737_left,12,0.004364013671875,1.0
24737_right,12,0.0047149658203125,1.0
24745_left,12,0.002716064453125,1.0
24745_right,12,0.00504302978515625,1.0
24757_left,12,0.00333404541015625,1.0
24757_right,12,0.003383636474609375,1.0
24780_left,12,0.00189208984375,1.0
24780_right,12,0.002399444580078125,1.0
24783_left,12,0.001987457275390625,1.0
24783_right,12,0.001361846923828125,1.0
24785_left,12,0.00347900390625,1.0
24785_right,12,0.003101348876953125,1.0
24813_left,12,0.001972198486328125,1.0
24813_right,12,0.001922607421875,1.0
24823_left,12,0.00395965576171875,1.0
24823_right,12,0.00450897216796875,1.0
24831_left,12,0.00333404541015625,1.0
24831_right,12,0.0031585693359375,1.0
24836_left,12,0.002880096435546875,1.0
24836_right,12,0.001956939697265625,1.0
24853_left,12,0.003040313720703125,1.0
24853_right,12,0.003696441650390625,1.0
24863_left,12,0.002910614013671875,1.0
24863_right,12,0.00388336181640625,1.0
24864_left,12,0.004131317138671875,1.0
24864_right,12,0.003265380859375,1.0
24877_left,12,0.002750396728515625,1.0
24877_right,12,0.002788543701171875,1.0
24888_left,12,0.00475311279296875,1.0
24888_right,12,0.003459930419921875,1.0
24891_left,12,0.00370025634765625,1.0
24891_right,12,0.004550933837890625,1.0
24897_left,12,0.006317138671875,1.0
24897_right,12,0.00319671630859375,1.0
24903_left,12,0.001750946044921875,1.0
24903_right,12,0.00254058837890625,1.0
24941_left,12,0.00177001953125,1.0
24941_right,12,0.00249481201171875,1.0
24953_left,12,0.002773284912109375,1.0
24953_right,12,0.0017547607421875,1.0
24981_left,12,0.003986358642578125,1.0
24981_right,12,0.00482177734375,1.0
25002_left,12,0.001842498779296875,1.0
25002_right,12,0.004611968994140625,1.0
25008_left,12,0.0022735595703125,1.0
25008_right,12,0.002925872802734375,1.0
25064_left,12,0.001300811767578125,1.0
25064_right,12,0.001880645751953125,1.0
25088_left,12,0.002391815185546875,1.0
25088_right,12,0.0016021728515625,1.0
25094_left,12,0.00266265869140625,1.0
25094_right,12,0.00325775146484375,1.0
25119_left,12,0.002307891845703125,1.0
25119_right,12,0.00260162353515625,1.0
25134_left,12,0.00217437744140625,1.0
25134_right,12,0.00371551513671875,1.0
25139_left,12,0.002338409423828125,1.0
25139_right,12,0.002887725830078125,1.0
25153_left,12,0.00258636474609375,1.0
25153_right,12,0.0029449462890625,1.0
25159_left,12,0.004650115966796875,1.0
25159_right,11,0.00164031982421875,1.0
25169_left,12,0.003322601318359375,1.0
25169_right,12,0.001537322998046875,1.0
25188_left,12,0.0018157958984375,1.0
25188_right,12,0.002956390380859375,1.0
25210_left,12,0.00397491455078125,1.0
25210_right,12,0.002056121826171875,1.0
25217_left,12,0.001407623291015625,1.0
25217_right,12,0.0020751953125,1.0
25222_left,12,0.00072479248046875,1.0
25222_right,12,0.00041961669921875,1.0
25238_left,12,0.00185394287109375,1.0
25238_right,12,0.002017974853515625,1.0
25258_left,12,0.003143310546875,1.0
25258_right,12,0.00457000732421875,1.0
25273_left,12,0.002216339111328125,1.0
25273_right,12,0.00278472900390625,1.0
25274_left,12,0.00176239013671875,1.0
25274_right,12,0.003803253173828125,1.0
25308_left,12,0.001377105712890625,1.0
25308_right,12,0.0017547607421875,1.0
25310_left,12,0.004486083984375,1.0
25310_right,12,0.0051422119140625,1.0
25316_left,12,0.00211334228515625,1.0
25316_right,12,0.001224517822265625,1.0
25335_left,12,0.00276947021484375,1.0
25335_right,12,0.006622314453125,1.0
25338_left,12,0.003482818603515625,1.0
25338_right,12,0.001491546630859375,1.0
25364_left,12,0.003749847412109375,1.0
25364_right,12,0.00186920166015625,1.0
25389_left,12,0.002452850341796875,1.0
25389_right,12,0.002445220947265625,1.0
25399_left,12,0.0010833740234375,1.0
25399_right,12,0.001911163330078125,1.0
25404_left,12,0.00274658203125,1.0
25404_right,12,0.002857208251953125,1.0
25407_left,12,0.005130767822265625,1.0
25407_right,12,0.003887176513671875,1.0
25412_left,12,0.00254058837890625,1.0
25412_right,12,0.00337982177734375,1.0
25425_left,12,0.005260467529296875,1.0
25425_right,12,0.0040740966796875,1.0
25428_left,12,0.003292083740234375,1.0
25428_right,12,0.002178192138671875,1.0
25444_left,12,0.003063201904296875,1.0
25444_right,12,0.00205230712890625,1.0
25457_left,12,0.00188446044921875,1.0
25457_right,12,0.002895355224609375,1.0
25467_left,12,0.0034942626953125,1.0
25467_right,12,0.0059661865234375,1.0
25471_left,12,0.0018157958984375,1.0
25471_right,12,0.00193023681640625,1.0
25477_left,12,0.00234222412109375,1.0
25477_right,12,0.00519561767578125,1.0
25482_left,12,0.003875732421875,1.0
25482_right,12,0.002399444580078125,1.0
25514_left,12,0.001552581787109375,1.0
25514_right,12,0.002979278564453125,1.0
25518_left,12,0.001461029052734375,1.0
25518_right,12,0.001617431640625,1.0
25547_left,12,0.005695343017578125,1.0
25547_right,12,0.00197601318359375,1.0
25568_left,12,0.002681732177734375,1.0
25568_right,12,0.001880645751953125,1.0
25658_left,12,0.004726409912109375,1.0
25658_right,12,0.002841949462890625,1.0
25672_left,12,0.001583099365234375,1.0
25672_right,12,0.003269195556640625,1.0
25739_left,12,0.005603790283203125,1.0
25739_right,12,0.005352020263671875,1.0
25743_left,12,0.002742767333984375,1.0
25743_right,12,0.0008544921875,1.0
25745_left,12,0.003986358642578125,1.0
25745_right,12,0.00507354736328125,1.0
25756_left,12,0.001129150390625,1.0
25756_right,12,0.001354217529296875,1.0
25758_left,12,0.004413604736328125,1.0
25758_right,12,0.001811981201171875,1.0
25763_left,12,0.0018157958984375,1.0
25763_right,12,0.002552032470703125,1.0
25783_left,12,0.004077911376953125,1.0
25783_right,12,0.004795074462890625,1.0
25807_left,12,0.0023651123046875,1.0
25807_right,12,0.00131988525390625,1.0
25815_left,12,0.004909515380859375,1.0
25815_right,12,0.0023651123046875,1.0
25832_left,12,0.001712799072265625,1.0
25832_right,12,0.0015411376953125,1.0
25852_left,12,0.001956939697265625,1.0
25852_right,12,0.00293731689453125,1.0
25865_left,12,0.004085540771484375,1.0
25865_right,12,0.0043792724609375,1.0
25867_left,12,0.003662109375,1.0
25867_right,12,0.003650665283203125,1.0
25890_left,12,0.000537872314453125,1.0
25890_right,12,0.001995086669921875,1.0
25904_left,12,0.0017852783203125,1.0
25904_right,12,0.00234222412109375,1.0
25921_left,12,0.001979827880859375,1.0
25921_right,12,0.001567840576171875,1.0
25929_left,12,0.003284454345703125,1.0
25929_right,12,0.00640106201171875,1.0
25941_left,12,0.00408935546875,1.0
25941_right,12,0.002330780029296875,1.0
25946_left,12,0.002094268798828125,1.0
25946_right,12,0.001773834228515625,1.0
25958_left,12,0.004364013671875,1.0
25958_right,12,0.001911163330078125,1.0
25983_left,12,0.0030059814453125,1.0
25983_right,12,0.0027618408203125,1.0
25990_left,12,0.002941131591796875,1.0
25990_right,12,0.00237274169921875,1.0
26024_left,12,0.0019683837890625,1.0
26024_right,12,0.001495361328125,1.0
26070_left,12,0.002300262451171875,1.0
26070_right,12,0.002063751220703125,1.0
26092_left,12,0.003200531005859375,1.0
26092_right,12,0.0021514892578125,1.0
26111_left,12,0.002559661865234375,1.0
26111_right,12,0.002593994140625,1.0
26118_left,12,0.001728057861328125,1.0
26118_right,12,0.0043792724609375,1.0
26129_left,12,0.0038299560546875,1.0
26129_right,12,0.00174713134765625,1.0
26131_left,12,0.001941680908203125,1.0
26131_right,12,0.003604888916015625,1.0
26146_left,12,0.00365447998046875,1.0
26146_right,12,0.001316070556640625,1.0
26148_left,2,7.2479248046875e-05,0.91796875
26148_right,5,0.000274658203125,1.0
26155_left,12,0.00473785400390625,1.0
26155_right,12,0.00496673583984375,1.0
26192_left,12,0.00160980224609375,1.0
26192_right,12,0.0039825439453125,1.0
26205_left,12,0.000354766845703125,0.8125
26205_right,12,0.004337310791015625,1.0
26216_left,12,0.0054473876953125,1.0
26216_right,12,0.003253936767578125,1.0
26218_left,12,0.000759124755859375,1.0
26218_right,12,0.00199127197265625,1.0
26255_left,12,0.001857757568359375,1.0
26255_right,12,0.0013427734375,1.0
26272_left,12,0.00261688232421875,1.0
26272_right,12,0.00272369384765625,1.0
26293_left,12,0.00453948974609375,1.0
26293_right,12,0.003971099853515625,1.0
26299_left,12,0.002925872802734375,1.0
26299_right,12,0.004730224609375,1.0
26314_left,12,0.004550933837890625,1.0
26314_right,12,0.00164794921875,1.0
26328_left,12,0.002399444580078125,1.0
26328_right,12,0.004058837890625,1.0
26334_left,12,0.00307464599609375,1.0
26334_right,12,0.00119781494140625,1.0
26336_left,12,0.00371551513671875,1.0
26336_right,12,0.002712249755859375,1.0
26342_left,12,0.00128173828125,1.0
26342_right,12,0.003856658935546875,1.0
26349_left,12,0.003337860107421875,1.0
26349_right,12,0.00353240966796875,1.0
26357_left,12,0.002071380615234375,1.0
26357_right,12,0.00310516357421875,1.0
26365_left,12,0.00220489501953125,1.0
26365_right,12,0.00281524658203125,1.0
26413_left,12,0.0038909912109375,1.0
26413_right,12,0.00185394287109375,1.0
26452_left,12,0.00278472900390625,1.0
26452_right,12,0.001949310302734375,1.0
26462_left,12,0.004055023193359375,1.0
26462_right,12,0.002292633056640625,1.0
26465_left,12,0.002960205078125,1.0
26465_right,12,0.003795623779296875,1.0
26466_left,12,0.005115509033203125,1.0
26466_right,12,0.002681732177734375,1.0
26502_left,12,0.002445220947265625,1.0
26502_right,12,0.0048980712890625,1.0
26514_left,12,0.003444671630859375,1.0
26514_right,12,0.00240325927734375,1.0
26520_left,12,0.00550079345703125,1.0
26520_right,12,0.003326416015625,1.0
26528_left,12,0.00138092041015625,1.0
26528_right,12,0.002971649169921875,1.0
26536_left,12,0.00363922119140625,1.0
26536_right,12,0.00237274169921875,1.0
26570_left,12,0.00357818603515625,1.0
26570_right,12,0.0042266845703125,1.0
26616_left,12,0.004913330078125,1.0
26616_right,12,0.003162384033203125,1.0
26618_left,12,0.004985809326171875,1.0
26618_right,12,0.001873016357421875,1.0
26637_left,12,0.0025482177734375,1.0
26637_right,12,0.003326416015625,1.0
26677_left,12,0.001312255859375,1.0
26677_right,12,0.001888275146484375,1.0
26693_left,12,0.00054931640625,0.875
26693_right,12,0.001613616943359375,1.0
26703_left,12,0.003997802734375,1.0
26703_right,12,0.004619598388671875,1.0
26708_left,12,0.005809783935546875,1.0
26708_right,12,0.0058441162109375,1.0
26737_left,12,0.00279998779296875,1.0
26737_right,12,0.002864837646484375,1.0
26766_left,12,0.002349853515625,1.0
26766_right,12,0.00281524658203125,1.0
26777_left,12,0.002605438232421875,1.0
26777_right,12,0.000690460205078125,1.0
26796_left,12,0.002765655517578125,1.0
26796_right,12,0.003406524658203125,1.0
26798_left,12,0.00499725341796875,1.0
26798_right,12,0.00312042236328125,1.0
26806_left,12,0.002635955810546875,1.0
26806_right,12,0.004299163818359375,1.0
26807_left,12,0.002468109130859375,1.0
26807_right,12,0.002689361572265625,1.0
26827_left,12,0.0052642822265625,1.0
26827_right,12,0.00257110595703125,1.0
26840_left,12,0.003444671630859375,1.0
26840_right,12,0.002590179443359375,1.0
26870_left,12,0.002349853515625,1.0
26870_right,12,0.005126953125,1.0
26873_left,12,0.002651214599609375,1.0
26873_right,12,0.0020599365234375,1.0
26898_left,12,0.00403594970703125,1.0
26898_right,12,0.003513336181640625,1.0
26930_left,12,0.00521087646484375,1.0
26930_right,12,0.0018310546875,1.0
26942_left,12,0.00189971923828125,1.0
26942_right,12,0.002895355224609375,1.0
26952_left,12,0.00189208984375,1.0
26952_right,12,0.00453948974609375,1.0
26955_left,12,0.002529144287109375,1.0
26955_right,12,0.0042266845703125,1.0
26961_left,12,0.002811431884765625,1.0
26961_right,12,0.00334930419921875,1.0
26996_left,12,0.003108978271484375,1.0
26996_right,12,0.004352569580078125,1.0
27003_left,12,0.002750396728515625,1.0
27003_right,12,0.0031890869140625,1.0
27006_left,12,0.002422332763671875,1.0
27006_right,12,0.00295257568359375,1.0
27015_left,12,0.0023651123046875,1.0
27015_right,12,0.0048370361328125,1.0
27057_left,12,0.002513885498046875,1.0
27057_right,12,0.001117706298828125,1.0
27100_left,12,0.00496673583984375,1.0
27100_right,12,0.00185394287109375,1.0
27109_left,12,0.000583648681640625,0.9296875
27109_right,12,0.000331878662109375,1.0
27112_left,12,0.001922607421875,1.0
27112_right,12,0.001323699951171875,1.0
27144_left,12,0.0030059814453125,1.0
27144_right,12,0.002803802490234375,1.0
27165_left,12,0.003780364990234375,1.0
27165_right,12,0.001796722412109375,1.0
27168_left,12,0.00286102294921875,1.0
27168_right,12,0.001728057861328125,1.0
27194_left,12,0.0034027099609375,1.0
27194_right,12,0.002513885498046875,1.0
27213_left,12,0.003696441650390625,1.0
27213_right,12,0.0021209716796875,1.0
27240_left,12,0.00311279296875,1.0
27240_right,12,0.002864837646484375,1.0
27244_left,12,0.003814697265625,1.0
27244_right,12,0.0036468505859375,1.0
27266_left,12,0.00275421142578125,1.0
27266_right,12,0.0024261474609375,1.0
27271_left,12,0.00067901611328125,0.9296875
27271_right,12,0.001556396484375,1.0
27277_left,12,0.001880645751953125,1.0
27277_right,12,0.003673553466796875,1.0
27286_left,12,0.00547027587890625,1.0
27286_right,12,0.00489044189453125,1.0
27288_left,12,0.00301361083984375,1.0
27288_right,12,0.00308990478515625,1.0
27304_left,12,0.001918792724609375,1.0
27304_right,12,0.002719879150390625,1.0
27338_left,12,0.0022125244140625,1.0
27338_right,12,0.00238800048828125,1.0
27339_left,12,0.003345489501953125,1.0
27339_right,12,0.002628326416015625,1.0
27360_left,12,0.00452423095703125,1.0
27360_right,12,0.002895355224609375,1.0
27363_left,12,0.00140380859375,1.0
27363_right,12,0.002635955810546875,1.0
27370_left,12,0.005619049072265625,1.0
27370_right,12,0.004306793212890625,1.0
27404_left,12,0.00249481201171875,1.0
27404_right,12,0.0020904541015625,1.0
27443_left,12,0.002685546875,1.0
27443_right,12,0.0054473876953125,1.0
27457_left,12,0.00522613525390625,1.0
27457_right,12,0.002685546875,1.0
27481_left,12,0.001163482666015625,1.0
27481_right,12,0.000881195068359375,1.0
27500_left,12,0.00200653076171875,1.0
27500_right,12,0.002185821533203125,1.0
27506_left,12,0.0008392333984375,1.0
27506_right,12,0.001369476318359375,1.0
27525_left,12,0.00348663330078125,1.0
27525_right,12,0.003086090087890625,1.0
27539_left,12,0.00274658203125,1.0
27539_right,12,0.003086090087890625,1.0
27541_left,12,0.00295257568359375,1.0
27541_right,12,0.002887725830078125,1.0
27549_left,12,0.00118255615234375,1.0
27549_right,12,0.0020751953125,1.0
27560_left,12,0.00286102294921875,1.0
27560_right,12,0.002513885498046875,1.0
27587_left,12,0.003162384033203125,1.0
27587_right,12,0.003955841064453125,1.0
27595_left,12,0.003597259521484375,1.0
27595_right,12,0.00278472900390625,1.0
27597_left,2,0.00011444091796875,1.0
27597_right,8,0.00030517578125,1.0
27611_left,12,0.00316619873046875,1.0
27611_right,12,0.00237274169921875,1.0
27623_left,12,0.0034027099609375,1.0
27623_right,12,0.002635955810546875,1.0
27635_left,12,0.002506256103515625,1.0
27635_right,12,0.0019989013671875,1.0
27647_left,12,0.004940032958984375,1.0
27647_right,12,0.005603790283203125,1.0
27654_left,12,0.002727508544921875,1.0
27654_right,12,0.0017242431640625,1.0
27698_left,12,0.002292633056640625,1.0
27698_right,12,0.003749847412109375,1.0
27708_left,12,0.001964569091796875,1.0
27708_right,12,0.006336212158203125,1.0
27710_left,12,0.0034637451171875,1.0
27710_right,12,0.004375457763671875,1.0
27712_left,12,0.001697540283203125,1.0
27712_right,12,0.001918792724609375,1.0
27732_left,12,0.002857208251953125,1.0
27732_right,12,0.002483367919921875,1.0
27734_left,12,0.0053558349609375,1.0
27734_right,12,0.002895355224609375,1.0
27746_left,12,0.00104522705078125,1.0
27746_right,12,0.00066375732421875,0.8828125
27763_left,12,0.0017547607421875,1.0
27763_right,12,0.002025604248046875,1.0
27781_left,12,0.002689361572265625,1.0
27781_right,12,0.001979827880859375,1.0
27810_left,12,0.002841949462890625,1.0
27810_right,12,0.00518798828125,1.0
27816_left,12,0.002166748046875,1.0
27816_right,12,0.00205230712890625,1.0
27820_left,12,0.0028076171875,1.0
27820_right,12,0.0037078857421875,1.0
27842_left,12,0.004474639892578125,1.0
27842_right,12,0.006862640380859375,1.0
27898_left,12,0.0032806396484375,1.0
27898_right,12,0.00203704833984375,1.0
27906_left,12,0.0032196044921875,1.0
27906_right,12,0.003551483154296875,1.0
27917_left,12,0.00183868408203125,1.0
27917_right,12,0.001079559326171875,1.0
27931_left,12,0.00152587890625,1.0
27931_right,12,0.0046539306640625,1.0
27964_left,12,0.001544952392578125,1.0
27964_right,12,0.001750946044921875,1.0
27968_left,12,0.003414154052734375,1.0
27968_right,12,0.001552581787109375,1.0
27971_left,12,0.002643585205078125,1.0
27971_right,12,0.0013885498046875,1.0
28033_left,12,0.00283050537109375,1.0
28033_right,12,0.002407073974609375,1.0
28045_left,12,0.002437591552734375,1.0
28045_right,12,0.004665374755859375,1.0
28052_left,12,0.003894805908203125,1.0
28052_right,12,0.0033111572265625,1.0
28053_left,12,0.000896453857421875,1.0
28053_right,12,0.003040313720703125,1.0
28089_left,12,0.00312042236328125,1.0
28089_right,12,0.004169464111328125,1.0
28098_left,12,0.00225067138671875,1.0
28098_right,12,0.0039215087890625,1.0
28155_left,12,0.004119873046875,1.0
28155_right,12,0.0006866455078125,0.89453125
28172_left,12,0.00234222412109375,1.0
28172_right,12,0.00302886962890625,1.0
28181_left,12,0.005218505859375,1.0
28181_right,12,0.001453399658203125,1.0
28202_left,12,0.003387451171875,1.0
28202_right,12,0.00530242919921875,1.0
28214_left,12,0.0045318603515625,1.0
28214_right,12,0.0040283203125,1.0
28247_left,12,0.001018524169921875,1.0
28247_right,12,0.003955841064453125,1.0
28254_left,12,0.001567840576171875,1.0
28254_right,12,0.002429962158203125,1.0
28258_left,12,0.003139495849609375,1.0
28258_right,12,0.000797271728515625,1.0
28272_left,12,0.00213623046875,1.0
28272_right,12,0.003314971923828125,1.0
28318_left,12,0.002239227294921875,1.0
28318_right,12,0.00189208984375,1.0
28340_left,12,0.00142669677734375,1.0
28340_right,12,0.000415802001953125,1.0
28368_left,12,0.001903533935546875,1.0
28368_right,12,0.00130462646484375,1.0
28409_left,12,0.004238128662109375,1.0
28409_right,12,0.002506256103515625,1.0
28457_left,12,0.00110626220703125,1.0
28457_right,12,0.001171112060546875,1.0
28479_left,12,0.003925323486328125,1.0
28479_right,12,0.003826141357421875,1.0
28509_left,12,0.0057830810546875,1.0
28509_right,12,0.002735137939453125,1.0
28540_left,12,0.0023651123046875,1.0
28540_right,12,0.004192352294921875,1.0
28548_left,12,0.003307342529296875,1.0
28548_right,12,0.002803802490234375,1.0
28559_left,12,0.0047454833984375,1.0
28559_right,12,0.001708984375,1.0
28572_left,12,0.00128173828125,1.0
28572_right,12,0.002483367919921875,1.0
28573_left,12,0.0031890869140625,1.0
28573_right,12,0.003940582275390625,1.0
28586_left,12,0.00341796875,1.0
28586_right,12,0.0030975341796875,1.0
28603_left,12,0.003173828125,1.0
28603_right,12,0.00249481201171875,1.0
28604_left,12,0.002407073974609375,1.0
28604_right,12,0.004421234130859375,1.0
28612_left,12,0.000644683837890625,1.0
28612_right,12,0.0023040771484375,1.0
28618_left,12,0.0049285888671875,1.0
28618_right,12,0.0031280517578125,1.0
28654_left,12,0.00435638427734375,1.0
28654_right,12,0.002899169921875,1.0
28660_left,12,0.001979827880859375,1.0
28660_right,12,0.001743316650390625,1.0
28701_left,12,0.001800537109375,1.0
28701_right,12,0.00296783447265625,1.0
28711_left,12,0.00078582763671875,1.0
28711_right,12,0.003231048583984375,1.0
28754_left,12,0.002063751220703125,1.0
28754_right,12,0.0031890869140625,1.0
28807_left,12,0.005733489990234375,1.0
28807_right,12,0.0023040771484375,1.0
28817_left,12,0.00199127197265625,1.0
28817_right,12,0.002414703369140625,1.0
28840_left,12,0.00156402587890625,1.0
28840_right,12,0.003498077392578125,1.0
28883_left,12,0.0033416748046875,1.0
28883_right,12,0.003570556640625,1.0
28895_left,12,0.00244903564453125,1.0
28895_right,12,0.00403594970703125,1.0
28905_left,12,0.002285003662109375,1.0
28905_right,12,0.002288818359375,1.0
28913_left,12,0.003204345703125,1.0
28913_right,12,0.001247406005859375,1.0
28923_left,12,0.00264739990234375,1.0
28923_right,12,0.00255584716796875,1.0
28993_left,12,0.002941131591796875,1.0
28993_right,12,0.002593994140625,1.0
29002_left,12,0.006496429443359375,1.0
29002_right,12,0.003604888916015625,1.0
29019_left,12,0.006099700927734375,1.0
29019_right,12,0.003536224365234375,1.0
29030_left,12,0.005092620849609375,1.0
29030_right,12,0.002674102783203125,1.0
29042_left,12,0.003917694091796875,1.0
29042_right,12,0.00391387939453125,1.0
29075_left,12,0.002166748046875,1.0
29075_right,12,0.00213623046875,1.0
29096_left,12,0.0042266845703125,1.0
29096_right,12,0.003215789794921875,1.0
29102_left,12,0.003154754638671875,1.0
29102_right,12,0.0044708251953125,1.0
29104_left,12,0.001422882080078125,1.0
29104_right,12,0.001556396484375,1.0
29107_left,12,0.005352020263671875,1.0
29107_right,12,0.002292633056640625,1.0
29117_left,12,0.00270843505859375,1.0
29117_right,12,0.0024566650390625,1.0
29139_left,12,0.001132965087890625,1.0
29139_right,12,0.002193450927734375,1.0
29169_left,12,0.004241943359375,1.0
29169_right,12,0.002475738525390625,1.0
29182_left,12,0.00213623046875,1.0
29182_right,12,0.00159454345703125,1.0
29194_left,12,0.00189208984375,1.0
29194_right,12,0.00238037109375,1.0
29218_left,12,0.002506256103515625,1.0
29218_right,12,0.001689910888671875,1.0
29239_left,12,0.005123138427734375,1.0
29239_right,12,0.001743316650390625,1.0
29267_left,12,0.0032806396484375,1.0
29267_right,12,0.002254486083984375,1.0
29277_left,12,0.0023651123046875,1.0
29277_right,12,0.0031280517578125,1.0
29297_left,12,0.0017242431640625,1.0
29297_right,12,0.002452850341796875,1.0
29303_left,12,0.004825592041015625,1.0
29303_right,12,0.0008087158203125,1.0
29362_left,12,0.00411224365234375,1.0
29362_right,12,0.00246429443359375,1.0
29385_left,12,0.002231597900390625,1.0
29385_right,12,0.002880096435546875,1.0
29398_left,12,0.002593994140625,1.0
29398_right,12,0.0040283203125,1.0
29430_left,12,0.00240325927734375,1.0
29430_right,12,0.002590179443359375,1.0
29445_left,12,0.00368499755859375,1.0
29445_right,12,0.00264739990234375,1.0
29451_left,12,0.00247955322265625,1.0
29451_right,12,0.0018768310546875,1.0
29462_left,12,0.002063751220703125,1.0
29462_right,12,0.00440216064453125,1.0
29472_left,12,0.001743316650390625,1.0
29472_right,12,0.00200653076171875,1.0
29484_left,12,0.0009918212890625,1.0
29484_right,12,0.004322052001953125,1.0
29518_left,12,0.002712249755859375,1.0
29518_right,12,0.002857208251953125,1.0
29574_left,12,0.002201080322265625,1.0
29574_right,12,0.002872467041015625,1.0
29577_left,12,0.003124237060546875,1.0
29577_right,12,0.0040130615234375,1.0
29604_left,12,0.003681182861328125,1.0
29604_right,12,0.002071380615234375,1.0
29621_left,12,0.003383636474609375,1.0
29621_right,12,0.002780914306640625,1.0
29661_left,12,0.00359344482421875,1.0
29661_right,12,0.00301361083984375,1.0
29673_left,12,0.001773834228515625,1.0
29673_right,12,0.0009613037109375,1.0
29679_left,12,0.001850128173828125,1.0
29679_right,12,0.00267791748046875,1.0
29682_left,12,0.002994537353515625,1.0
29682_right,12,0.005825042724609375,1.0
29702_left,12,0.00383758544921875,1.0
29702_right,12,0.00618743896484375,1.0
29711_left,12,0.0019073486328125,1.0
29711_right,12,0.001735687255859375,1.0
29723_left,12,0.00380706787109375,1.0
29723_right,12,0.002593994140625,1.0
29726_left,12,0.002918243408203125,1.0
29726_right,12,0.001354217529296875,1.0
29732_left,12,0.00232696533203125,1.0
29732_right,12,0.00429534912109375,1.0
29737_left,12,0.002323150634765625,1.0
29737_right,12,0.0028076171875,1.0
29790_left,12,0.00286102294921875,1.0
29790_right,12,0.003154754638671875,1.0
29796_left,12,0.00376129150390625,1.0
29796_right,12,0.0021820068359375,1.0
29810_left,12,0.003238677978515625,1.0
29810_right,12,0.00479888916015625,1.0
29846_left,12,0.00347900390625,1.0
29846_right,12,0.00266265869140625,1.0
29865_left,12,0.001979827880859375,1.0
29865_right,12,0.002170562744140625,1.0
29898_left,12,0.0039520263671875,1.0
29898_right,12,0.00342559814453125,1.0
29910_left,12,0.002651214599609375,1.0
29910_right,12,0.003879547119140625,1.0
29911_left,12,0.00185394287109375,1.0
29911_right,12,0.00244140625,1.0
29962_left,12,0.001922607421875,1.0
29962_right,12,0.0019683837890625,1.0
30026_left,12,0.000705718994140625,1.0
30026_right,12,0.0014495849609375,1.0
30030_left,12,0.0048065185546875,1.0
30030_right,12,0.00319671630859375,1.0
30061_left,12,0.002613067626953125,1.0
30061_right,12,0.002086639404296875,1.0
30069_left,12,0.001987457275390625,1.0
30069_right,12,0.0027923583984375,1.0
30073_left,12,0.003376007080078125,1.0
30073_right,12,0.001598358154296875,1.0
30097_left,12,0.0023345947265625,1.0
30097_right,12,0.002239227294921875,1.0
30102_left,12,0.004070281982421875,1.0
30102_right,12,0.004093170166015625,1.0
30116_left,12,0.003871917724609375,1.0
30116_right,12,0.0023956298828125,1.0
30122_left,12,0.0035858154296875,1.0
30122_right,12,0.00362396240234375,1.0
30125_left,12,0.003490447998046875,1.0
30125_right,12,0.001033782958984375,1.0
30140_left,12,0.00272369384765625,1.0
30140_right,12,0.001827239990234375,1.0
30141_left,12,0.00304412841796875,1.0
30141_right,12,0.001720428466796875,1.0
30169_left,12,0.001979827880859375,1.0
30169_right,12,0.00213623046875,1.0
30170_left,12,0.00627899169921875,1.0
30170_right,12,0.002834320068359375,1.0
30175_left,12,0.0031280517578125,1.0
30175_right,12,0.00344085693359375,1.0
30181_left,12,0.00251007080078125,1.0
30181_right,12,0.00287628173828125,1.0
30194_left,12,0.005580902099609375,1.0
30194_right,12,0.002559661865234375,1.0
30201_left,12,0.002338409423828125,1.0
30201_right,12,0.003948211669921875,1.0
30213_left,12,0.00356292724609375,1.0
30213_right,12,0.00260162353515625,1.0
30246_left,12,0.000640869140625,0.9765625
30246_right,12,0.002857208251953125,1.0
30266_left,12,0.005016326904296875,1.0
30266_right,12,0.0029144287109375,1.0
30274_left,12,0.00632476806640625,1.0
30274_right,12,0.003170013427734375,1.0
30287_left,12,0.001483917236328125,1.0
30287_right,12,0.002552032470703125,1.0
30290_left,12,0.00496673583984375,1.0
30290_right,12,0.00279998779296875,1.0
30349_left,12,0.003986358642578125,1.0
30349_right,12,0.0037078857421875,1.0
30352_left,12,0.00345611572265625,1.0
30352_right,12,0.003002166748046875,1.0
30362_left,12,0.0027618408203125,1.0
30362_right,12,0.002986907958984375,1.0
30365_left,12,0.002796173095703125,1.0
30365_right,12,0.004451751708984375,1.0
30368_left,12,0.00353240966796875,1.0
30368_right,12,0.003192901611328125,1.0
30391_left,12,0.002429962158203125,1.0
30391_right,12,0.00196075439453125,1.0
30402_left,12,0.00397491455078125,1.0
30402_right,12,0.003467559814453125,1.0
30405_left,12,0.003940582275390625,1.0
30405_right,12,0.0031890869140625,1.0
30408_left,12,0.00286865234375,1.0
30408_right,12,0.002803802490234375,1.0
30419_left,12,0.002819061279296875,1.0
30419_right,12,0.00384521484375,1.0
30432_left,12,0.002056121826171875,1.0
30432_right,12,0.00299072265625,1.0
30444_left,12,0.0038299560546875,1.0
30444_right,12,0.00408935546875,1.0
30465_left,12,0.002544403076171875,1.0
30465_right,12,0.00091552734375,1.0
30468_left,12,0.002872467041015625,1.0
30468_right,12,0.002349853515625,1.0
30489_left,12,0.00365447998046875,1.0
30489_right,12,0.00290679931640625,1.0
30541_left,12,0.002567291259765625,1.0
30541_right,12,0.0022125244140625,1.0
30587_left,12,0.00228118896484375,1.0
30587_right,12,0.00232696533203125,1.0
30588_left,12,0.004180908203125,1.0
30588_right,12,0.001461029052734375,1.0
30595_left,12,0.001468658447265625,1.0
30595_right,12,0.003360748291015625,1.0
30602_left,12,0.001605987548828125,1.0
30602_right,12,0.00323486328125,1.0
30628_left,12,0.002422332763671875,1.0
30628_right,12,0.003055572509765625,1.0
30667_left,12,0.0030364990234375,1.0
30667_right,12,0.000762939453125,1.0
30703_left,12,0.003627777099609375,1.0
30703_right,12,0.00279998779296875,1.0
30725_left,12,0.003925323486328125,1.0
30725_right,12,0.002838134765625,1.0
30778_left,12,0.003322601318359375,1.0
30778_right,12,0.00493621826171875,1.0
30787_left,12,0.005077362060546875,1.0
30787_right,12,0.0020904541015625,1.0
30788_left,12,0.004108428955078125,1.0
30788_right,12,0.0040130615234375,1.0
30798_left,12,0.00164031982421875,1.0
30798_right,12,0.001461029052734375,1.0
30803_left,12,0.004673004150390625,1.0
30803_right,12,0.003997802734375,1.0
30833_left,12,0.003520965576171875,1.0
30833_right,12,0.0024261474609375,1.0
30862_left,12,0.0028839111328125,1.0
30862_right,12,0.00318145751953125,1.0
30869_left,12,0.003570556640625,1.0
30869_right,12,0.001705169677734375,1.0
30893_left,12,0.00333404541015625,1.0
30893_right,12,0.0039825439453125,1.0
30897_left,12,0.001453399658203125,1.0
30897_right,12,0.001384735107421875,1.0
30903_left,12,0.003448486328125,1.0
30903_right,12,0.00508880615234375,1.0
30912_left,12,0.0030975341796875,1.0
30912_right,12,0.0021820068359375,1.0
30919_left,12,0.003204345703125,1.0
30919_right,12,0.001739501953125,1.0
30928_left,12,0.002170562744140625,1.0
30928_right,12,0.0028228759765625,1.0
30935_left,12,0.001804351806640625,1.0
30935_right,12,0.002574920654296875,1.0
30944_left,12,0.003997802734375,1.0
30944_right,12,0.00385284423828125,1.0
30948_left,12,0.002887725830078125,1.0
30948_right,12,0.002590179443359375,1.0
30959_left,12,0.002834320068359375,1.0
30959_right,12,0.002925872802734375,1.0
30977_left,12,0.002307891845703125,1.0
30977_right,12,0.003025054931640625,1.0
31037_left,12,0.0017852783203125,1.0
31037_right,12,0.00251007080078125,1.0
31044_left,12,0.002132415771484375,1.0
31044_right,12,0.002689361572265625,1.0
31048_left,12,0.000392913818359375,1.0
31048_right,12,0.002655029296875,1.0
31099_left,12,0.003810882568359375,1.0
31099_right,12,0.00321197509765625,1.0
31115_left,12,0.003635406494140625,1.0
31115_right,12,0.0030975341796875,1.0
31131_left,12,0.001735687255859375,1.0
31131_right,12,0.001972198486328125,1.0
31158_left,12,0.002948760986328125,1.0
31158_right,12,0.00249481201171875,1.0
31178_left,3,0.000232696533203125,1.0
31178_right,12,0.002593994140625,1.0
31193_left,12,0.001922607421875,1.0
31193_right,12,0.00274658203125,1.0
31219_left,12,0.004566192626953125,1.0
31219_right,12,0.00229644775390625,1.0
31245_left,12,0.005786895751953125,1.0
31245_right,12,0.003925323486328125,1.0
31255_left,12,0.006443023681640625,1.0
31255_right,12,0.00177001953125,1.0
31274_left,12,0.00287628173828125,1.0
31274_right,12,0.001728057861328125,1.0
31281_left,12,0.003376007080078125,1.0
31281_right,12,0.00426483154296875,1.0
31284_left,12,0.001373291015625,1.0
31284_right,12,0.001422882080078125,1.0
31289_left,12,0.00186920166015625,1.0
31289_right,12,0.00316619873046875,1.0
31294_left,12,0.002727508544921875,1.0
31294_right,12,0.00286102294921875,1.0
31295_left,12,0.0012054443359375,1.0
31295_right,12,0.003662109375,1.0
31309_left,12,0.004871368408203125,1.0
31309_right,12,0.00307464599609375,1.0
31311_left,12,0.001865386962890625,1.0
31311_right,12,0.001964569091796875,1.0
31326_left,12,0.00136566162109375,1.0
31326_right,12,0.002216339111328125,1.0
31338_left,12,0.002429962158203125,1.0
31338_right,12,0.00420379638671875,1.0
31343_left,12,0.001407623291015625,1.0
31343_right,12,0.002796173095703125,1.0
31393_left,12,0.002437591552734375,1.0
31393_right,12,0.004955291748046875,1.0
31411_left,12,0.002475738525390625,1.0
31411_right,12,0.00186920166015625,1.0
31418_left,12,0.001010894775390625,1.0
31418_right,12,0.003814697265625,1.0
31537_left,12,0.00356292724609375,1.0
31537_right,12,0.002651214599609375,1.0
31549_left,12,0.002620697021484375,1.0
31549_right,12,0.003814697265625,1.0
31586_left,12,0.00301361083984375,1.0
31586_right,12,0.00467681884765625,1.0
31594_left,12,0.003360748291015625,1.0
31594_right,12,0.003307342529296875,1.0
31598_left,12,0.001415252685546875,1.0
31598_right,12,0.003711700439453125,1.0
31615_left,12,0.003177642822265625,1.0
31615_right,12,0.00302886962890625,1.0
31645_left,12,0.000823974609375,1.0
31645_right,12,0.001712799072265625,1.0
31669_left,12,0.00142669677734375,1.0
31669_right,12,0.00357818603515625,1.0
31675_left,12,0.002849578857421875,1.0
31675_right,12,0.002040863037109375,1.0
31676_left,12,0.003902435302734375,1.0
31676_right,12,0.005218505859375,1.0
31687_left,12,0.00232696533203125,1.0
31687_right,12,0.0037841796875,1.0
31688_left,12,0.00368499755859375,1.0
31688_right,12,0.002033233642578125,1.0
31710_left,12,0.003772735595703125,1.0
31710_right,12,0.00305938720703125,1.0
31735_left,12,0.00308990478515625,1.0
31735_right,12,0.000598907470703125,1.0
31759_left,12,0.001575469970703125,1.0
31759_right,12,0.00611114501953125,1.0
31816_left,12,0.0007476806640625,0.96484375
31816_right,12,0.00104522705078125,1.0
31869_left,12,0.006237030029296875,1.0
31869_right,12,0.002582550048828125,1.0
31876_left,12,0.001190185546875,1.0
31876_right,12,0.001956939697265625,1.0
31886_left,12,0.003993988037109375,1.0
31886_right,12,0.003711700439453125,1.0
31888_left,12,0.003749847412109375,1.0
31888_right,12,0.0023040771484375,1.0
31924_left,12,0.004791259765625,1.0
31924_right,12,0.001766204833984375,1.0
31929_left,12,0.002620697021484375,1.0
31929_right,12,0.00299835205078125,1.0
31931_left,12,0.001972198486328125,1.0
31931_right,12,0.003391265869140625,1.0
31938_left,12,0.00354766845703125,1.0
31938_right,12,0.0040130615234375,1.0
31942_left,12,0.0037078857421875,1.0
31942_right,12,0.003459930419921875,1.0
31952_left,12,0.001834869384765625,1.0
31952_right,12,0.00333404541015625,1.0
31961_left,12,0.003192901611328125,1.0
31961_right,12,0.002979278564453125,1.0
31965_left,12,0.002197265625,1.0
31965_right,12,0.002498626708984375,1.0
31987_left,12,0.0028228759765625,1.0
31987_right,12,0.000701904296875,1.0
31995_left,12,0.004566192626953125,1.0
31995_right,12,0.004894256591796875,1.0
32001_left,12,0.002101898193359375,1.0
32001_right,12,0.00142669677734375,1.0
32031_left,12,0.00209808349609375,1.0
32031_right,12,0.00136566162109375,1.0
32070_left,12,0.001224517822265625,1.0
32070_right,12,0.00377655029296875,1.0
32078_left,12,0.002796173095703125,1.0
32078_right,12,0.002536773681640625,1.0
32082_left,12,0.003032684326171875,1.0
32082_right,12,0.004734039306640625,1.0
32086_left,12,0.003078460693359375,1.0
32086_right,12,0.004177093505859375,1.0
32098_left,12,0.00269317626953125,1.0
32098_right,12,0.002773284912109375,1.0
32101_left,12,0.00350189208984375,1.0
32101_right,12,0.003826141357421875,1.0
32118_left,12,0.004077911376953125,1.0
32118_right,12,0.002132415771484375,1.0
32159_left,12,0.00371551513671875,1.0
32159_right,12,0.00162506103515625,1.0
32168_left,12,0.00264739990234375,1.0
32168_right,12,0.00335693359375,1.0
32200_left,12,0.0022430419921875,1.0
32200_right,12,0.003231048583984375,1.0
32206_left,12,0.003932952880859375,1.0
32206_right,12,0.003864288330078125,1.0
32220_left,12,0.00384521484375,1.0
32220_right,12,0.00186920166015625,1.0
32225_left,12,0.00328826904296875,1.0
32225_right,12,0.004222869873046875,1.0
32230_left,12,0.00395965576171875,1.0
32230_right,12,0.0026702880859375,1.0
32232_left,12,0.001678466796875,1.0
32232_right,12,0.001434326171875,1.0
32245_left,12,0.0043792724609375,1.0
32245_right,12,0.00321197509765625,1.0
32246_left,12,0.001873016357421875,1.0
32246_right,12,0.0025787353515625,1.0
32256_left,12,0.003658294677734375,1.0
32256_right,12,0.004543304443359375,1.0
32265_left,12,0.00238800048828125,1.0
32265_right,12,0.00377655029296875,1.0
32282_left,12,0.0021209716796875,1.0
32282_right,12,0.003376007080078125,1.0
32348_left,4,0.000560760498046875,1.0
32348_right,12,0.002513885498046875,1.0
32356_left,12,0.00262451171875,1.0
32356_right,12,0.003299713134765625,1.0
32373_left,12,0.005657196044921875,1.0
32373_right,12,0.00434112548828125,1.0
32380_left,12,0.0024566650390625,1.0
32380_right,12,0.00264739990234375,1.0
32405_left,12,0.00250244140625,1.0
32405_right,12,0.0039520263671875,1.0
32411_left,12,0.003131866455078125,1.0
32411_right,12,0.002460479736328125,1.0
32412_left,12,0.003719329833984375,1.0
32412_right,12,0.00218963623046875,1.0
32451_left,12,0.00275421142578125,1.0
32451_right,12,0.00232696533203125,1.0
32452_left,12,0.0040130615234375,1.0
32452_right,12,0.000812530517578125,0.91015625
32491_left,12,0.002704620361328125,1.0
32491_right,12,0.004604339599609375,1.0
32589_left,12,0.001800537109375,1.0
32589_right,12,0.00142669677734375,1.0
32604_left,12,0.002300262451171875,1.0
32604_right,12,0.00182342529296875,1.0
32620_left,12,0.002857208251953125,1.0
32620_right,12,0.007068634033203125,1.0
32628_left,12,0.00213623046875,1.0
32628_right,12,0.00266265869140625,1.0
32633_left,12,0.004856109619140625,1.0
32633_right,12,0.002735137939453125,1.0
32634_left,12,0.003467559814453125,1.0
32634_right,12,0.002780914306640625,1.0
32642_left,12,0.002933502197265625,1.0
32642_right,12,0.0022125244140625,1.0
32689_left,12,0.005435943603515625,1.0
32689_right,12,0.004337310791015625,1.0
32696_left,12,0.004180908203125,1.0
32696_right,12,0.00165557861328125,1.0
32702_left,12,0.003070831298828125,1.0
32702_right,12,0.00312042236328125,1.0
32711_left,12,0.002086639404296875,1.0
32711_right,12,0.003238677978515625,1.0
32721_left,12,0.00206756591796875,1.0
32721_right,12,0.00392913818359375,1.0
32725_left,12,0.00087738037109375,0.9296875
32725_right,12,0.00273895263671875,1.0
32727_left,12,0.002552032470703125,1.0
32727_right,12,0.00342559814453125,1.0
32769_left,12,0.003932952880859375,1.0
32769_right,12,0.0045013427734375,1.0
32822_left,12,0.0016632080078125,1.0
32822_right,12,0.00225830078125,1.0
32856_left,12,0.00372314453125,1.0
32856_right,12,0.0029754638671875,1.0
32874_left,12,0.004367828369140625,1.0
32874_right,12,0.00229644775390625,1.0
32893_left,12,0.003597259521484375,1.0
32893_right,12,0.00160980224609375,1.0
32896_left,12,0.002292633056640625,1.0
32896_right,12,0.001407623291015625,1.0
32905_left,12,0.001270294189453125,1.0
32905_right,12,0.00226593017578125,1.0
32912_left,12,0.0034027099609375,1.0
32912_right,12,0.002532958984375,1.0
32924_left,12,0.00177001953125,1.0
32924_right,12,0.002895355224609375,1.0
32932_left,12,0.003086090087890625,1.0
32932_right,12,0.002498626708984375,1.0
32942_left,12,0.00153350830078125,1.0
32942_right,12,0.004856109619140625,1.0
32946_left,12,0.003284454345703125,1.0
32946_right,12,0.002635955810546875,1.0
32970_left,12,0.004207611083984375,1.0
32970_right,12,0.003551483154296875,1.0
32978_left,12,0.002685546875,1.0
32978_right,12,0.001171112060546875,1.0
33002_left,12,0.004550933837890625,1.0
33002_right,12,0.0031585693359375,1.0
33027_left,12,0.0014495849609375,1.0
33027_right,12,0.004436492919921875,1.0
33043_left,12,0.003597259521484375,1.0
33043_right,12,0.002086639404296875,1.0
33046_left,12,0.003398895263671875,1.0
33046_right,12,0.000843048095703125,1.0
33068_left,12,0.003627777099609375,1.0
33068_right,12,0.00272369384765625,1.0
33072_left,12,0.002956390380859375,1.0
33072_right,12,0.001712799072265625,1.0
33082_left,12,0.003345489501953125,1.0
33082_right,12,0.001262664794921875,1.0
33088_left,12,0.004566192626953125,1.0
33088_right,12,0.00223541259765625,1.0
33094_left,12,0.003307342529296875,1.0
33094_right,12,0.00461578369140625,1.0
33119_left,12,0.001369476318359375,1.0
33119_right,12,0.001739501953125,1.0
33125_left,12,0.003101348876953125,1.0
33125_right,12,0.002716064453125,1.0
33137_left,12,0.002727508544921875,1.0
33137_right,12,0.004100799560546875,1.0
33145_left,12,0.0047149658203125,1.0
33145_right,12,0.003124237060546875,1.0
33173_left,12,0.0043792724609375,1.0
33173_right,12,0.00353240966796875,1.0
33202_left,12,0.00275421142578125,1.0
33202_right,12,0.002292633056640625,1.0
33214_left,12,0.002262115478515625,1.0
33214_right,12,0.002193450927734375,1.0
33216_left,12,0.002742767333984375,1.0
33216_right,12,0.002277374267578125,1.0
33219_left,12,0.002498626708984375,1.0
33219_right,12,0.001064300537109375,1.0
33284_left,12,0.003509521484375,1.0
33284_right,12,0.00269317626953125,1.0
33292_left,12,0.001087188720703125,1.0
33292_right,12,0.001926422119140625,1.0
33295_left,12,0.005298614501953125,1.0
33295_right,12,0.00514984130859375,1.0
33312_left,12,0.000492095947265625,0.89453125
33312_right,12,0.00115966796875,1.0
33316_left,12,0.003265380859375,1.0
33316_right,12,0.003368377685546875,1.0
33317_left,12,0.00550079345703125,1.0
33317_right,12,0.006580352783203125,1.0
33337_left,12,0.004940032958984375,1.0
33337_right,12,0.003322601318359375,1.0
33365_left,12,0.001705169677734375,1.0
33365_right,12,0.0036773681640625,1.0
33380_left,12,0.0032806396484375,1.0
33380_right,12,0.00333404541015625,1.0
33382_left,12,0.0022735595703125,1.0
33382_right,12,0.00205230712890625,1.0
33385_left,12,0.0017242431640625,1.0
33385_right,12,0.001934051513671875,1.0
33400_left,12,0.000591278076171875,1.0
33400_right,12,0.001018524169921875,1.0
33409_left,12,0.00063323974609375,1.0
33409_right,8,0.000598907470703125,1.0
33424_left,12,0.001995086669921875,1.0
33424_right,12,0.003971099853515625,1.0
33434_left,12,0.003589630126953125,1.0
33434_right,12,0.0029754638671875,1.0
33441_left,12,0.003047943115234375,1.0
33441_right,12,0.005794525146484375,1.0
33472_left,12,0.0035400390625,1.0
33472_right,12,0.003269195556640625,1.0
33496_left,12,0.00276947021484375,1.0
33496_right,12,0.0034332275390625,1.0
33507_left,12,0.0039825439453125,1.0
33507_right,12,0.002254486083984375,1.0
33531_left,12,0.0030364990234375,1.0
33531_right,12,0.00232696533203125,1.0
33543_left,12,0.003505706787109375,1.0
33543_right,12,0.003025054931640625,1.0
33555_left,12,0.00238037109375,1.0
33555_right,12,0.000751495361328125,1.0
33561_left,12,0.001087188720703125,1.0
33561_right,12,0.001659393310546875,1.0
33574_left,12,0.00099945068359375,1.0
33574_right,12,0.003437042236328125,1.0
33577_left,12,0.002300262451171875,1.0
33577_right,12,0.00409698486328125,1.0
33581_left,12,0.0025787353515625,1.0
33581_right,12,0.003391265869140625,1.0
33589_left,12,0.000579833984375,1.0
33589_right,12,0.001605987548828125,1.0
33626_left,12,0.00183868408203125,1.0
33626_right,12,0.002513885498046875,1.0
33635_left,12,0.002658843994140625,1.0
33635_right,12,0.004154205322265625,1.0
33669_left,12,0.001941680908203125,1.0
33669_right,12,0.0026092529296875,1.0
33685_left,12,0.00301361083984375,1.0
33685_right,12,0.0051727294921875,1.0
33687_left,12,0.00281524658203125,1.0
33687_right,12,0.0042877197265625,1.0
33699_left,12,0.00360870361328125,1.0
33699_right,12,0.00121307373046875,1.0
33717_left,12,0.00502777099609375,1.0
33717_right,12,0.00235748291015625,1.0
33732_left,12,0.0010986328125,1.0
33732_right,12,0.00133514404296875,1.0
33741_left,12,0.002208709716796875,1.0
33741_right,12,0.002613067626953125,1.0
33773_left,12,0.0012969970703125,1.0
33773_right,12,0.003589630126953125,1.0
33777_left,12,0.0043182373046875,1.0
33777_right,12,0.00469970703125,1.0
33791_left,12,0.001842498779296875,1.0
33791_right,12,0.002796173095703125,1.0
33793_left,12,0.0041351318359375,1.0
33793_right,12,0.002315521240234375,1.0
33797_left,12,0.00189971923828125,1.0
33797_right,12,0.00341796875,1.0
33809_left,12,0.00167083740234375,1.0
33809_right,12,0.002689361572265625,1.0
33810_left,12,0.003620147705078125,1.0
33810_right,12,0.001270294189453125,1.0
33813_left,12,0.00479888916015625,1.0
33813_right,12,0.00318145751953125,1.0
33849_left,12,0.002979278564453125,1.0
33849_right,12,0.00244903564453125,1.0
33851_left,12,0.003070831298828125,1.0
33851_right,12,0.001964569091796875,1.0
33855_left,12,0.002460479736328125,1.0
33855_right,12,0.0036773681640625,1.0
33858_left,12,0.002651214599609375,1.0
33858_right,12,0.004520416259765625,1.0
33878_left,12,0.002315521240234375,1.0
33878_right,12,0.002079010009765625,1.0
33889_left,12,0.002292633056640625,1.0
33889_right,12,0.003391265869140625,1.0
33891_left,12,0.00223541259765625,1.0
33891_right,12,0.00243377685546875,1.0
33907_left,12,0.00238800048828125,1.0
33907_right,12,0.0021209716796875,1.0
33915_left,12,0.000911712646484375,1.0
33915_right,12,0.003749847412109375,1.0
33916_left,12,0.003849029541015625,1.0
33916_right,12,0.004032135009765625,1.0
33919_left,12,0.00396728515625,1.0
33919_right,12,0.0034637451171875,1.0
33943_left,12,0.003261566162109375,1.0
33943_right,12,0.002010345458984375,1.0
33976_left,12,0.0025482177734375,1.0
33976_right,12,0.002559661865234375,1.0
33978_left,12,0.003143310546875,1.0
33978_right,12,0.00391387939453125,1.0
34004_left,12,0.00208282470703125,1.0
34004_right,12,0.00180816650390625,1.0
34026_left,12,0.002269744873046875,1.0
34026_right,12,0.00386810302734375,1.0
34041_left,12,0.003173828125,1.0
34041_right,12,0.0016326904296875,1.0
34049_left,12,0.001239776611328125,0.91015625
34049_right,12,0.001026153564453125,1.0
34101_left,12,0.00307464599609375,1.0
34101_right,12,0.003116607666015625,1.0
34113_left,12,0.000885009765625,1.0
34113_right,12,0.001903533935546875,1.0
34120_left,12,0.001735687255859375,1.0
34120_right,12,0.004001617431640625,1.0
34170_left,12,0.002796173095703125,1.0
34170_right,12,0.00432586669921875,1.0
34171_left,12,0.00202178955078125,1.0
34171_right,12,0.002895355224609375,1.0
34203_left,12,0.004436492919921875,1.0
34203_right,12,0.002368927001953125,1.0
34234_left,12,0.00592803955078125,1.0
34234_right,12,0.002414703369140625,1.0
34283_left,12,0.004364013671875,1.0
34283_right,12,0.0032196044921875,1.0
34284_left,12,0.002269744873046875,1.0
34284_right,12,0.004222869873046875,1.0
34302_left,12,0.0026702880859375,1.0
34302_right,12,0.002788543701171875,1.0
34316_left,12,0.00240325927734375,1.0
34316_right,12,0.003002166748046875,1.0
34337_left,12,0.00455474853515625,1.0
34337_right,12,0.00215911865234375,1.0
34352_left,12,0.003208160400390625,1.0
34352_right,12,0.00203704833984375,1.0
34356_left,12,0.003154754638671875,1.0
34356_right,12,0.0030975341796875,1.0
34395_left,12,0.00151824951171875,1.0
34395_right,12,0.00304412841796875,1.0
34405_left,12,0.002971649169921875,1.0
34405_right,12,0.00279998779296875,1.0
34425_left,12,0.00270843505859375,1.0
34425_right,12,0.001873016357421875,1.0
34453_left,12,0.00319671630859375,1.0
34453_right,12,0.003986358642578125,1.0
34454_left,12,0.003498077392578125,1.0
34454_right,12,0.001453399658203125,1.0
34470_left,12,0.00254058837890625,1.0
34470_right,12,0.001007080078125,1.0
34485_left,12,0.00200653076171875,1.0
34485_right,12,0.00244903564453125,1.0
34527_left,12,0.00283050537109375,1.0
34527_right,12,0.0038299560546875,1.0
34529_left,12,0.002044677734375,1.0
34529_right,12,0.002872467041015625,1.0
34542_left,12,0.00370025634765625,1.0
34542_right,12,0.002742767333984375,1.0
34555_left,12,0.00299072265625,1.0
34555_right,12,0.00174713134765625,1.0
34560_left,12,0.00390625,1.0
34560_right,12,0.00206756591796875,1.0
34625_left,12,0.00296783447265625,1.0
34625_right,12,0.003910064697265625,1.0
34631_left,12,0.00489044189453125,1.0
34631_right,12,0.00341033935546875,1.0
34636_left,12,0.00106048583984375,1.0
34636_right,12,0.00371551513671875,1.0
34677_left,12,0.00559234619140625,1.0
34677_right,12,0.00336456298828125,1.0
34686_left,12,0.002227783203125,1.0
34686_right,12,0.001522064208984375,1.0
34689_left,8,0.002788543701171875,1.0
34689_right,12,0.00110626220703125,1.0
34703_left,12,0.00318145751953125,1.0
34703_right,12,0.003276824951171875,1.0
34704_left,12,0.004024505615234375,1.0
34704_right,12,0.001575469970703125,1.0
34713_left,12,0.00201416015625,1.0
34713_right,12,0.003650665283203125,1.0
34726_left,12,0.0037689208984375,1.0
34726_right,12,0.006496429443359375,1.0
34740_left,12,0.0047760009765625,1.0
34740_right,12,0.0013580322265625,1.0
34754_left,12,0.0026092529296875,1.0
34754_right,12,0.004077911376953125,1.0
34768_left,12,0.00279998779296875,1.0
34768_right,12,0.002590179443359375,1.0
34792_left,12,0.005168914794921875,1.0
34792_right,12,0.00464630126953125,1.0
34819_left,12,0.003925323486328125,1.0
34819_right,12,0.00160980224609375,1.0
34834_left,12,0.004222869873046875,1.0
34834_right,12,0.002178192138671875,1.0
34879_left,12,0.00316619873046875,1.0
34879_right,12,0.002277374267578125,1.0
34918_left,12,0.001499176025390625,1.0
34918_right,12,0.00296783447265625,1.0
34928_left,12,0.004215240478515625,1.0
34928_right,12,0.004367828369140625,1.0
34933_left,12,0.002986907958984375,1.0
34933_right,12,0.004302978515625,1.0
34952_left,12,0.005397796630859375,1.0
34952_right,12,0.00312042236328125,1.0
34971_left,12,0.002811431884765625,1.0
34971_right,12,0.002109527587890625,1.0
34991_left,12,0.00579833984375,1.0
34991_right,12,0.002593994140625,1.0
35018_left,12,0.0018463134765625,1.0
35018_right,12,0.003459930419921875,1.0
35027_left,12,0.00746917724609375,1.0
35027_right,12,0.00257110595703125,1.0
35046_left,12,0.002674102783203125,1.0
35046_right,12,0.0030975341796875,1.0
35048_left,12,0.00266265869140625,1.0
35048_right,12,0.003475189208984375,1.0
35054_left,12,0.003322601318359375,1.0
35054_right,12,0.004360198974609375,1.0
35056_left,12,0.001911163330078125,1.0
35056_right,12,0.001918792724609375,1.0
35058_left,12,0.002101898193359375,1.0
35058_right,12,0.00238800048828125,1.0
35131_left,12,0.002010345458984375,1.0
35131_right,12,0.00234222412109375,1.0
35164_left,12,0.00327301025390625,1.0
35164_right,12,0.003726959228515625,1.0
35172_left,12,0.0027008056640625,1.0
35172_right,12,0.0035247802734375,1.0
35209_left,12,0.004512786865234375,1.0
35209_right,12,0.001888275146484375,1.0
35260_left,12,0.00402069091796875,1.0
35260_right,12,0.002838134765625,1.0
35270_left,12,0.00374603271484375,1.0
35270_right,12,0.0034637451171875,1.0
35277_left,12,0.00412750244140625,1.0
35277_right,12,0.00379180908203125,1.0
35343_left,12,0.002933502197265625,1.0
35343_right,12,0.0049896240234375,1.0
35367_left,12,0.002391815185546875,1.0
35367_right,12,0.002536773681640625,1.0
35414_left,12,0.00215911865234375,1.0
35414_right,12,0.003482818603515625,1.0
35420_left,12,0.00350189208984375,1.0
35420_right,12,0.002735137939453125,1.0
35427_left,12,0.003757476806640625,1.0
35427_right,12,0.003383636474609375,1.0
35429_left,12,0.002407073974609375,1.0
35429_right,12,0.000835418701171875,0.9765625
35451_left,12,0.002071380615234375,1.0
35451_right,12,0.0028839111328125,1.0
35458_left,12,0.00445556640625,1.0
35458_right,12,0.00201416015625,1.0
35459_left,12,0.00096893310546875,1.0
35459_right,12,0.003215789794921875,1.0
35461_left,12,0.00220489501953125,1.0
35461_right,12,0.002353668212890625,1.0
35465_left,12,0.003322601318359375,1.0
35465_right,12,0.0027008056640625,1.0
35501_left,12,0.003997802734375,1.0
35501_right,12,0.002666473388671875,1.0
35517_left,12,0.004833221435546875,1.0
35517_right,12,0.002170562744140625,1.0
35533_left,12,0.002391815185546875,1.0
35533_right,12,0.00188446044921875,1.0
35583_left,12,0.00290679931640625,1.0
35583_right,12,0.00182342529296875,1.0
35648_left,12,0.001773834228515625,1.0
35648_right,12,0.001007080078125,1.0
35662_left,12,0.00479888916015625,1.0
35662_right,12,0.00209808349609375,1.0
35680_left,12,0.0016937255859375,1.0
35680_right,12,0.0034332275390625,1.0
35683_left,12,0.00307464599609375,1.0
35683_right,12,0.004428863525390625,1.0
35689_left,12,0.003509521484375,1.0
35689_right,12,0.001514434814453125,1.0
35705_left,12,0.002197265625,1.0
35705_right,12,0.001689910888671875,1.0
35710_left,12,0.00275421142578125,1.0
35710_right,12,0.004276275634765625,1.0
35719_left,12,0.0049896240234375,1.0
35719_right,12,0.00435638427734375,1.0
35749_left,12,0.00510406494140625,1.0
35749_right,12,0.00382232666015625,1.0
35767_left,12,0.00379180908203125,1.0
35767_right,12,0.004291534423828125,1.0
35789_left,12,0.0017852783203125,1.0
35789_right,12,0.00222015380859375,1.0
35810_left,12,0.000606536865234375,1.0
35810_right,12,0.002292633056640625,1.0
35830_left,12,0.004055023193359375,1.0
35830_right,12,0.00327301025390625,1.0
35888_left,12,0.002155303955078125,1.0
35888_right,12,0.00336456298828125,1.0
35890_left,12,0.002895355224609375,1.0
35890_right,12,0.003345489501953125,1.0
35917_left,12,0.0013275146484375,1.0
35917_right,12,0.002735137939453125,1.0
35952_left,12,0.00644683837890625,1.0
35952_right,12,0.001995086669921875,1.0
36006_left,12,0.00296783447265625,1.0
36006_right,12,0.00452423095703125,1.0
36024_left,12,0.000896453857421875,0.97265625
36024_right,12,0.002124786376953125,1.0
36029_left,12,0.0042877197265625,1.0
36029_right,12,0.003894805908203125,1.0
36047_left,12,0.00243377685546875,1.0
36047_right,12,0.003448486328125,1.0
36085_left,12,0.00189208984375,1.0
36085_right,12,0.002689361572265625,1.0
36108_left,12,0.00095367431640625,1.0
36108_right,12,0.002170562744140625,1.0
36130_left,12,0.003326416015625,1.0
36130_right,12,0.003932952880859375,1.0
36146_left,12,0.003345489501953125,1.0
36146_right,12,0.00254058837890625,1.0
36176_left,12,0.0039215087890625,1.0
36176_right,12,0.00597381591796875,1.0
36228_left,12,0.0035247802734375,1.0
36228_right,12,0.003223419189453125,1.0
36244_left,12,0.003871917724609375,1.0
36244_right,12,0.004314422607421875,1.0
36247_left,12,0.002201080322265625,1.0
36247_right,12,0.00572967529296875,1.0
36300_left,12,0.00189971923828125,1.0
36300_right,12,0.0039825439453125,1.0
36316_left,12,0.004085540771484375,1.0
36316_right,12,0.00125885009765625,1.0
36361_left,12,0.00405120849609375,1.0
36361_right,12,0.00421142578125,1.0
36378_left,12,0.000957489013671875,1.0
36378_right,12,0.00710296630859375,1.0
36390_left,12,0.002109527587890625,1.0
36390_right,12,0.003208160400390625,1.0
36421_left,12,0.004169464111328125,1.0
36421_right,12,0.0020904541015625,1.0
36441_left,12,0.00206756591796875,1.0
36441_right,12,0.00292205810546875,1.0
36502_left,12,0.004550933837890625,1.0
36502_right,12,0.00206756591796875,1.0
36513_left,12,0.0016937255859375,1.0
36513_right,12,0.00341033935546875,1.0
36515_left,12,0.003032684326171875,1.0
36515_right,12,0.00383758544921875,1.0
36517_left,12,0.0027923583984375,1.0
36517_right,12,0.002655029296875,1.0
36523_left,12,0.00159454345703125,1.0
36523_right,12,0.003292083740234375,1.0
36526_left,12,0.001590728759765625,1.0
36526_right,12,0.002674102783203125,1.0
36585_left,12,0.00348663330078125,1.0
36585_right,12,0.00252532958984375,1.0
36613_left,12,0.00225830078125,1.0
36613_right,12,0.001377105712890625,1.0
36614_left,12,0.0019073486328125,1.0
36614_right,12,0.003177642822265625,1.0
36627_left,12,0.003841400146484375,1.0
36627_right,12,0.00443267822265625,1.0
36643_left,12,0.002178192138671875,1.0
36643_right,12,0.0037384033203125,1.0
36660_left,12,0.002593994140625,1.0
36660_right,12,0.0026092529296875,1.0
36669_left,12,0.0040435791015625,1.0
36669_right,12,0.00411224365234375,1.0
36703_left,12,0.004665374755859375,1.0
36703_right,12,0.00478363037109375,1.0
36722_left,12,0.001758575439453125,1.0
36722_right,12,0.002140045166015625,1.0
36723_left,12,0.00167083740234375,1.0
36723_right,12,0.00251007080078125,1.0
36733_left,12,0.0035858154296875,1.0
36733_right,12,0.002605438232421875,1.0
36755_left,12,0.003681182861328125,1.0
36755_right,12,0.002262115478515625,1.0
36783_left,12,0.001556396484375,1.0
36783_right,12,0.001293182373046875,1.0
36844_left,12,0.00218963623046875,1.0
36844_right,12,0.00183868408203125,1.0
36856_left,12,0.002719879150390625,1.0
36856_right,12,0.0030517578125,1.0
36865_left,12,0.004364013671875,1.0
36865_right,12,0.002777099609375,1.0
36900_left,12,0.003635406494140625,1.0
36900_right,12,0.002765655517578125,1.0
36908_left,12,0.003719329833984375,1.0
36908_right,12,0.001953125,1.0
36909_left,12,0.003963470458984375,1.0
36909_right,12,0.0033721923828125,1.0
36940_left,12,0.001300811767578125,1.0
36940_right,12,0.002796173095703125,1.0
36959_left,12,0.006450653076171875,1.0
36959_right,12,0.001949310302734375,1.0
36965_left,12,0.002857208251953125,1.0
36965_right,12,0.002017974853515625,1.0
36966_left,12,0.00447845458984375,1.0
36966_right,12,0.00308990478515625,1.0
36968_left,12,0.00373077392578125,1.0
36968_right,12,0.003047943115234375,1.0
36975_left,12,0.002582550048828125,1.0
36975_right,12,0.003082275390625,1.0
36981_left,12,0.002048492431640625,1.0
36981_right,12,0.00133514404296875,0.96484375
36986_left,12,0.003376007080078125,1.0
36986_right,12,0.002147674560546875,1.0
36999_left,12,0.00212860107421875,1.0
36999_right,12,0.0040740966796875,1.0
37008_left,12,0.00213623046875,1.0
37008_right,12,0.001369476318359375,1.0
37026_left,12,0.003818511962890625,1.0
37026_right,12,0.002529144287109375,1.0
37032_left,12,0.005443572998046875,1.0
37032_right,12,0.00484466552734375,1.0
37034_left,12,0.00107574462890625,1.0
37034_right,12,0.005100250244140625,1.0
37036_left,12,0.001880645751953125,1.0
37036_right,12,0.002620697021484375,1.0
37038_left,12,0.001491546630859375,1.0
37038_right,12,0.0021209716796875,1.0
37039_left,12,0.001689910888671875,1.0
37039_right,12,0.00139617919921875,1.0
37040_left,12,0.00241851806640625,1.0
37040_right,12,0.00547027587890625,1.0
37054_left,12,0.002223968505859375,1.0
37054_right,12,0.002193450927734375,1.0
37090_left,12,0.005615234375,1.0
37090_right,12,0.00466156005859375,1.0
37122_left,12,0.00432586669921875,1.0
37122_right,12,0.00333404541015625,1.0
37137_left,12,0.001522064208984375,1.0
37137_right,12,0.001522064208984375,1.0
37166_left,12,0.0023040771484375,1.0
37166_right,12,0.003108978271484375,1.0
37170_left,12,0.00170135498046875,1.0
37170_right,12,0.002330780029296875,1.0
37204_left,12,0.0045318603515625,1.0
37204_right,12,0.001873016357421875,1.0
37232_left,12,0.004360198974609375,1.0
37232_right,12,0.00315093994140625,1.0
37286_left,12,0.004764556884765625,1.0
37286_right,12,0.004467010498046875,1.0
37301_left,12,0.000743865966796875,1.0
37301_right,12,0.0006103515625,0.8828125
37345_left,12,0.0019073486328125,1.0
37345_right,12,0.001491546630859375,1.0
37360_left,12,0.00409698486328125,1.0
37360_right,12,0.0030517578125,1.0
37382_left,12,0.001384735107421875,0.9765625
37382_right,12,0.00196075439453125,1.0
37395_left,12,0.00307464599609375,1.0
37395_right,12,0.001708984375,1.0
37438_left,12,0.003139495849609375,1.0
37438_right,12,0.005069732666015625,1.0
37441_left,12,0.00142669677734375,1.0
37441_right,12,0.001308441162109375,1.0
37446_left,12,0.005077362060546875,1.0
37446_right,12,0.00278472900390625,1.0
37449_left,12,0.0045318603515625,1.0
37449_right,12,0.001781463623046875,1.0
37450_left,12,0.00191497802734375,1.0
37450_right,12,0.003093719482421875,1.0
37463_left,12,0.002941131591796875,1.0
37463_right,12,0.00556182861328125,1.0
37488_left,12,0.001308441162109375,1.0
37488_right,12,0.0027923583984375,1.0
37524_left,12,0.00286102294921875,1.0
37524_right,12,0.003055572509765625,1.0
37539_left,12,0.002368927001953125,1.0
37539_right,12,0.003841400146484375,1.0
37580_left,12,0.002376556396484375,1.0
37580_right,12,0.0036163330078125,1.0
37595_left,12,0.00372314453125,1.0
37595_right,12,0.002437591552734375,1.0
37624_left,12,0.003757476806640625,1.0
37624_right,12,0.002655029296875,1.0
37631_left,12,0.004001617431640625,1.0
37631_right,12,0.002838134765625,1.0
37633_left,12,0.002628326416015625,1.0
37633_right,12,0.00492095947265625,1.0
37636_left,12,0.00336456298828125,1.0
37636_right,12,0.00261688232421875,1.0
37645_left,12,0.005138397216796875,1.0
37645_right,12,0.005519866943359375,1.0
37656_left,12,0.00399017333984375,1.0
37656_right,12,0.00159454345703125,1.0
37666_left,12,0.003509521484375,1.0
37666_right,12,0.00269317626953125,1.0
37676_left,12,0.003704071044921875,1.0
37676_right,12,0.002292633056640625,1.0
37683_left,12,0.00255584716796875,1.0
37683_right,12,0.0032501220703125,1.0
37692_left,12,0.0015869140625,1.0
37692_right,12,0.003536224365234375,1.0
37696_left,12,0.001926422119140625,1.0
37696_right,12,0.003147125244140625,1.0
37722_left,12,0.00162506103515625,1.0
37722_right,12,0.00347900390625,1.0
37730_left,12,0.00394439697265625,1.0
37730_right,12,0.0038604736328125,1.0
37745_left,12,0.0042572021484375,1.0
37745_right,12,0.0036163330078125,1.0
37758_left,12,0.005458831787109375,1.0
37758_right,12,0.0020599365234375,1.0
37760_left,12,0.002643585205078125,1.0
37760_right,12,0.003910064697265625,1.0
37783_left,12,0.00554656982421875,1.0
37783_right,12,0.00214385986328125,1.0
37808_left,12,0.003143310546875,1.0
37808_right,12,0.002910614013671875,1.0
37811_left,12,0.001583099365234375,1.0
37811_right,12,0.002780914306640625,1.0
37836_left,12,0.0022430419921875,1.0
37836_right,12,0.0016632080078125,1.0
37856_left,12,0.003509521484375,1.0
37856_right,12,0.003871917724609375,1.0
37859_left,12,0.001888275146484375,1.0
37859_right,12,0.004467010498046875,1.0
37867_left,12,0.0022735595703125,1.0
37867_right,12,0.003444671630859375,1.0
37875_left,12,0.0032501220703125,1.0
37875_right,12,0.002300262451171875,1.0
37892_left,12,0.002166748046875,1.0
37892_right,12,0.000789642333984375,1.0
37900_left,12,0.001705169677734375,1.0
37900_right,12,0.005550384521484375,1.0
37918_left,12,0.003696441650390625,1.0
37918_right,12,0.00157928466796875,1.0
37923_left,12,0.00276947021484375,1.0
37923_right,12,0.001445770263671875,1.0
37931_left,12,0.00206756591796875,1.0
37931_right,12,0.003818511962890625,1.0
37939_left,12,0.00392913818359375,1.0
37939_right,12,0.003448486328125,1.0
37947_left,12,0.003849029541015625,1.0
37947_right,12,0.00577545166015625,1.0
37958_left,12,0.001781463623046875,1.0
37958_right,12,0.003391265869140625,1.0
37962_left,12,0.00489044189453125,1.0
37962_right,12,0.00281524658203125,1.0
37965_left,12,0.0020599365234375,1.0
37965_right,12,0.002635955810546875,1.0
37968_left,12,0.00251007080078125,1.0
37968_right,12,0.00135040283203125,1.0
37979_left,12,0.0042266845703125,1.0
37979_right,12,0.00313568115234375,1.0
38058_left,12,0.0045166015625,1.0
38058_right,12,0.00421142578125,1.0
38089_left,12,0.00293731689453125,1.0
38089_right,12,0.002880096435546875,1.0
38111_left,12,0.003635406494140625,1.0
38111_right,12,0.002086639404296875,1.0
38114_left,12,0.002811431884765625,1.0
38114_right,12,0.002536773681640625,1.0
38118_left,12,0.004241943359375,1.0
38118_right,12,0.0061492919921875,1.0
38127_left,12,0.00251007080078125,1.0
38127_right,12,0.001453399658203125,1.0
38169_left,12,0.001537322998046875,1.0
38169_right,12,0.002838134765625,1.0
38186_left,12,0.002410888671875,1.0
38186_right,12,0.00182342529296875,1.0
38203_left,12,0.001453399658203125,1.0
38203_right,12,0.004520416259765625,1.0
38205_left,12,0.003093719482421875,1.0
38205_right,12,0.00305938720703125,1.0
38217_left,12,0.003849029541015625,1.0
38217_right,12,0.0035247802734375,1.0
38225_left,12,0.002552032470703125,1.0
38225_right,12,0.005878448486328125,1.0
38249_left,12,0.00238800048828125,1.0
38249_right,12,0.0007781982421875,1.0
38250_left,12,0.004100799560546875,1.0
38250_right,12,0.002147674560546875,1.0
38252_left,12,0.003452301025390625,1.0
38252_right,12,0.001102447509765625,1.0
38253_left,12,0.0003509521484375,0.875
38253_right,12,0.003265380859375,1.0
38259_left,12,0.002002716064453125,1.0
38259_right,12,0.004650115966796875,1.0
38307_left,12,0.001766204833984375,1.0
38307_right,12,0.0003814697265625,1.0
38322_left,12,0.0019073486328125,1.0
38322_right,12,0.001720428466796875,1.0
38323_left,12,0.00235748291015625,1.0
38323_right,12,0.00275421142578125,1.0
38341_left,12,0.004383087158203125,1.0
38341_right,12,0.00368499755859375,1.0
38349_left,12,0.003627777099609375,1.0
38349_right,12,0.003383636474609375,1.0
38374_left,12,0.0040435791015625,1.0
38374_right,12,0.001407623291015625,1.0
38385_left,12,0.002338409423828125,1.0
38385_right,12,0.002201080322265625,1.0
38386_left,12,0.00374603271484375,1.0
38386_right,12,0.0029144287109375,1.0
38404_left,12,0.003017425537109375,1.0
38404_right,12,0.0023651123046875,1.0
38408_left,12,0.002292633056640625,1.0
38408_right,12,0.00189208984375,1.0
38410_left,12,0.002613067626953125,1.0
38410_right,12,0.00266265869140625,1.0
38417_left,12,0.002567291259765625,1.0
38417_right,12,0.001972198486328125,1.0
38419_left,12,0.004482269287109375,1.0
38419_right,12,0.00438690185546875,1.0
38439_left,12,0.003360748291015625,1.0
38439_right,12,0.002635955810546875,1.0
38447_left,12,0.00103759765625,1.0
38447_right,12,0.003833770751953125,1.0
38457_left,12,0.00199127197265625,1.0
38457_right,12,0.00305938720703125,1.0
38480_left,12,0.002414703369140625,1.0
38480_right,12,0.003810882568359375,1.0
38488_left,12,0.0032806396484375,1.0
38488_right,12,0.0052032470703125,1.0
38494_left,12,0.001041412353515625,0.953125
38494_right,12,0.003505706787109375,1.0
38501_left,12,0.0046234130859375,1.0
38501_right,12,0.00262451171875,1.0
38502_left,12,0.005146026611328125,1.0
38502_right,12,0.0049285888671875,1.0
38508_left,12,0.002368927001953125,1.0
38508_right,12,0.00193023681640625,1.0
38520_left,12,0.005077362060546875,1.0
38520_right,12,0.00406646728515625,1.0
38536_left,12,0.003742218017578125,1.0
38536_right,12,0.003826141357421875,1.0
38555_left,12,0.003437042236328125,1.0
38555_right,12,0.003360748291015625,1.0
38565_left,12,0.006229400634765625,1.0
38565_right,12,0.0050048828125,1.0
38566_left,12,0.004215240478515625,1.0
38566_right,12,0.00118255615234375,1.0
38567_left,12,0.003299713134765625,1.0
38567_right,12,0.00390625,1.0
38573_left,12,0.003696441650390625,1.0
38573_right,12,0.00519561767578125,1.0
38583_left,12,0.004650115966796875,1.0
38583_right,12,0.001800537109375,1.0
38597_left,12,0.00112152099609375,1.0
38597_right,12,0.005245208740234375,1.0
38622_left,12,0.002452850341796875,1.0
38622_right,12,0.000751495361328125,1.0
38670_left,12,0.00183868408203125,1.0
38670_right,12,0.0024261474609375,1.0
38686_left,12,0.00257110595703125,1.0
38686_right,12,0.0027008056640625,1.0
38694_left,12,0.002201080322265625,1.0
38694_right,12,0.001361846923828125,1.0
38708_left,12,0.002727508544921875,1.0
38708_right,12,0.0020294189453125,1.0
38758_left,12,0.00485992431640625,1.0
38758_right,12,0.003063201904296875,1.0
38796_left,12,0.003124237060546875,1.0
38796_right,12,0.001560211181640625,1.0
38825_left,12,0.00232696533203125,1.0
38825_right,12,0.005199432373046875,1.0
38829_left,12,0.00324249267578125,1.0
38829_right,12,0.00411224365234375,1.0
38839_left,12,0.001708984375,1.0
38839_right,12,0.003490447998046875,1.0
38844_left,12,0.001873016357421875,1.0
38844_right,12,0.00252532958984375,1.0
38877_left,12,0.004070281982421875,1.0
38877_right,12,0.003055572509765625,1.0
38882_left,12,0.002826690673828125,1.0
38882_right,12,0.0036773681640625,1.0
38890_left,12,0.003498077392578125,1.0
38890_right,12,0.003116607666015625,1.0
38907_left,12,0.001953125,1.0
38907_right,12,0.0021514892578125,1.0
38994_left,12,0.002201080322265625,1.0
38994_right,12,0.001758575439453125,1.0
39009_left,12,0.00237274169921875,1.0
39009_right,12,0.002582550048828125,1.0
39010_left,12,0.002307891845703125,1.0
39010_right,12,0.00283050537109375,1.0
39011_left,12,0.002288818359375,1.0
39011_right,12,0.0015106201171875,1.0
39018_left,12,0.00211334228515625,1.0
39018_right,12,0.001918792724609375,1.0
39022_left,12,0.002849578857421875,1.0
39022_right,12,0.001277923583984375,1.0
39023_left,12,0.002460479736328125,1.0
39023_right,12,0.002178192138671875,1.0
39026_left,12,0.00323486328125,1.0
39026_right,12,0.003143310546875,1.0
39033_left,12,0.002696990966796875,1.0
39033_right,12,0.00238037109375,1.0
39046_left,12,0.002117156982421875,1.0
39046_right,12,0.002635955810546875,1.0
39120_left,12,0.0015716552734375,1.0
39120_right,12,0.001953125,1.0
39127_left,12,0.002410888671875,1.0
39127_right,12,0.0023345947265625,1.0
39139_left,12,0.001678466796875,1.0
39139_right,12,0.001911163330078125,1.0
39150_left,12,0.001155853271484375,1.0
39150_right,12,0.002658843994140625,1.0
39154_left,12,0.00262451171875,1.0
39154_right,12,0.002117156982421875,1.0
39166_left,12,0.00130462646484375,1.0
39166_right,12,0.00373077392578125,1.0
39185_left,12,0.0034027099609375,1.0
39185_right,12,0.001682281494140625,1.0
39195_left,12,0.0012664794921875,1.0
39195_right,12,0.002483367919921875,1.0
39208_left,12,0.004180908203125,1.0
39208_right,12,0.004596710205078125,1.0
39249_left,12,0.0028533935546875,1.0
39249_right,12,0.002742767333984375,1.0
39250_left,12,0.005184173583984375,1.0
39250_right,12,0.004062652587890625,1.0
39272_left,12,0.004116058349609375,1.0
39272_right,12,0.002017974853515625,1.0
39284_left,12,0.001018524169921875,1.0
39284_right,12,0.003021240234375,1.0
39298_left,12,0.0012359619140625,1.0
39298_right,12,0.001811981201171875,1.0
39325_left,12,0.00308990478515625,1.0
39325_right,12,0.00376129150390625,1.0
39338_left,12,0.005039215087890625,1.0
39338_right,12,0.003063201904296875,1.0
39343_left,12,0.004375457763671875,1.0
39343_right,11,0.001373291015625,1.0
39352_left,12,0.0034027099609375,1.0
39352_right,12,0.003032684326171875,1.0
39356_left,12,0.003131866455078125,1.0
39356_right,12,0.003978729248046875,1.0
39370_left,12,0.00222015380859375,1.0
39370_right,12,0.00439453125,1.0
39379_left,12,0.003204345703125,1.0
39379_right,12,0.002521514892578125,1.0
39398_left,12,0.001293182373046875,1.0
39398_right,12,0.004253387451171875,1.0
39401_left,12,0.004886627197265625,1.0
39401_right,12,0.0041046142578125,1.0
39402_left,12,0.00428009033203125,1.0
39402_right,12,0.00325775146484375,1.0
39417_left,12,0.001285552978515625,1.0
39417_right,12,0.00159454345703125,1.0
39465_left,12,0.00299072265625,1.0
39465_right,12,0.003200531005859375,1.0
39468_left,12,0.001323699951171875,1.0
39468_right,12,0.002777099609375,1.0
39496_left,12,0.00414276123046875,1.0
39496_right,12,0.003681182861328125,1.0
39505_left,12,0.003940582275390625,1.0
39505_right,12,0.00284576416015625,1.0
39521_left,12,0.001262664794921875,1.0
39521_right,12,0.00222015380859375,1.0
39530_left,12,0.001617431640625,1.0
39530_right,12,0.004467010498046875,1.0
39542_left,12,0.002422332763671875,1.0
39542_right,12,0.003631591796875,1.0
39591_left,12,0.00438690185546875,1.0
39591_right,12,0.005950927734375,1.0
39637_left,12,0.002964019775390625,1.0
39637_right,12,0.002017974853515625,1.0
39664_left,12,0.0026092529296875,1.0
39664_right,12,0.002033233642578125,1.0
39668_left,12,0.00444793701171875,1.0
39668_right,12,0.002105712890625,1.0
39676_left,12,0.00096893310546875,1.0
39676_right,12,0.00144195556640625,1.0
39679_left,12,0.004467010498046875,1.0
39679_right,12,0.0019073486328125,1.0
39714_left,12,0.004978179931640625,1.0
39714_right,12,0.002849578857421875,1.0
39751_left,12,0.0005950927734375,0.96875
39751_right,12,0.002166748046875,1.0
39763_left,12,0.003795623779296875,1.0
39763_right,12,0.003337860107421875,1.0
39773_left,12,0.0019989013671875,1.0
39773_right,12,0.00363922119140625,1.0
39833_left,12,0.001949310302734375,1.0
39833_right,12,0.002532958984375,1.0
39864_left,12,0.00234222412109375,1.0
39864_right,12,0.002750396728515625,1.0
39885_left,12,0.000743865966796875,1.0
39885_right,12,0.00240325927734375,1.0
39908_left,12,0.006237030029296875,1.0
39908_right,12,0.0053863525390625,1.0
39964_left,12,0.00276947021484375,1.0
39964_right,12,0.00389862060546875,1.0
39969_left,12,0.00262451171875,1.0
39969_right,12,0.00301361083984375,1.0
39970_left,12,0.002613067626953125,1.0
39970_right,12,0.004909515380859375,1.0
40049_left,12,0.002185821533203125,1.0
40049_right,12,0.00376129150390625,1.0
40052_left,12,0.003467559814453125,1.0
40052_right,12,0.0027618408203125,1.0
40085_left,12,0.002460479736328125,1.0
40085_right,12,0.00261688232421875,1.0
40089_left,12,0.003520965576171875,1.0
40089_right,12,0.0063018798828125,1.0
40098_left,12,0.005641937255859375,1.0
40098_right,12,0.002330780029296875,1.0
40116_left,12,0.001697540283203125,1.0
40116_right,12,0.001361846923828125,1.0
40120_left,12,0.003650665283203125,1.0
40120_right,12,0.003421783447265625,1.0
40186_left,12,0.00450897216796875,1.0
40186_right,12,0.002838134765625,1.0
40197_left,12,0.004070281982421875,1.0
40197_right,12,0.003993988037109375,1.0
40198_left,12,0.001888275146484375,1.0
40198_right,12,0.003253936767578125,1.0
40202_left,12,0.00159454345703125,1.0
40202_right,12,0.005367279052734375,1.0
40212_left,12,0.004150390625,1.0
40212_right,12,0.002750396728515625,1.0
40250_left,12,0.004695892333984375,1.0
40250_right,12,0.002048492431640625,1.0
40267_left,12,0.001834869384765625,1.0
40267_right,12,0.00231170654296875,1.0
40284_left,12,0.003993988037109375,1.0
40284_right,12,0.003482818603515625,1.0
40308_left,12,0.0026092529296875,1.0
40308_right,12,0.003631591796875,1.0
40318_left,12,0.00247955322265625,1.0
40318_right,12,0.002948760986328125,1.0
40348_left,12,0.000843048095703125,1.0
40348_right,12,0.003406524658203125,1.0
40354_left,12,0.002254486083984375,1.0
40354_right,12,0.0012359619140625,1.0
40377_left,12,0.000606536865234375,0.84765625
40377_right,12,0.0017242431640625,1.0
40384_left,12,0.000766754150390625,1.0
40384_right,12,0.0018310546875,1.0
40390_left,12,0.002132415771484375,1.0
40390_right,12,0.001552581787109375,1.0
40396_left,12,0.002872467041015625,1.0
40396_right,12,0.000629425048828125,1.0
40438_left,12,0.00348663330078125,1.0
40438_right,12,0.002803802490234375,1.0
40447_left,12,0.003631591796875,1.0
40447_right,12,0.00232696533203125,1.0
40468_left,12,0.003925323486328125,1.0
40468_right,12,0.00176239013671875,1.0
40482_left,12,0.001453399658203125,1.0
40482_right,12,0.0023651123046875,1.0
40487_left,12,0.00218963623046875,1.0
40487_right,12,0.002513885498046875,1.0
40534_left,12,0.000823974609375,1.0
40534_right,12,0.00052642822265625,0.8828125
40538_left,12,0.00281524658203125,1.0
40538_right,12,0.002483367919921875,1.0
40545_left,12,0.003673553466796875,1.0
40545_right,12,0.00360870361328125,1.0
40552_left,12,0.0021209716796875,1.0
40552_right,12,0.0029144287109375,1.0
40575_left,12,0.002010345458984375,1.0
40575_right,12,0.002223968505859375,1.0
40597_left,12,0.0033111572265625,1.0
40597_right,12,0.00220489501953125,1.0
40603_left,12,0.001338958740234375,1.0
40603_right,12,0.00260162353515625,1.0
40612_left,12,0.00272369384765625,1.0
40612_right,12,0.002796173095703125,1.0
40622_left,12,0.00254058837890625,1.0
40622_right,12,0.00193023681640625,1.0
40650_left,12,0.002628326416015625,1.0
40650_right,12,0.003509521484375,1.0
40703_left,12,0.001422882080078125,1.0
40703_right,12,0.003337860107421875,1.0
40765_left,12,0.003261566162109375,1.0
40765_right,12,0.001277923583984375,1.0
40777_left,12,0.002811431884765625,1.0
40777_right,12,0.003055572509765625,1.0
40780_left,12,0.003177642822265625,1.0
40780_right,12,0.001659393310546875,1.0
40787_left,12,0.00363922119140625,1.0
40787_right,12,0.001972198486328125,1.0
40791_left,12,0.00374603271484375,1.0
40791_right,12,0.003871917724609375,1.0
40808_left,12,0.006256103515625,1.0
40808_right,12,0.00325775146484375,1.0
40821_left,12,0.002227783203125,1.0
40821_right,12,0.003429412841796875,1.0
40831_left,12,0.0014801025390625,1.0
40831_right,12,0.0025482177734375,1.0
40837_left,12,0.00188446044921875,1.0
40837_right,12,0.00213623046875,1.0
40847_left,12,0.001434326171875,1.0
40847_right,12,0.001552581787109375,1.0
40864_left,12,0.003910064697265625,1.0
40864_right,12,0.002849578857421875,1.0
40866_left,12,0.005054473876953125,1.0
40866_right,12,0.002468109130859375,1.0
40873_left,12,0.002300262451171875,1.0
40873_right,12,0.0022735595703125,1.0
40894_left,12,0.00370025634765625,1.0
40894_right,12,0.001766204833984375,1.0
40911_left,12,0.005886077880859375,1.0
40911_right,12,0.00136566162109375,1.0
40934_left,12,0.00185394287109375,1.0
40934_right,12,0.002696990966796875,1.0
40940_left,12,0.0027923583984375,1.0
40940_right,12,0.001003265380859375,1.0
40965_left,12,0.00179290771484375,1.0
40965_right,12,0.004177093505859375,1.0
41012_left,12,0.0031890869140625,1.0
41012_right,12,0.00409698486328125,1.0
41013_left,12,0.002582550048828125,1.0
41013_right,12,0.002529144287109375,1.0
41021_left,12,0.0012969970703125,1.0
41021_right,12,0.0012969970703125,1.0
41032_left,12,0.00518798828125,1.0
41032_right,12,0.003337860107421875,1.0
41035_left,12,0.00225067138671875,1.0
41035_right,12,0.002475738525390625,1.0
41057_left,12,0.003467559814453125,1.0
41057_right,12,0.001689910888671875,1.0
41060_left,12,0.002368927001953125,1.0
41060_right,12,0.003307342529296875,1.0
41067_left,12,0.0041046142578125,1.0
41067_right,12,0.001708984375,1.0
41074_left,12,0.004184722900390625,1.0
41074_right,12,0.00215911865234375,1.0
41076_left,12,0.00479888916015625,1.0
41076_right,12,0.00511932373046875,1.0
41079_left,12,0.003025054931640625,1.0
41079_right,12,0.0025787353515625,1.0
41105_left,12,0.002147674560546875,1.0
41105_right,12,0.001987457275390625,1.0
41109_left,12,0.001911163330078125,1.0
41109_right,12,0.000843048095703125,1.0
41116_left,12,0.003574371337890625,1.0
41116_right,12,0.00516510009765625,1.0
41188_left,12,0.00383758544921875,1.0
41188_right,12,0.004230499267578125,1.0
41199_left,12,0.00258636474609375,1.0
41199_right,12,0.00366973876953125,1.0
41212_left,12,0.003086090087890625,1.0
41212_right,12,0.002227783203125,1.0
41219_left,12,0.004482269287109375,1.0
41219_right,12,0.001483917236328125,1.0
41233_left,12,0.002368927001953125,1.0
41233_right,12,0.003894805908203125,1.0
41235_left,12,0.00060272216796875,1.0
41235_right,12,0.003650665283203125,1.0
41250_left,12,0.00324249267578125,1.0
41250_right,12,0.002437591552734375,1.0
41280_left,12,0.003055572509765625,1.0
41280_right,12,0.0021514892578125,1.0
41289_left,12,0.002246856689453125,1.0
41289_right,12,0.003238677978515625,1.0
41302_left,12,0.001392364501953125,1.0
41302_right,12,0.003448486328125,1.0
41317_left,12,0.001697540283203125,1.0
41317_right,12,0.002292633056640625,1.0
41325_left,12,0.00299072265625,1.0
41325_right,12,0.00365447998046875,1.0
41332_left,12,0.002643585205078125,1.0
41332_right,12,0.001285552978515625,1.0
41351_left,12,0.001995086669921875,1.0
41351_right,12,0.003604888916015625,1.0
41375_left,12,0.002964019775390625,1.0
41375_right,12,0.004123687744140625,1.0
41399_left,12,0.00141143798828125,1.0
41399_right,12,0.00379180908203125,1.0
41425_left,12,0.002033233642578125,1.0
41425_right,12,0.0046844482421875,1.0
41438_left,12,0.003528594970703125,1.0
41438_right,12,0.00333404541015625,1.0
41457_left,12,0.001590728759765625,1.0
41457_right,12,0.002658843994140625,1.0
41473_left,12,0.00400543212890625,1.0
41473_right,12,0.003337860107421875,1.0
41485_left,12,0.00084686279296875,1.0
41485_right,7,0.00152587890625,1.0
41514_left,12,0.002803802490234375,1.0
41514_right,12,0.00466156005859375,1.0
41517_left,12,0.005084991455078125,1.0
41517_right,12,0.00299835205078125,1.0
41564_left,12,0.001995086669921875,1.0
41564_right,12,0.002452850341796875,1.0
41622_left,12,0.002803802490234375,1.0
41622_right,12,0.003856658935546875,1.0
41623_left,12,0.001697540283203125,1.0
41623_right,12,0.003948211669921875,1.0
41627_left,12,0.004116058349609375,1.0
41627_right,12,0.002330780029296875,1.0
41681_left,12,0.00263214111328125,1.0
41681_right,12,0.00196075439453125,1.0
41688_left,12,0.00240325927734375,1.0
41688_right,12,0.00397491455078125,1.0
41700_left,12,0.002674102783203125,1.0
41700_right,12,0.003208160400390625,1.0
41717_left,12,0.0061187744140625,1.0
41717_right,12,0.0043182373046875,1.0
41749_left,12,0.00270843505859375,1.0
41749_right,12,0.00412750244140625,1.0
41770_left,12,0.00412750244140625,1.0
41770_right,12,0.005352020263671875,1.0
41778_left,12,0.00189971923828125,1.0
41778_right,12,0.00287628173828125,1.0
41804_left,12,0.001888275146484375,1.0
41804_right,12,0.002170562744140625,1.0
41849_left,12,0.00072479248046875,1.0
41849_right,12,0.002040863037109375,1.0
41852_left,12,0.00405120849609375,1.0
41852_right,12,0.003742218017578125,1.0
41877_left,12,0.00351715087890625,1.0
41877_right,12,0.00458526611328125,1.0
41881_left,12,0.001651763916015625,1.0
41881_right,12,0.00115966796875,1.0
41891_left,12,0.00362396240234375,1.0
41891_right,12,0.001949310302734375,1.0
41914_left,12,0.0021514892578125,1.0
41914_right,12,0.003662109375,1.0
41922_left,12,0.003559112548828125,1.0
41922_right,12,0.001495361328125,1.0
41950_left,12,0.001438140869140625,1.0
41950_right,12,0.005939483642578125,1.0
41960_left,12,0.0031280517578125,1.0
41960_right,12,0.0030059814453125,1.0
41993_left,12,0.002277374267578125,1.0
41993_right,12,0.003261566162109375,1.0
42010_left,12,0.00243377685546875,1.0
42010_right,12,0.00215911865234375,1.0
42058_left,12,0.00438690185546875,1.0
42058_right,12,0.00229644775390625,1.0
42084_left,12,0.00366973876953125,1.0
42084_right,12,0.002986907958984375,1.0
42087_left,12,0.00403594970703125,1.0
42087_right,12,0.003330230712890625,1.0
42109_left,12,0.002994537353515625,1.0
42109_right,12,0.003093719482421875,1.0
42137_left,12,0.00417327880859375,1.0
42137_right,12,0.001575469970703125,1.0
42164_left,12,0.0019073486328125,1.0
42164_right,12,0.0013580322265625,1.0
42178_left,12,0.004192352294921875,1.0
42178_right,12,0.004856109619140625,1.0
42183_left,12,0.0013580322265625,1.0
42183_right,12,0.002765655517578125,1.0
42206_left,12,0.00292205810546875,1.0
42206_right,12,0.003406524658203125,1.0
42219_left,12,0.00222015380859375,1.0
42219_right,12,0.00426483154296875,1.0
42272_left,12,0.003849029541015625,1.0
42272_right,12,0.00279998779296875,1.0
42298_left,12,0.00498199462890625,1.0
42298_right,12,0.0025787353515625,1.0
42341_left,12,0.00121307373046875,1.0
42341_right,12,0.00063323974609375,1.0
42361_left,12,0.002841949462890625,1.0
42361_right,12,0.002155303955078125,1.0
42365_left,12,0.00391387939453125,1.0
42365_right,12,0.002033233642578125,1.0
42382_left,12,0.0041656494140625,1.0
42382_right,12,0.0016326904296875,1.0
42387_left,12,0.002948760986328125,1.0
42387_right,12,0.002101898193359375,1.0
42392_left,12,0.00334930419921875,1.0
42392_right,12,0.00417327880859375,1.0
42393_left,12,0.004932403564453125,1.0
42393_right,12,0.003265380859375,1.0
42413_left,12,0.001003265380859375,1.0
42413_right,12,0.00109100341796875,1.0
42471_left,12,0.002857208251953125,1.0
42471_right,12,0.0019989013671875,1.0
42481_left,12,0.0032196044921875,1.0
42481_right,12,0.002193450927734375,1.0
42495_left,12,0.00321197509765625,1.0
42495_right,12,0.00313568115234375,1.0
42503_left,12,0.002349853515625,1.0
42503_right,12,0.002300262451171875,1.0
42506_left,12,0.003124237060546875,1.0
42506_right,12,0.00478363037109375,1.0
42519_left,12,0.002803802490234375,1.0
42519_right,12,0.004932403564453125,1.0
42536_left,12,0.001499176025390625,1.0
42536_right,12,0.001922607421875,1.0
42544_left,12,0.00226593017578125,1.0
42544_right,12,0.003322601318359375,1.0
42557_left,12,0.005435943603515625,1.0
42557_right,12,0.00289154052734375,1.0
42596_left,12,0.00232696533203125,1.0
42596_right,12,0.00370025634765625,1.0
42615_left,12,0.00264739990234375,1.0
42615_right,12,0.0030670166015625,1.0
42625_left,12,0.001300811767578125,1.0
42625_right,12,0.00345611572265625,1.0
42634_left,12,0.00244140625,1.0
42634_right,12,0.00382232666015625,1.0
42653_left,12,0.003902435302734375,1.0
42653_right,12,0.00177764892578125,1.0
42658_left,12,0.00173187255859375,1.0
42658_right,12,0.00342559814453125,1.0
42700_left,12,0.002826690673828125,1.0
42700_right,12,0.002044677734375,1.0
42710_left,12,0.002712249755859375,1.0
42710_right,12,0.00315093994140625,1.0
42715_left,12,0.00366973876953125,1.0
42715_right,12,0.0018463134765625,1.0
42749_left,12,0.001995086669921875,1.0
42749_right,12,0.00186920166015625,1.0
42753_left,12,0.002376556396484375,1.0
42753_right,12,0.003528594970703125,1.0
42761_left,12,0.00261688232421875,1.0
42761_right,12,0.002620697021484375,1.0
42782_left,12,0.00299835205078125,1.0
42782_right,12,0.0018463134765625,1.0
42881_left,12,0.003875732421875,1.0
42881_right,12,0.003139495849609375,1.0
42908_left,12,0.004039764404296875,1.0
42908_right,12,0.001651763916015625,1.0
42912_left,12,0.002101898193359375,1.0
42912_right,12,0.0040130615234375,1.0
42921_left,12,0.004299163818359375,1.0
42921_right,12,0.002857208251953125,1.0
42944_left,12,0.003631591796875,1.0
42944_right,12,0.003582000732421875,1.0
42947_left,12,0.002315521240234375,1.0
42947_right,12,0.002422332763671875,1.0
42954_left,12,0.002796173095703125,1.0
42954_right,12,0.002170562744140625,1.0
42968_left,12,0.00173187255859375,1.0
42968_right,12,0.0039520263671875,1.0
42970_left,12,0.002368927001953125,1.0
42970_right,12,0.002620697021484375,1.0
42981_left,12,0.002941131591796875,1.0
42981_right,12,0.004970550537109375,1.0
42997_left,12,0.00457763671875,1.0
42997_right,12,0.006122589111328125,1.0
43005_left,12,0.001476287841796875,1.0
43005_right,12,0.001186370849609375,1.0
43006_left,12,0.0053863525390625,1.0
43006_right,12,0.00366973876953125,1.0
43021_left,12,0.0028076171875,1.0
43021_right,12,0.004970550537109375,1.0
43024_left,12,0.003604888916015625,1.0
43024_right,12,0.00417327880859375,1.0
43033_left,12,0.001941680908203125,1.0
43033_right,12,0.0016632080078125,1.0
43040_left,12,0.0028839111328125,1.0
43040_right,12,0.001766204833984375,1.0
43062_left,12,0.001857757568359375,1.0
43062_right,12,0.00318145751953125,1.0
43077_left,12,0.00347137451171875,1.0
43077_right,12,0.002166748046875,1.0
43124_left,12,0.00261688232421875,1.0
43124_right,12,0.0030975341796875,1.0
43131_left,12,0.00392913818359375,1.0
43131_right,12,0.00305938720703125,1.0
43141_left,12,0.003414154052734375,1.0
43141_right,12,0.002269744873046875,1.0
43153_left,12,0.004734039306640625,1.0
43153_right,12,0.002536773681640625,1.0
43158_left,12,0.00145721435546875,1.0
43158_right,12,0.0027618408203125,1.0
43163_left,12,0.003940582275390625,1.0
43163_right,12,0.00318145751953125,1.0
43166_left,12,0.002162933349609375,1.0
43166_right,12,0.00238800048828125,1.0
43167_left,12,0.00247955322265625,1.0
43167_right,12,0.002044677734375,1.0
43172_left,12,0.003124237060546875,1.0
43172_right,12,0.00447845458984375,1.0
43187_left,12,0.0007171630859375,0.96484375
43187_right,12,0.001033782958984375,1.0
43227_left,12,0.002498626708984375,1.0
43227_right,12,0.002956390380859375,1.0
43243_left,12,0.004032135009765625,1.0
43243_right,12,0.00286102294921875,1.0
43254_left,12,0.00379180908203125,1.0
43254_right,12,0.00208282470703125,1.0
43267_left,12,0.0027313232421875,1.0
43267_right,12,0.0038604736328125,1.0
43291_left,12,0.002651214599609375,1.0
43291_right,12,0.002685546875,1.0
43339_left,12,0.002536773681640625,1.0
43339_right,12,0.0008544921875,1.0
43340_left,12,0.0045928955078125,1.0
43340_right,12,0.003047943115234375,1.0
43354_left,12,0.002391815185546875,1.0
43354_right,12,0.0023040771484375,1.0
43355_left,12,0.00460052490234375,1.0
43355_right,12,0.002117156982421875,1.0
43357_left,12,0.00402069091796875,1.0
43357_right,12,0.000499725341796875,0.9375
43358_left,12,0.0045928955078125,1.0
43358_right,12,0.0036468505859375,1.0
43389_left,12,0.002719879150390625,1.0
43389_right,12,0.004772186279296875,1.0
43418_left,12,0.003902435302734375,1.0
43418_right,12,0.00312042236328125,1.0
43450_left,12,0.0031890869140625,1.0
43450_right,12,0.001800537109375,1.0
43491_left,12,0.001373291015625,1.0
43491_right,12,0.0031585693359375,1.0
43494_left,12,0.0038909912109375,1.0
43494_right,12,0.001636505126953125,1.0
43549_left,12,0.00262451171875,1.0
43549_right,12,0.004669189453125,1.0
43552_left,12,0.003063201904296875,1.0
43552_right,12,0.003543853759765625,1.0
43558_left,12,0.004528045654296875,1.0
43558_right,12,0.00353240966796875,1.0
43584_left,12,0.0039825439453125,1.0
43584_right,12,0.00473785400390625,1.0
43588_left,12,0.003749847412109375,1.0
43588_right,12,0.004405975341796875,1.0
43604_left,12,0.003353118896484375,1.0
43604_right,12,0.0031280517578125,1.0
43637_left,12,0.003261566162109375,1.0
43637_right,12,0.004497528076171875,1.0
43664_left,12,0.0035400390625,1.0
43664_right,12,0.00562286376953125,1.0
43687_left,12,0.002628326416015625,1.0
43687_right,12,0.0038604736328125,1.0
43699_left,12,0.004749298095703125,1.0
43699_right,12,0.004917144775390625,1.0
43729_left,12,0.00397491455078125,1.0
43729_right,12,0.00174713134765625,1.0
43741_left,12,0.004711151123046875,1.0
43741_right,12,0.002735137939453125,1.0
43758_left,12,0.0035858154296875,1.0
43758_right,12,0.002689361572265625,1.0
43770_left,12,0.00225830078125,1.0
43770_right,12,0.00312042236328125,1.0
43773_left,12,0.004852294921875,1.0
43773_right,12,0.001617431640625,1.0
43796_left,12,0.0019073486328125,1.0
43796_right,12,0.002063751220703125,1.0
43822_left,12,0.003162384033203125,1.0
43822_right,12,0.00261688232421875,1.0
43836_left,12,0.00212860107421875,1.0
43836_right,12,0.00234222412109375,1.0
43840_left,12,0.005096435546875,1.0
43840_right,12,0.00412750244140625,1.0
43872_left,12,0.005153656005859375,1.0
43872_right,12,0.004985809326171875,1.0
43887_left,12,0.00266265869140625,1.0
43887_right,12,0.002349853515625,1.0
43899_left,12,0.002300262451171875,1.0
43899_right,12,0.0015869140625,1.0
43933_left,12,0.002017974853515625,1.0
43933_right,12,0.0019378662109375,1.0
43935_left,12,0.00164031982421875,1.0
43935_right,12,0.0057525634765625,1.0
43980_left,12,0.002025604248046875,1.0
43980_right,12,0.0028076171875,1.0
43982_left,12,0.00270843505859375,1.0
43982_right,12,0.001682281494140625,1.0
43993_left,12,0.00397491455078125,1.0
43993_right,12,0.002788543701171875,1.0
43995_left,12,0.0030364990234375,1.0
43995_right,12,0.00179290771484375,1.0
44064_left,12,0.00225067138671875,1.0
44064_right,12,0.003566741943359375,1.0
44081_left,12,0.003376007080078125,1.0
44081_right,12,0.002498626708984375,1.0
44088_left,12,0.002346038818359375,1.0
44088_right,12,0.0028533935546875,1.0
44096_left,12,0.005458831787109375,1.0
44096_right,12,0.0029449462890625,1.0
44103_left,12,0.00347900390625,1.0
44103_right,12,0.00322723388671875,1.0
44134_left,12,0.0039520263671875,1.0
44134_right,12,0.004596710205078125,1.0
44178_left,12,0.002895355224609375,1.0
44178_right,12,0.00148773193359375,1.0
44221_left,12,0.0038909912109375,1.0
44221_right,12,0.0028076171875,1.0
44229_left,12,0.00194549560546875,1.0
44229_right,12,0.001094818115234375,1.0
44238_left,12,0.001438140869140625,1.0
44238_right,12,0.004100799560546875,1.0
44242_left,12,0.0025787353515625,1.0
44242_right,12,0.0042572021484375,1.0
44253_left,12,0.00106048583984375,1.0
44253_right,12,0.00513458251953125,1.0
44264_left,12,0.003360748291015625,1.0
44264_right,12,0.003231048583984375,1.0
44275_left,12,0.00357818603515625,1.0
44275_right,12,0.003299713134765625,1.0
44284_left,12,0.0022430419921875,1.0
44284_right,12,0.0032196044921875,1.0
44306_left,12,0.002071380615234375,1.0
44306_right,12,0.00299072265625,1.0
44308_left,12,0.00287628173828125,1.0
44308_right,12,0.00562286376953125,1.0
44327_left,12,0.002048492431640625,1.0
44327_right,12,0.0016021728515625,1.0
